Workbook

Sheet INPUT DATA
A1: Input Data Sheet for E-Class Record
C4: REGION | G4: XI | L4: DIVISION | O4: PANABO CITY
B5: SCHOOL NAME | G5: QUEZON NATIONAL HIGH SCHOOL | T5: SCHOOL ID | X5: 316405 | AD5: SCHOOL YEAR | AG5: 2025 - 2026
A7: FOURTH QUARTER | F7: GRADE & SECTION: | K7: 8 - ARIES | Q7: TEACHER: | S7: JENIVIVE ORTEGA PUNAY | AC7: SUBJECT:
B8: LEARNERS' NAMES
B11: MALE
A12: 1 | B12: ANUBLING, REGIE C.
A13: 2 | B13: BANGCOY, JOHN PAUL P.
A14: 3 | B14: BARRIENTOS, JOHN PAUL M.
A15: 4 | B15: BRIGOLE, ROMEL
A16: 5 | B16: BULAHAN,ROVIC L.
A17: 6 | B17: CIJAS, ROLIE JR. A.
A18: 7 | B18: GARCIA, DAVE P.
A19: 8 | B19: GONZALES, JAMES A.
A20: 9 | B20: LAGUNA, J.B. B.
A21: 10 | B21: LARODA, STEVEN S.
A22: 11 | B22: MERINO, SEDRIK R.
A23: 12 | B23: MONTERAS, VINCENT S.
... A31: 20 | B31: ZOILO, JOHN LORENCE M.
A32: 21
A33: 22
A34: 23
A35: 24
A36: 25
A37: 26
A38: 27 | C38: 0 | D38: 0 | E38: 0
A39: 28
A40: 29
A41: 30
A42: 31
A43: 32
A44: 33
A45: 34
A46: 35
A47: 36
A48: 37
A49: 38
A50: 39
A51: 21 | B51: CABO, JEREM CARL B.
B52: FEMALE
A53: 1 | B53: ANGCOY, PRINCESS NAILLE T.
A54: 2 | B54: BIMOS, SHEILLA KATE O.
A55: 3 | B55: BONGABONG, DWEYN ZHAIRA A.
A56: 4 | B56: CABEL, LOURENE A.
A57: 5 | B57: CAMIGAO, DHENISE CLARE V.
A58: 6 | B58: CARISMA, NATHALIA MAE M.
A59: 7 | B59: CLARO, REANZ P.
A60: 8 | B60: FRANCISCO, YSABELLA BEATRICE B.
A61: 9 | B61: GALDO, ALYSSA RHIAN P.
A62: 10 | B62: HURAÑO, RIOMI M.
A63: 11 | B63: LAGUNA, WELLAIZA O.
A64: 12 | B64: LAZAGA, PRINCESS JEAN O.
... A74: 22 | B74: ROSALES, RYZA MAE C.
A75: 23
A76: 24
A77: 25

Sheet FILIPINO
A1: Summary of Quarterly Grades
C5: REGION | G5: XI | L5: DIVISION | O5: Panabo City
B6: SCHOOL NAME | G6: QUEZON NATIONAL HIGH SCHOOL | S6: SCHOOL ID | W6: 316405
B7: LEARNERS' NAMES | F7: GRADE & SECTION: | K7: ='INPUT DATA'!K7 -> 8 - ARIES | S7: SCHOOL YEAR: | W7: ='INPUT DATA'!AG5 -> 2025 - 2026
F8: TEACHER: | K8: JENIVIVE ORTEGA PUNAY | S8: SUBJECT: | W8: FILIPINO
F9: FILIPINO | J9: FILIPINO | N9: FILIPINO | R9: FILIPINO | V9: FINAL | Z9: REMARK
F10: 1st Quarter | J10: 2nd Quarter | N10: 3rd Quarter | R10: 4th Quarter | V10: GRADE
B11: MALE
A12: 1 | B12: ='INPUT DATA'!B12:D12 -> ANUBLING, REGIE C. | F12: 75 | J12: 75 | N12: 78 | R12: 75 | V12: =SUM(F12,J12,N12,R12)/4 -> 75.75 | Z12: =IF(V12>=75,"PASSED","FAILED") -> PASSED
A13: 2 | B13: ='INPUT DATA'!B13:D13 -> BANGCOY, JOHN PAUL P. | F13: 60 | J13: 60 | N13: 60 | R13: 60 | V13: =SUM(F13,J13,N13,R13)/4 -> 60 | Z13: =IF(V13>=75,"PASSED","FAILED") -> FAILED
A14: 3 | B14: ='INPUT DATA'!B14:D14 -> BARRIENTOS, JOHN PAUL M. | F14: 90 | J14: 85 | N14: 93 | R14: 95 | V14: =SUM(F14,J14,N14,R14)/4 -> 90.75 | Z14: =IF(V14>=75,"PASSED","FAILED") -> PASSED
A15: 4 | B15: ='INPUT DATA'!B15:D15 -> BRIGOLE, ROMEL | F15: 75 | J15: 75 | N15: 65 | R15: 65 | V15: =SUM(F15,J15,N15,R15)/4 -> 70 | Z15: =IF(V15>=75,"PASSED","FAILED") -> FAILED
A16: 5 | B16: ='INPUT DATA'!B16:D16 -> BULAHAN,ROVIC L. | F16: 91 | J16: 92 | N16: 89 | R16: 91 | V16: =SUM(F16,J16,N16,R16)/4 -> 90.75 | Z16: =IF(V16>=75,"PASSED","FAILED") -> PASSED
A17: 6 | B17: ='INPUT DATA'!B17:D17 -> CIJAS, ROLIE JR. A. | F17: 87 | J17: 84 | N17: 86 | R17: 94 | V17: =SUM(F17,J17,N17,R17)/4 -> 87.75 | Z17: =IF(V17>=75,"PASSED","FAILED") -> PASSED
A18: 7 | B18: ='INPUT DATA'!B18:D18 -> GARCIA, DAVE P. | F18: 86 | J18: 78 | N18: 74 | R18: 85 | V18: =SUM(F18,J18,N18,R18)/4 -> 80.75 | Z18: =IF(V18>=75,"PASSED","FAILED") -> PASSED
A19: 8 | B19: ='INPUT DATA'!B19:C19 -> GONZALES, JAMES A. | F19: 80 | J19: 78 | N19: 85 | R19: 85 | V19: =SUM(F19,J19,N19,R19)/4 -> 82 | Z19: =IF(V19>=75,"PASSED","FAILED") -> PASSED
A20: 9 | B20: ='INPUT DATA'!B20:D20 -> LAGUNA, J.B. B. | D20: 0 | F20: 85 | J20: 88 | N20: 80 | R20: 94 | V20: =SUM(F20,J20,N20,R20)/4 -> 86.75 | Z20: =IF(V20>=75,"PASSED","FAILED") -> PASSED
A21: 10 | B21: ='INPUT DATA'!B21:D21 -> LARODA, STEVEN S. | F21: 75 | J21: 79 | N21: 82 | R21: 85 | V21: =SUM(F21,J21,N21,R21)/4 -> 80.25 | Z21: =IF(V21>=75,"PASSED","FAILED") -> PASSED
A22: 11 | B22: ='INPUT DATA'!B22:D22 -> MERINO, SEDRIK R. | F22: 74 | J22: 75 | N22: 74 | R22: 78 | V22: =SUM(F22,J22,N22,R22)/4 -> 75.25 | Z22: =IF(V22>=75,"PASSED","FAILED") -> PASSED
A23: 12 | B23: ='INPUT DATA'!B23:D23 -> MONTERAS, VINCENT S. | D23: 0 | F23: 85 | J23: 77 | N23: 76 | R23: 73 | V23: =SUM(F23,J23,N23,R23)/4 -> 77.75 | Z23: =IF(V23>=75,"PASSED","FAILED") -> PASSED
A24: 13 | B24: ='INPUT DATA'!B24:D24 -> NACAWILI, ANDRIE L. | F24: 85 | J24: 85 | N24: 82 | R24: 82 | V24: =SUM(F24,J24,N24,R24)/4 -> 83.5 | Z24: =IF(V24>=75,"PASSED","FAILED") -> PASSED
A25: 14 | B25: ='INPUT DATA'!B25:D25 -> OLIVERIO, CYREL JAY G. | F25: 70 | J25: 74 | N25: 72 | R25: 65 | V25: =SUM(F25,J25,N25,R25)/4 -> 70.25 | Z25: =IF(V25>=75,"PASSED","FAILED") -> FAILED
A26: 15 | B26: ='INPUT DATA'!B26:D26 -> ORBITA,BRENN JOHN A. | F26: 84 | J26: 78 | N26: 88 | R26: 77 | V26: =SUM(F26,J26,N26,R26)/4 -> 81.75 | Z26: =IF(V26>=75,"PASSED","FAILED") -> PASSED
A27: 16 | B27: ='INPUT DATA'!B27:D27 -> PAINLO,SHERWIN V. | F27: 90 | J27: 92 | N27: 94 | R27: 95 | V27: =SUM(F27,J27,N27,R27)/4 -> 92.75 | Z27: =IF(V27>=75,"PASSED","FAILED") -> PASSED
A28: 17 | B28: ='INPUT DATA'!B28:D28 -> RAMIREZ, MATTEO JOHN DAVE D. | F28: 70 | J28: 60 | N28: 60 | R28: 60 | V28: =SUM(F28,J28,N28,R28)/4 -> 62.5 | Z28: =IF(V28>=75,"PASSED","FAILED") -> FAILED
A29: 18 | B29: ='INPUT DATA'!B29:D29 -> SIGUIRA, JASTINE B. | F29: 75 | J29: 60 | N29: 60 | R29: 60 | V29: =SUM(F29,J29,N29,R29)/4 -> 63.75 | Z29: =IF(V29>=75,"PASSED","FAILED") -> FAILED
A30: 19 | B30: ='INPUT DATA'!B30:D30 -> TAA, JHONVINZ Y. | F30: 75 | J30: 74 | N30: 73 | R30: 76 | V30: =SUM(F30,J30,N30,R30)/4 -> 74.5 | Z30: =IF(V30>=75,"PASSED","FAILED") -> FAILED
A31: 20 | B31: ='INPUT DATA'!B31:D31 -> ZOILO, JOHN LORENCE M. | F31: 84 | J31: 79 | N31: 88 | R31: 89 | V31: =SUM(F31,J31,N31,R31)/4 -> 85 | Z31: =IF(V31>=75,"PASSED","FAILED") -> PASSED
A32: 21 | B32: CABO, JEREM | F32: 81 | J32: 78 | N32: 78 | R32: 76 | V32: =SUM(F32,J32,N32,R32)/4 -> 78.25 | Z32: =IF(V32>=75,"PASSED","FAILED") -> PASSED
A33: 22 | B33: ='INPUT DATA'!B33:D33 -> 0 | V33: =SUM(F33,J33,N33,R33)/4 -> 0 | Z33: =IF(V33>=75,"PASSED","FAILED") -> FAILED
A34: 23 | B34: ='INPUT DATA'!B34:D34 -> 0 | V34: =SUM(F34,J34,N34,R34)/4 -> 0 | Z34: =IF(V34>=75,"PASSED","FAILED") -> FAILED
A35: 24 | B35: ='INPUT DATA'!B35:D35 -> 0 | V35: =SUM(F35,J35,N35,R35)/4 -> 0 | Z35: =IF(V35>=75,"PASSED","FAILED") -> FAILED
A36: 25 | B36: ='INPUT DATA'!B36:D36 -> 0 | V36: =SUM(F36,J36,N36,R36)/4 -> 0 | Z36: =IF(V36>=75,"PASSED","FAILED") -> FAILED
A37: 26 | B37: ='INPUT DATA'!B37:D37 -> 0 | V37: =SUM(F37,J37,N37,R37)/4 -> 0 | Z37: =IF(V37>=75,"PASSED","FAILED") -> FAILED
A38: 31 | B38: ='INPUT DATA'!B42:D42 -> 0 | V38: =SUM(F38,J38,N38,R38)/4 -> 0 | Z38: =IF(V38>=75,"PASSED","FAILED") -> FAILED
A39: 32 | B39: ='INPUT DATA'!B43:D43 -> 0 | V39: =SUM(F39,J39,N39,R39)/4 -> 0 | Z39: =IF(V39>=75,"PASSED","FAILED") -> FAILED
A40: 33 | B40: ='INPUT DATA'!B44:D44 -> 0 | V40: =SUM(F40,J40,N40,R40)/4 -> 0 | Z40: =IF(V40>=75,"PASSED","FAILED") -> FAILED
A41: 34 | B41: ='INPUT DATA'!B45:D45 -> 0 | Z41: =IF(V41>=75,"PASSED","FAILED") -> FAILED
A42: 35 | B42: ='INPUT DATA'!B46:D46 -> 0 | Z42: =IF(V42>=75,"PASSED","FAILED") -> FAILED
A43: 36 | B43: ='INPUT DATA'!B47:D47 -> 0 | Z43: =IF(V43>=75,"PASSED","FAILED") -> FAILED
A44: 37 | B44: ='INPUT DATA'!B48:D48 -> 0 | Z44: =IF(V44>=75,"PASSED","FAILED") -> FAILED
A45: 38 | B45: ='INPUT DATA'!B49:D49 -> 0 | Z45: =IF(V45>=75,"PASSED","FAILED") -> FAILED
A46: 39 | B46: ='INPUT DATA'!B50:D50 -> 0 | Z46: =IF(V46>=75,"PASSED","FAILED") -> FAILED
B47: FEMALE
A48: 1 | B48: ='INPUT DATA'!B53:D53 -> ANGCOY, PRINCESS NAILLE T. | F48: 75 | J48: 83 | N48: 84 | R48: 89 | V48: =SUM(F48,J48,N48,R48)/4 -> 82.75 | Z48: =IF(V48>=75,"PASSED","FAILED") -> PASSED
A49: 2 | B49: ='INPUT DATA'!B54:D54 -> BIMOS, SHEILLA KATE O. | F49: 78 | J49: 77 | N49: 83 | R49: 87 | V49: =SUM(F49,J49,N49,R49)/4 -> 81.25 | Z49: =IF(V49>=75,"PASSED","FAILED") -> PASSED
A50: 3 | B50: ='INPUT DATA'!B55:D55 -> BONGABONG, DWEYN ZHAIRA A. | F50: 92 | J50: 85 | N50: 87 | R50: 92 | V50: =SUM(F50,J50,N50,R50)/4 -> 89 | Z50: =IF(V50>=75,"PASSED","FAILED") -> PASSED
A51: 4 | B51: ='INPUT DATA'!B56:D56 -> CABEL, LOURENE A. | F51: 93 | J51: 95 | N51: 87 | R51: 93 | V51: =SUM(F51,J51,N51,R51)/4 -> 92 | Z51: =IF(V51>=75,"PASSED","FAILED") -> PASSED
A52: 5 | B52: ='INPUT DATA'!B57:D57 -> CAMIGAO, DHENISE CLARE V. | F52: 87 | J52: 79 | N52: 77 | R52: 89 | V52: =SUM(F52,J52,N52,R52)/4 -> 83 | Z52: =IF(V52>=75,"PASSED","FAILED") -> PASSED
A53: 6 | B53: ='INPUT DATA'!B58:D58 -> CARISMA, NATHALIA MAE M. | F53: 88 | J53: 89 | N53: 89 | R53: 89 | V53: =SUM(F53,J53,N53,R53)/4 -> 88.75 | Z53: =IF(V53>=75,"PASSED","FAILED") -> PASSED
A54: 7 | B54: ='INPUT DATA'!B59:D59 -> CLARO, REANZ P. | F54: 84 | J54: 91 | N54: 78 | R54: 77 | V54: =SUM(F54,J54,N54,R54)/4 -> 82.5 | Z54: =IF(V54>=75,"PASSED","FAILED") -> PASSED
A55: 8 | B55: ='INPUT DATA'!B60:D60 -> FRANCISCO, YSABELLA BEATRICE B. | F55: 92 | J55: 92 | N55: 87 | R55: 96 | V55: =SUM(F55,J55,N55,R55)/4 -> 91.75 | Z55: =IF(V55>=75,"PASSED","FAILED") -> PASSED
A56: 9 | B56: ='INPUT DATA'!B61:D61 -> GALDO, ALYSSA RHIAN P. | F56: 80 | V56: =SUM(F56,J56,N56,R56)/4 -> 20 | Z56: =IF(V56>=75,"PASSED","FAILED") -> FAILED
A57: 10 | B57: ='INPUT DATA'!B62:D62 -> HURAÑO, RIOMI M. | F57: 88 | J57: 89 | N57: 87 | R57: 94 | V57: =SUM(F57,J57,N57,R57)/4 -> 89.5 | Z57: =IF(V57>=75,"PASSED","FAILED") -> PASSED
A58: 11 | B58: ='INPUT DATA'!B63:D63 -> LAGUNA, WELLAIZA O. | F58: 75 | V58: =SUM(F58,J58,N58,R58)/4 -> 18.75 | Z58: =IF(V58>=75,"PASSED","FAILED") -> FAILED
A59: 12 | B59: ='INPUT DATA'!B64:D64 -> LAZAGA, PRINCESS JEAN O. | F59: 85 | J59: 88 | N59: 88 | R59: 90 | V59: =SUM(F59,J59,N59,R59)/4 -> 87.75 | Z59: =IF(V59>=75,"PASSED","FAILED") -> PASSED
A60: 13 | B60: ='INPUT DATA'!B65:D65 -> LIBRES, MIKYLLA B. | F60: 75 | J60: 76 | N60: 77 | R60: 83 | V60: =SUM(F60,J60,N60,R60)/4 -> 77.75 | Z60: =IF(V60>=75,"PASSED","FAILED") -> PASSED
A61: 14 | B61: ='INPUT DATA'!B66:D66 -> LIM, LENNIE GRACE S. | F61: 86 | J61: 78 | N61: 85 | R61: 89 | V61: =SUM(F61,J61,N61,R61)/4 -> 84.5 | Z61: =IF(V61>=75,"PASSED","FAILED") -> PASSED
A62: 15 | B62: ='INPUT DATA'!B67:D67 -> MASAYON, RHEA JANE L. | F62: 70 | J62: 75 | N62: 75 | R62: 78 | V62: =SUM(F62,J62,N62,R62)/4 -> 74.5 | Z62: =IF(V62>=75,"PASSED","FAILED") -> FAILED
A63: 16 | B63: ='INPUT DATA'!B68:D68 -> MORANCIL, JENEVI A. | F63: 84 | J63: 86 | N63: 84 | R63: 88 | V63: =SUM(F63,J63,N63,R63)/4 -> 85.5 | Z63: =IF(V63>=75,"PASSED","FAILED") -> PASSED
A64: 17 | B64: ='INPUT DATA'!B69:D69 -> PATRICIO, MICHA ELLA P. | F64: 72 | J64: 75 | N64: 75 | R64: 76 | V64: =SUM(F64,J64,N64,R64)/4 -> 74.5 | Z64: =IF(V64>=75,"PASSED","FAILED") -> FAILED
A65: 18 | B65: ='INPUT DATA'!B70:D70 -> PELINGON , ASHLEY C. | F65: 88 | J65: 83 | N65: 81 | R65: 77 | V65: =SUM(F65,J65,N65,R65)/4 -> 82.25 | Z65: =IF(V65>=75,"PASSED","FAILED") -> PASSED
A66: 19 | B66: ='INPUT DATA'!B71:D71 -> PEREZ, MERCY JEAN T. | F66: 70 | J66: 75 | N66: 74 | R66: 79 | V66: =SUM(F66,J66,N66,R66)/4 -> 74.5 | Z66: =IF(V66>=75,"PASSED","FAILED") -> FAILED
A67: 20 | B67: ='INPUT DATA'!B72:D72 -> PINGOT, RHEA L. | F67: 70 | J67: 74 | N67: 74 | R67: 61 | V67: =SUM(F67,J67,N67,R67)/4 -> 69.75 | Z67: =IF(V67>=75,"PASSED","FAILED") -> FAILED
A68: 21 | B68: ='INPUT DATA'!B73:D73 -> QUILAT, FERRA MAE | F68: 74 | J68: 75 | N68: 75 | R68: 75 | V68: =SUM(F68,J68,N68,R68)/4 -> 74.75 | Z68: =IF(V68>=75,"PASSED","FAILED") -> FAILED
A69: 22 | B69: ='INPUT DATA'!B74:D74 -> ROSALES, RYZA MAE C. | F69: 89 | J69: 88 | N69: 89 | R69: 93 | V69: =SUM(F69,J69,N69,R69)/4 -> 89.75 | Z69: =IF(V69>=75,"PASSED","FAILED") -> PASSED
A70: 23 | B70: ='INPUT DATA'!B75:D75 -> 0 | V70: =SUM(F70,J70,N70,R70)/4 -> 0 | Z70: =IF(V70>=75,"PASSED","FAILED") -> FAILED
A71: 24 | B71: ='INPUT DATA'!B76:D76 -> 0 | V71: =SUM(F71,J71,N71,R71)/4 -> 0 | Z71: =IF(V71>=75,"PASSED","FAILED") -> FAILED
A72: 25 | B72: ='INPUT DATA'!B77:D77 -> 0 | V72: =SUM(F72,J72,N72,R72)/4 -> 0 | Z72: =IF(V72>=75,"PASSED","FAILED") -> FAILED
A73: 26 | B73: ='INPUT DATA'!B78:D78 -> 0 | V73: =SUM(F73,J73,N73,R73)/4 -> 0 | Z73: =IF(V73>=75,"PASSED","FAILED") -> FAILED
A74: 27 | B74: ='INPUT DATA'!B79:D79 -> 0 | V74: =SUM(F74,J74,N74,R74)/4 -> 0 | Z74: =IF(V74>=75,"PASSED","FAILED") -> FAILED
A75: 28 | B75: ='INPUT DATA'!B80:D80 -> 0 | V75: =SUM(F75,J75,N75,R75)/4 -> 0 | Z75: =IF(V75>=75,"PASSED","FAILED") -> FAILED
A76: 29 | B76: ='INPUT DATA'!B81:D81 -> 0 | V76: =SUM(F76,J76,N76,R76)/4 -> 0 | Z76: =IF(V76>=75,"PASSED","FAILED") -> FAILED
A77: 30 | B77: ='INPUT DATA'!B82:D82 -> 0 | V77: =SUM(F77,J77,N77,R77)/4 -> 0 | Z77: =IF(V77>=75,"PASSED","FAILED") -> FAILED
A78: 31 | B78: ='INPUT DATA'!B83:D83 -> 0 | V78: =SUM(F78,J78,N78,R78)/4 -> 0
A79: 32 | B79: ='INPUT DATA'!B84:D84 -> 0 | V79: =SUM(F79,J79,N79,R79)/4 -> 0
A80: 33 | B80: ='INPUT DATA'!B85:D85 -> 0 | V80: =SUM(F80,J80,N80,R80)/4 -> 0
A81: 34 | B81: ='INPUT DATA'!B86:D86 -> 0 | V81: =SUM(F81,J81,N81,R81)/4 -> 0
A82: 35 | B82: ='INPUT DATA'!B87:D87 -> 0 | V82: =SUM(F82,J82,N82,R82)/4 -> 0

Sheet ENGLISH
A1: Summary of Quarterly Grades
C5: REGION | G5: XI | L5: DIVISION | O5: Panabo City
B6: SCHOOL NAME | G6: QUEZON NATIONAL HIGH SCHOOL | S6: SCHOOL ID | W6: 316405
B7: LEARNERS' NAMES | F7: GRADE & SECTION: | K7: ='INPUT DATA'!K7 -> 8 - ARIES | S7: SCHOOL YEAR: | W7: ='INPUT DATA'!AG5 -> 2025 - 2026
F8: TEACHER: | K8: EHLA AMOR V. LIGAD | S8: SUBJECT: | W8: ENGLISH
F9: ENGLISH | J9: ENGLISH | N9: ENGLISH | R9: ENGLISH | V9: FINAL | Z9: REMARK
F10: 1st Quarter | J10: 2nd Quarter | N10: 3rd Quarter | R10: 4th Quarter | V10: GRADE
B11: MALE
A12: 1 | B12: ='INPUT DATA'!B12:D12 -> ANUBLING, REGIE C. | F12: 75 | J12: 73 | N12: 76 | R12: 81 | V12: =SUM(F12,J12,N12,R12)/4 -> 76.25 | Z12: =IF(V12>=75,"PASSED","FAILED") -> PASSED
A13: 2 | B13: ='INPUT DATA'!B13:D13 -> BANGCOY, JOHN PAUL P. | V13: =SUM(F13,J13,N13,R13)/4 -> 0 | Z13: =IF(V13>=75,"PASSED","FAILED") -> FAILED
A14: 3 | B14: ='INPUT DATA'!B14:D14 -> BARRIENTOS, JOHN PAUL M. | F14: 90 | J14: 86 | N14: 89 | R14: 90 | V14: =SUM(F14,J14,N14,R14)/4 -> 88.75 | Z14: =IF(V14>=75,"PASSED","FAILED") -> PASSED
A15: 4 | B15: ='INPUT DATA'!B15:D15 -> BRIGOLE, ROMEL | F15: 75 | V15: =SUM(F15,J15,N15,R15)/4 -> 18.75 | Z15: =IF(V15>=75,"PASSED","FAILED") -> FAILED
A16: 5 | B16: ='INPUT DATA'!B16:D16 -> BULAHAN,ROVIC L. | F16: 88 | J16: 83 | N16: 92 | R16: 92 | V16: =SUM(F16,J16,N16,R16)/4 -> 88.75 | Z16: =IF(V16>=75,"PASSED","FAILED") -> PASSED
A17: 6 | B17: ='INPUT DATA'!B17:D17 -> CIJAS, ROLIE JR. A. | F17: 84 | J17: 84 | N17: 93 | R17: 92 | V17: =SUM(F17,J17,N17,R17)/4 -> 88.25 | Z17: =IF(V17>=75,"PASSED","FAILED") -> PASSED
A18: 7 | B18: ='INPUT DATA'!B18:D18 -> GARCIA, DAVE P. | F18: 81 | J18: 81 | N18: 85 | R18: 86 | V18: =SUM(F18,J18,N18,R18)/4 -> 83.25 | Z18: =IF(V18>=75,"PASSED","FAILED") -> PASSED
A19: 8 | B19: ='INPUT DATA'!B19:D19 -> GONZALES, JAMES A. | D19: 0 | F19: 75 | J19: 80 | N19: 84 | R19: 87 | V19: =SUM(F19,J19,N19,R19)/4 -> 81.5 | Z19: =IF(V19>=75,"PASSED","FAILED") -> PASSED
A20: 9 | B20: ='INPUT DATA'!B20:D20 -> LAGUNA, J.B. B. | F20: 88 | J20: 84 | N20: 86 | R20: 88 | V20: =SUM(F20,J20,N20,R20)/4 -> 86.5 | Z20: =IF(V20>=75,"PASSED","FAILED") -> PASSED
A21: 10 | B21: ='INPUT DATA'!B21:D21 -> LARODA, STEVEN S. | F21: 75 | J21: 77 | N21: 82 | R21: 80 | V21: =SUM(F21,J21,N21,R21)/4 -> 78.5 | Z21: =IF(V21>=75,"PASSED","FAILED") -> PASSED
A22: 11 | B22: ='INPUT DATA'!B22:D22 -> MERINO, SEDRIK R. | D22: 0 | F22: 65 | J22: 73 | N22: 75 | R22: 65 | V22: =SUM(F22,J22,N22,R22)/4 -> 69.5 | Z22: =IF(V22>=75,"PASSED","FAILED") -> FAILED
A23: 12 | B23: ='INPUT DATA'!B23:D23 -> MONTERAS, VINCENT S. | F23: 81 | J23: 78 | N23: 75 | R23: 81 | V23: =SUM(F23,J23,N23,R23)/4 -> 78.75 | Z23: =IF(V23>=75,"PASSED","FAILED") -> PASSED
A24: 13 | B24: ='INPUT DATA'!B24:D24 -> NACAWILI, ANDRIE L. | F24: 80 | J24: 82 | N24: 91 | R24: 90 | V24: =SUM(F24,J24,N24,R24)/4 -> 85.75 | Z24: =IF(V24>=75,"PASSED","FAILED") -> PASSED
A25: 14 | B25: ='INPUT DATA'!B25:D25 -> OLIVERIO, CYREL JAY G. | F25: 72 | J25: 73 | N25: 76 | R25: 77 | V25: =SUM(F25,J25,N25,R25)/4 -> 74.5 | Z25: =IF(V25>=75,"PASSED","FAILED") -> FAILED
A26: 15 | B26: ='INPUT DATA'!B26:D26 -> ORBITA,BRENN JOHN A. | F26: 85 | J26: 83 | N26: 80 | R26: 81 | V26: =SUM(F26,J26,N26,R26)/4 -> 82.25 | Z26: =IF(V26>=75,"PASSED","FAILED") -> PASSED
A27: 16 | B27: ='INPUT DATA'!B27:D27 -> PAINLO,SHERWIN V. | F27: 88 | J27: 87 | N27: 91 | R27: 92 | V27: =SUM(F27,J27,N27,R27)/4 -> 89.5 | Z27: =IF(V27>=75,"PASSED","FAILED") -> PASSED
A28: 17 | B28: ='INPUT DATA'!B28:D28 -> RAMIREZ, MATTEO JOHN DAVE D. | V28: =SUM(F28,J28,N28,R28)/4 -> 0 | Z28: =IF(V28>=75,"PASSED","FAILED") -> FAILED
A29: 18 | B29: ='INPUT DATA'!B29:D29 -> SIGUIRA, JASTINE B. | V29: =SUM(F29,J29,N29,R29)/4 -> 0 | Z29: =IF(V29>=75,"PASSED","FAILED") -> FAILED
A30: 19 | B30: ='INPUT DATA'!B30:D30 -> TAA, JHONVINZ Y. | F30: 75 | J30: 75 | N30: 78 | R30: 78 | V30: =SUM(F30,J30,N30,R30)/4 -> 76.5 | Z30: =IF(V30>=75,"PASSED","FAILED") -> PASSED
A31: 20 | B31: ='INPUT DATA'!B31:D31 -> ZOILO, JOHN LORENCE M. | F31: 80 | J31: 79 | N31: 84 | R31: 83 | V31: =SUM(F31,J31,N31,R31)/4 -> 81.5 | Z31: =IF(V31>=75,"PASSED","FAILED") -> PASSED
A32: 21 | B32: CABO, JEREM | F32: 81 | J32: 80 | N32: 79 | R32: 78 | V32: =SUM(F32,J32,N32,R32)/4 -> 79.5 | Z32: =IF(V32>=75,"PASSED","FAILED") -> PASSED
A33: 22 | B33: ='INPUT DATA'!B33:D33 -> 0 | V33: =SUM(F33,J33,N33,R33)/4 -> 0 | Z33: =IF(V33>=75,"PASSED","FAILED") -> FAILED
A34: 23 | B34: ='INPUT DATA'!B34:D34 -> 0 | V34: =SUM(F34,J34,N34,R34)/4 -> 0 | Z34: =IF(V34>=75,"PASSED","FAILED") -> FAILED
A35: 24 | B35: ='INPUT DATA'!B35:D35 -> 0 | V35: =SUM(F35,J35,N35,R35)/4 -> 0 | Z35: =IF(V35>=75,"PASSED","FAILED") -> FAILED
A36: 25 | B36: ='INPUT DATA'!B36:D36 -> 0 | V36: =SUM(F36,J36,N36,R36)/4 -> 0 | Z36: =IF(V36>=75,"PASSED","FAILED") -> FAILED
A37: 26 | B37: ='INPUT DATA'!B37:D37 -> 0 | V37: =SUM(F37,J37,N37,R37)/4 -> 0 | Z37: =IF(V37>=75,"PASSED","FAILED") -> FAILED
A38: 27 | B38: ='INPUT DATA'!B38:D38 -> 0 | V38: =SUM(F38,J38,N38,R38)/4 -> 0 | Z38: =IF(V38>=75,"PASSED","FAILED") -> FAILED
A39: 28 | B39: ='INPUT DATA'!B39:D39 -> 0 | V39: =SUM(F39,J39,N39,R39)/4 -> 0 | Z39: =IF(V39>=75,"PASSED","FAILED") -> FAILED
A40: 29 | B40: ='INPUT DATA'!B40:D40 -> 0 | V40: =SUM(F40,J40,N40,R40)/4 -> 0 | Z40: =IF(V40>=75,"PASSED","FAILED") -> FAILED
A41: 30 | B41: ='INPUT DATA'!B41:D41 -> 0 | V41: =SUM(F41,J41,N41,R41)/4 -> 0 | Z41: =IF(V41>=75,"PASSED","FAILED") -> FAILED
A42: 31 | B42: ='INPUT DATA'!B42:D42 -> 0 | V42: =SUM(F42,J42,N42,R42)/4 -> 0 | Z42: =IF(V42>=75,"PASSED","FAILED") -> FAILED
A43: 32 | B43: ='INPUT DATA'!B43:D43 -> 0 | V43: =SUM(F43,J43,N43,R43)/4 -> 0 | Z43: =IF(V43>=75,"PASSED","FAILED") -> FAILED
A44: 33 | B44: ='INPUT DATA'!B44:D44 -> 0 | V44: =SUM(F44,J44,N44,R44)/4 -> 0 | Z44: =IF(V44>=75,"PASSED","FAILED") -> FAILED
A45: 34 | B45: ='INPUT DATA'!B45:D45 -> 0 | Z45: =IF(V45>=75,"PASSED","FAILED") -> FAILED
A46: 35 | B46: ='INPUT DATA'!B46:D46 -> 0 | Z46: =IF(V46>=75,"PASSED","FAILED") -> FAILED
A47: 36 | B47: ='INPUT DATA'!B47:D47 -> 0 | Z47: =IF(V47>=75,"PASSED","FAILED") -> FAILED
A48: 37 | B48: ='INPUT DATA'!B48:D48 -> 0 | Z48: =IF(V48>=75,"PASSED","FAILED") -> FAILED
A49: 38 | B49: ='INPUT DATA'!B49:D49 -> 0 | Z49: =IF(V49>=75,"PASSED","FAILED") -> FAILED
A50: 39 | B50: ='INPUT DATA'!B50:D50 -> 0 | Z50: =IF(V50>=75,"PASSED","FAILED") -> FAILED
B51: FEMALE
A52: 1 | B52: ='INPUT DATA'!B53:D53 -> ANGCOY, PRINCESS NAILLE T. | F52: 77 | J52: 78 | N52: 81 | R52: 82 | V52: =SUM(F52,J52,N52,R52)/4 -> 79.5 | Z52: =IF(V52>=75,"PASSED","FAILED") -> PASSED
A53: 2 | B53: ='INPUT DATA'!B54:D54 -> BIMOS, SHEILLA KATE O. | F53: 85 | J53: 85 | N53: 89 | R53: 91 | V53: =SUM(F53,J53,N53,R53)/4 -> 87.5 | Z53: =IF(V53>=75,"PASSED","FAILED") -> PASSED
A54: 3 | B54: ='INPUT DATA'!B55:D55 -> BONGABONG, DWEYN ZHAIRA A. | F54: 89 | J54: 87 | N54: 93 | R54: 93 | V54: =SUM(F54,J54,N54,R54)/4 -> 90.5 | Z54: =IF(V54>=75,"PASSED","FAILED") -> PASSED
A55: 4 | B55: ='INPUT DATA'!B56:D56 -> CABEL, LOURENE A. | F55: 90 | J55: 91 | N55: 94 | R55: 94 | V55: =SUM(F55,J55,N55,R55)/4 -> 92.25 | Z55: =IF(V55>=75,"PASSED","FAILED") -> PASSED
A56: 5 | B56: ='INPUT DATA'!B57:D57 -> CAMIGAO, DHENISE CLARE V. | F56: 83 | J56: 84 | N56: 83 | R56: 88 | V56: =SUM(F56,J56,N56,R56)/4 -> 84.5 | Z56: =IF(V56>=75,"PASSED","FAILED") -> PASSED
A57: 6 | B57: ='INPUT DATA'!B58:D58 -> CARISMA, NATHALIA MAE M. | F57: 86 | J57: 85 | N57: 89 | R57: 88 | V57: =SUM(F57,J57,N57,R57)/4 -> 87 | Z57: =IF(V57>=75,"PASSED","FAILED") -> PASSED
A58: 7 | B58: ='INPUT DATA'!B59:D59 -> CLARO, REANZ P. | F58: 82 | J58: 82 | N58: 86 | R58: 86 | V58: =SUM(F58,J58,N58,R58)/4 -> 84 | Z58: =IF(V58>=75,"PASSED","FAILED") -> PASSED
A59: 8 | B59: ='INPUT DATA'!B60:D60 -> FRANCISCO, YSABELLA BEATRICE B. | F59: 90 | J59: 90 | N59: 94 | R59: 94 | V59: =SUM(F59,J59,N59,R59)/4 -> 92 | Z59: =IF(V59>=75,"PASSED","FAILED") -> PASSED
A60: 9 | B60: ='INPUT DATA'!B61:D61 -> GALDO, ALYSSA RHIAN P. | F60: 81 | V60: =SUM(F60,J60,N60,R60)/4 -> 20.25 | Z60: =IF(V60>=75,"PASSED","FAILED") -> FAILED
A61: 10 | B61: ='INPUT DATA'!B62:D62 -> HURAÑO, RIOMI M. | F61: 86 | J61: 84 | N61: 90 | R61: 90 | V61: =SUM(F61,J61,N61,R61)/4 -> 87.5 | Z61: =IF(V61>=75,"PASSED","FAILED") -> PASSED
A62: 11 | B62: ='INPUT DATA'!B63:D63 -> LAGUNA, WELLAIZA O. | F62: 80 | V62: =SUM(F62,J62,N62,R62)/4 -> 20 | Z62: =IF(V62>=75,"PASSED","FAILED") -> FAILED
A63: 12 | B63: ='INPUT DATA'!B64:D64 -> LAZAGA, PRINCESS JEAN O. | F63: 85 | J63: 84 | N63: 88 | R63: 87 | V63: =SUM(F63,J63,N63,R63)/4 -> 86 | Z63: =IF(V63>=75,"PASSED","FAILED") -> PASSED
A64: 13 | B64: ='INPUT DATA'!B65:D65 -> LIBRES, MIKYLLA B. | F64: 75 | J64: 75 | N64: 79 | R64: 83 | V64: =SUM(F64,J64,N64,R64)/4 -> 78 | Z64: =IF(V64>=75,"PASSED","FAILED") -> PASSED
A65: 14 | B65: ='INPUT DATA'!B66:D66 -> LIM, LENNIE GRACE S. | F65: 83 | J65: 83 | N65: 84 | R65: 85 | V65: =SUM(F65,J65,N65,R65)/4 -> 83.75 | Z65: =IF(V65>=75,"PASSED","FAILED") -> PASSED
A66: 15 | B66: ='INPUT DATA'!B67:D67 -> MASAYON, RHEA JANE L. | F66: 84 | J66: 75 | N66: 75 | R66: 77 | V66: =SUM(F66,J66,N66,R66)/4 -> 77.75 | Z66: =IF(V66>=75,"PASSED","FAILED") -> PASSED
A67: 16 | B67: ='INPUT DATA'!B68:D68 -> MORANCIL, JENEVI A. | F67: 75 | J67: 75 | N67: 86 | R67: 87 | V67: =SUM(F67,J67,N67,R67)/4 -> 80.75 | Z67: =IF(V67>=75,"PASSED","FAILED") -> PASSED
A68: 17 | B68: ='INPUT DATA'!B69:D69 -> PATRICIO, MICHA ELLA P. | F68: 75 | J68: 75 | N68: 75 | R68: 75 | V68: =SUM(F68,J68,N68,R68)/4 -> 75 | Z68: =IF(V68>=75,"PASSED","FAILED") -> PASSED
A69: 18 | B69: ='INPUT DATA'!B70:D70 -> PELINGON , ASHLEY C. | F69: 80 | J69: 84 | N69: 87 | R69: 87 | V69: =SUM(F69,J69,N69,R69)/4 -> 84.5 | Z69: =IF(V69>=75,"PASSED","FAILED") -> PASSED
A70: 19 | B70: ='INPUT DATA'!B71:D71 -> PEREZ, MERCY JEAN T. | F70: 75 | J70: 75 | N70: 77 | R70: 78 | V70: =SUM(F70,J70,N70,R70)/4 -> 76.25 | Z70: =IF(V70>=75,"PASSED","FAILED") -> PASSED
A71: 20 | B71: ='INPUT DATA'!B72:D72 -> PINGOT, RHEA L. | V71: =SUM(F71,J71,N71,R71)/4 -> 0 | Z71: =IF(V71>=75,"PASSED","FAILED") -> FAILED
A72: 21 | B72: ='INPUT DATA'!B73:D73 -> QUILAT, FERRA MAE | F72: 75 | J72: 73 | N72: 76 | R72: 77 | V72: =SUM(F72,J72,N72,R72)/4 -> 75.25 | Z72: =IF(V72>=75,"PASSED","FAILED") -> PASSED
A73: 22 | B73: ='INPUT DATA'!B74:D74 -> ROSALES, RYZA MAE C. | F73: 86 | J73: 84 | N73: 89 | R73: 90 | V73: =SUM(F73,J73,N73,R73)/4 -> 87.25 | Z73: =IF(V73>=75,"PASSED","FAILED") -> PASSED
A74: 23 | B74: ='INPUT DATA'!B75:D75 -> 0 | V74: =SUM(F74,J74,N74,R74)/4 -> 0 | Z74: =IF(V74>=75,"PASSED","FAILED") -> FAILED
A75: 24 | B75: ='INPUT DATA'!B76:D76 -> 0 | V75: =SUM(F75,J75,N75,R75)/4 -> 0 | Z75: =IF(V75>=75,"PASSED","FAILED") -> FAILED
A76: 25 | B76: ='INPUT DATA'!B77:D77 -> 0 | V76: =SUM(F76,J76,N76,R76)/4 -> 0 | Z76: =IF(V76>=75,"PASSED","FAILED") -> FAILED
A77: 26 | B77: ='INPUT DATA'!B78:D78 -> 0 | V77: =SUM(F77,J77,N77,R77)/4 -> 0 | Z77: =IF(V77>=75,"PASSED","FAILED") -> FAILED
A78: 27 | B78: ='INPUT DATA'!B79:D79 -> 0 | V78: =SUM(F78,J78,N78,R78)/4 -> 0 | Z78: =IF(V78>=75,"PASSED","FAILED") -> FAILED
A79: 28 | B79: ='INPUT DATA'!B80:D80 -> 0 | V79: =SUM(F79,J79,N79,R79)/4 -> 0 | Z79: =IF(V79>=75,"PASSED","FAILED") -> FAILED
A80: 29 | B80: ='INPUT DATA'!B81:D81 -> 0 | V80: =SUM(F80,J80,N80,R80)/4 -> 0 | Z80: =IF(V80>=75,"PASSED","FAILED") -> FAILED
A81: 30 | B81: ='INPUT DATA'!B82:D82 -> 0 | V81: =SUM(F81,J81,N81,R81)/4 -> 0 | Z81: =IF(V81>=75,"PASSED","FAILED") -> FAILED
A82: 31 | B82: ='INPUT DATA'!B83:D83 -> 0 | V82: =SUM(F82,J82,N82,R82)/4 -> 0
A83: 32 | B83: ='INPUT DATA'!B84:D84 -> 0 | V83: =SUM(F83,J83,N83,R83)/4 -> 0
A84: 33 | B84: ='INPUT DATA'!B85:D85 -> 0 | V84: =SUM(F84,J84,N84,R84)/4 -> 0
A85: 34 | B85: ='INPUT DATA'!B86:D86 -> 0 | V85: =SUM(F85,J85,N85,R85)/4 -> 0
A86: 35 | B86: ='INPUT DATA'!B87:D87 -> 0 | V86: =SUM(F86,J86,N86,R86)/4 -> 0

Sheet MATHEMATICS
A1: Summary of Quarterly Grades
C5: REGION | G5: XI | L5: DIVISION | O5: Panabo City
B6: SCHOOL NAME | G6: QUEZON NATIONAL HIGH SCHOOL | S6: SCHOOL ID | W6: 316405
B7: LEARNERS' NAMES | F7: GRADE & SECTION: | K7: ='INPUT DATA'!K7 -> 8 - ARIES | S7: SCHOOL YEAR: | W7: ='INPUT DATA'!AG5 -> 2025 - 2026
F8: TEACHER: | K8: MARK KRISTOFFER AROCHA | S8: SUBJECT: | W8: MATHEMATICS
F9: MATHEMATICS | J9: MATHEMATICS | N9: MATHEMATICS | R9: MATHEMATICS | V9: FINAL | Z9: REMARK
F10: 1st Quarter | J10: 2nd Quarter | N10: 3rd Quarter | R10: 4th Quarter | V10: GRADE
B11: MALE
A12: 1 | B12: ='INPUT DATA'!B12:D12 -> ANUBLING, REGIE C. | F12: 77 | J12: 79 | N12: 79 | R12: 80 | V12: =SUM(F12,J12,N12,R12)/4 -> 78.75 | Z12: =IF(V12>=75,"PASSED","FAILED") -> PASSED
A13: 2 | B13: ='INPUT DATA'!B13:D13 -> BANGCOY, JOHN PAUL P. | V13: =SUM(F13,J13,N13,R13)/4 -> 0 | Z13: =IF(V13>=75,"PASSED","FAILED") -> FAILED
A14: 3 | B14: ='INPUT DATA'!B14:D14 -> BARRIENTOS, JOHN PAUL M. | F14: 86 | J14: 89 | N14: 90 | R14: 90 | V14: =SUM(F14,J14,N14,R14)/4 -> 88.75 | Z14: =IF(V14>=75,"PASSED","FAILED") -> PASSED
A15: 4 | B15: ='INPUT DATA'!B15:D15 -> BRIGOLE, ROMEL | V15: =SUM(F15,J15,N15,R15)/4 -> 0 | Z15: =IF(V15>=75,"PASSED","FAILED") -> FAILED
A16: 5 | B16: ='INPUT DATA'!B16:D16 -> BULAHAN,ROVIC L. | F16: 82 | J16: 84 | N16: 86 | R16: 87 | V16: =SUM(F16,J16,N16,R16)/4 -> 84.75 | Z16: =IF(V16>=75,"PASSED","FAILED") -> PASSED
A17: 6 | B17: ='INPUT DATA'!B17:D17 -> CIJAS, ROLIE JR. A. | F17: 89 | J17: 91 | N17: 91 | R17: 92 | V17: =SUM(F17,J17,N17,R17)/4 -> 90.75 | Z17: =IF(V17>=75,"PASSED","FAILED") -> PASSED
A18: 7 | B18: ='INPUT DATA'!B18:D18 -> GARCIA, DAVE P. | F18: 84 | J18: 85 | N18: 84 | R18: 85 | V18: =SUM(F18,J18,N18,R18)/4 -> 84.5 | Z18: =IF(V18>=75,"PASSED","FAILED") -> PASSED
A19: 8 | B19: ='INPUT DATA'!B19:D19 -> GONZALES, JAMES A. | D19: 0 | F19: 87 | J19: 90 | N19: 90 | R19: 90 | V19: =SUM(F19,J19,N19,R19)/4 -> 89.25 | Z19: =IF(V19>=75,"PASSED","FAILED") -> PASSED
A20: 9 | B20: ='INPUT DATA'!B20:D20 -> LAGUNA, J.B. B. | F20: 84 | J20: 86 | N20: 86 | R20: 87 | V20: =SUM(F20,J20,N20,R20)/4 -> 85.75 | Z20: =IF(V20>=75,"PASSED","FAILED") -> PASSED
A21: 10 | B21: ='INPUT DATA'!B21:D21 -> LARODA, STEVEN S. | F21: 77 | J21: 79 | N21: 79 | R21: 80 | V21: =SUM(F21,J21,N21,R21)/4 -> 78.75 | Z21: =IF(V21>=75,"PASSED","FAILED") -> PASSED
A22: 11 | B22: ='INPUT DATA'!B22:D22 -> MERINO, SEDRIK R. | D22: 0 | V22: =SUM(F22,J22,N22,R22)/4 -> 0 | Z22: =IF(V22>=75,"PASSED","FAILED") -> FAILED
A23: 12 | B23: ='INPUT DATA'!B23:D23 -> MONTERAS, VINCENT S. | F23: 77 | J23: 79 | N23: 79 | R23: 80 | V23: =SUM(F23,J23,N23,R23)/4 -> 78.75 | Z23: =IF(V23>=75,"PASSED","FAILED") -> PASSED
A24: 13 | B24: ='INPUT DATA'!B24:D24 -> NACAWILI, ANDRIE L. | F24: 86 | J24: 89 | N24: 89 | R24: 90 | V24: =SUM(F24,J24,N24,R24)/4 -> 88.5 | Z24: =IF(V24>=75,"PASSED","FAILED") -> PASSED
A25: 14 | B25: ='INPUT DATA'!B25:D25 -> OLIVERIO, CYREL JAY G. | F25: 70 | J25: 70 | N25: 87 | R25: 70 | V25: =SUM(F25,J25,N25,R25)/4 -> 74.25 | Z25: =IF(V25>=75,"PASSED","FAILED") -> FAILED
A26: 15 | B26: ='INPUT DATA'!B26:D26 -> ORBITA,BRENN JOHN A. | F26: 84 | J26: 86 | N26: 87 | R26: 89 | V26: =SUM(F26,J26,N26,R26)/4 -> 86.5 | Z26: =IF(V26>=75,"PASSED","FAILED") -> PASSED
A27: 16 | B27: ='INPUT DATA'!B27:D27 -> PAINLO,SHERWIN V. | F27: 89 | J27: 91 | N27: 91 | R27: 92 | V27: =SUM(F27,J27,N27,R27)/4 -> 90.75 | Z27: =IF(V27>=75,"PASSED","FAILED") -> PASSED
A28: 17 | B28: ='INPUT DATA'!B28:D28 -> RAMIREZ, MATTEO JOHN DAVE D. | V28: =SUM(F28,J28,N28,R28)/4 -> 0 | Z28: =IF(V28>=75,"PASSED","FAILED") -> FAILED
A29: 18 | B29: ='INPUT DATA'!B29:D29 -> SIGUIRA, JASTINE B. | V29: =SUM(F29,J29,N29,R29)/4 -> 0 | Z29: =IF(V29>=75,"PASSED","FAILED") -> FAILED
A30: 19 | B30: ='INPUT DATA'!B30:D30 -> TAA, JHONVINZ Y. | F30: 85 | J30: 87 | N30: 87 | R30: 87 | V30: =SUM(F30,J30,N30,R30)/4 -> 86.5 | Z30: =IF(V30>=75,"PASSED","FAILED") -> PASSED
A31: 20 | B31: ='INPUT DATA'!B31:D31 -> ZOILO, JOHN LORENCE M. | F31: 85 | J31: 87 | N31: 87 | R31: 88 | V31: =SUM(F31,J31,N31,R31)/4 -> 86.75 | Z31: =IF(V31>=75,"PASSED","FAILED") -> PASSED
A32: 21 | B32: CABO, JEREM | F32: 75 | J32: 75 | N32: 75 | R32: 88 | V32: =SUM(F32,J32,N32,R32)/4 -> 78.25 | Z32: =IF(V32>=75,"PASSED","FAILED") -> PASSED
A33: 22 | B33: ='INPUT DATA'!B33:D33 -> 0 | V33: =SUM(F33,J33,N33,R33)/4 -> 0 | Z33: =IF(V33>=75,"PASSED","FAILED") -> FAILED
A34: 23 | B34: ='INPUT DATA'!B34:D34 -> 0 | V34: =SUM(F34,J34,N34,R34)/4 -> 0 | Z34: =IF(V34>=75,"PASSED","FAILED") -> FAILED
A35: 24 | B35: ='INPUT DATA'!B35:D35 -> 0 | V35: =SUM(F35,J35,N35,R35)/4 -> 0 | Z35: =IF(V35>=75,"PASSED","FAILED") -> FAILED
A36: 25 | B36: ='INPUT DATA'!B36:D36 -> 0 | V36: =SUM(F36,J36,N36,R36)/4 -> 0 | Z36: =IF(V36>=75,"PASSED","FAILED") -> FAILED
A37: 26 | B37: ='INPUT DATA'!B37:D37 -> 0 | V37: =SUM(F37,J37,N37,R37)/4 -> 0 | Z37: =IF(V37>=75,"PASSED","FAILED") -> FAILED
A38: 27 | B38: ='INPUT DATA'!B38:D38 -> 0 | V38: =SUM(F38,J38,N38,R38)/4 -> 0 | Z38: =IF(V38>=75,"PASSED","FAILED") -> FAILED
A39: 28 | B39: ='INPUT DATA'!B39:D39 -> 0 | V39: =SUM(F39,J39,N39,R39)/4 -> 0 | Z39: =IF(V39>=75,"PASSED","FAILED") -> FAILED
A40: 29 | B40: ='INPUT DATA'!B40:D40 -> 0 | V40: =SUM(F40,J40,N40,R40)/4 -> 0 | Z40: =IF(V40>=75,"PASSED","FAILED") -> FAILED
A41: 30 | B41: ='INPUT DATA'!B41:D41 -> 0 | V41: =SUM(F41,J41,N41,R41)/4 -> 0 | Z41: =IF(V41>=75,"PASSED","FAILED") -> FAILED
A42: 31 | B42: ='INPUT DATA'!B42:D42 -> 0 | V42: =SUM(F42,J42,N42,R42)/4 -> 0 | Z42: =IF(V42>=75,"PASSED","FAILED") -> FAILED
A43: 32 | B43: ='INPUT DATA'!B43:D43 -> 0 | V43: =SUM(F43,J43,N43,R43)/4 -> 0 | Z43: =IF(V43>=75,"PASSED","FAILED") -> FAILED
A44: 33 | B44: ='INPUT DATA'!B44:D44 -> 0 | V44: =SUM(F44,J44,N44,R44)/4 -> 0 | Z44: =IF(V44>=75,"PASSED","FAILED") -> FAILED
A45: 34 | B45: ='INPUT DATA'!B45:D45 -> 0 | Z45: =IF(V45>=75,"PASSED","FAILED") -> FAILED
A46: 35 | B46: ='INPUT DATA'!B46:D46 -> 0 | Z46: =IF(V46>=75,"PASSED","FAILED") -> FAILED
A47: 36 | B47: ='INPUT DATA'!B47:D47 -> 0 | Z47: =IF(V47>=75,"PASSED","FAILED") -> FAILED
A48: 37 | B48: ='INPUT DATA'!B48:D48 -> 0 | Z48: =IF(V48>=75,"PASSED","FAILED") -> FAILED
A49: 38 | B49: ='INPUT DATA'!B49:D49 -> 0 | Z49: =IF(V49>=75,"PASSED","FAILED") -> FAILED
A50: 39 | B50: ='INPUT DATA'!B50:D50 -> 0 | Z50: =IF(V50>=75,"PASSED","FAILED") -> FAILED
B51: FEMALE
A52: 1 | B52: ='INPUT DATA'!B53:D53 -> ANGCOY, PRINCESS NAILLE T. | F52: 87 | J52: 89 | N52: 90 | R52: 91 | V52: =SUM(F52,J52,N52,R52)/4 -> 89.25 | Z52: =IF(V52>=75,"PASSED","FAILED") -> PASSED
A53: 2 | B53: ='INPUT DATA'!B54:D54 -> BIMOS, SHEILLA KATE O. | F53: 85 | J53: 88 | N53: 87 | R53: 88 | V53: =SUM(F53,J53,N53,R53)/4 -> 87 | Z53: =IF(V53>=75,"PASSED","FAILED") -> PASSED
A54: 3 | B54: ='INPUT DATA'!B55:D55 -> BONGABONG, DWEYN ZHAIRA A. | F54: 86 | J54: 89 | N54: 89 | R54: 89 | V54: =SUM(F54,J54,N54,R54)/4 -> 88.25 | Z54: =IF(V54>=75,"PASSED","FAILED") -> PASSED
A55: 4 | B55: ='INPUT DATA'!B56:D56 -> CABEL, LOURENE A. | F55: 90 | J55: 92 | N55: 94 | R55: 94 | V55: =SUM(F55,J55,N55,R55)/4 -> 92.5 | Z55: =IF(V55>=75,"PASSED","FAILED") -> PASSED
A56: 5 | B56: ='INPUT DATA'!B57:D57 -> CAMIGAO, DHENISE CLARE V. | F56: 86 | J56: 88 | N56: 88 | R56: 89 | V56: =SUM(F56,J56,N56,R56)/4 -> 87.75 | Z56: =IF(V56>=75,"PASSED","FAILED") -> PASSED
A57: 6 | B57: ='INPUT DATA'!B58:D58 -> CARISMA, NATHALIA MAE M. | F57: 87 | J57: 89 | N57: 89 | R57: 90 | V57: =SUM(F57,J57,N57,R57)/4 -> 88.75 | Z57: =IF(V57>=75,"PASSED","FAILED") -> PASSED
A58: 7 | B58: ='INPUT DATA'!B59:D59 -> CLARO, REANZ P. | F58: 85 | J58: 87 | N58: 85 | R58: 88 | V58: =SUM(F58,J58,N58,R58)/4 -> 86.25 | Z58: =IF(V58>=75,"PASSED","FAILED") -> PASSED
A59: 8 | B59: ='INPUT DATA'!B60:D60 -> FRANCISCO, YSABELLA BEATRICE B. | F59: 86 | J59: 88 | N59: 89 | R59: 90 | V59: =SUM(F59,J59,N59,R59)/4 -> 88.25 | Z59: =IF(V59>=75,"PASSED","FAILED") -> PASSED
A60: 9 | B60: ='INPUT DATA'!B61:D61 -> GALDO, ALYSSA RHIAN P. | F60: 82 | V60: =SUM(F60,J60,N60,R60)/4 -> 20.5 | Z60: =IF(V60>=75,"PASSED","FAILED") -> FAILED
A61: 10 | B61: ='INPUT DATA'!B62:D62 -> HURAÑO, RIOMI M. | F61: 87 | J61: 88 | N61: 89 | R61: 90 | V61: =SUM(F61,J61,N61,R61)/4 -> 88.5 | Z61: =IF(V61>=75,"PASSED","FAILED") -> PASSED
A62: 11 | B62: ='INPUT DATA'!B63:D63 -> LAGUNA, WELLAIZA O. | F62: 81 | V62: =SUM(F62,J62,N62,R62)/4 -> 20.25 | Z62: =IF(V62>=75,"PASSED","FAILED") -> FAILED
A63: 12 | B63: ='INPUT DATA'!B64:D64 -> LAZAGA, PRINCESS JEAN O. | F63: 82 | J63: 85 | N63: 85 | R63: 86 | V63: =SUM(F63,J63,N63,R63)/4 -> 84.5 | Z63: =IF(V63>=75,"PASSED","FAILED") -> PASSED
A64: 13 | B64: ='INPUT DATA'!B65:D65 -> LIBRES, MIKYLLA B. | F64: 84 | J64: 86 | N64: 86 | R64: 87 | V64: =SUM(F64,J64,N64,R64)/4 -> 85.75 | Z64: =IF(V64>=75,"PASSED","FAILED") -> PASSED
A65: 14 | B65: ='INPUT DATA'!B66:D66 -> LIM, LENNIE GRACE S. | F65: 86 | J65: 89 | N65: 89 | R65: 90 | V65: =SUM(F65,J65,N65,R65)/4 -> 88.5 | Z65: =IF(V65>=75,"PASSED","FAILED") -> PASSED
A66: 15 | B66: ='INPUT DATA'!B67:D67 -> MASAYON, RHEA JANE L. | F66: 80 | J66: 83 | N66: 84 | R66: 84 | V66: =SUM(F66,J66,N66,R66)/4 -> 82.75 | Z66: =IF(V66>=75,"PASSED","FAILED") -> PASSED
A67: 16 | B67: ='INPUT DATA'!B68:D68 -> MORANCIL, JENEVI A. | F67: 87 | J67: 89 | N67: 89 | R67: 90 | V67: =SUM(F67,J67,N67,R67)/4 -> 88.75 | Z67: =IF(V67>=75,"PASSED","FAILED") -> PASSED
A68: 17 | B68: ='INPUT DATA'!B69:D69 -> PATRICIO, MICHA ELLA P. | F68: 77 | J68: 79 | N68: 77 | R68: 77 | V68: =SUM(F68,J68,N68,R68)/4 -> 77.5 | Z68: =IF(V68>=75,"PASSED","FAILED") -> PASSED
A69: 18 | B69: ='INPUT DATA'!B70:D70 -> PELINGON , ASHLEY C. | F69: 82 | J69: 85 | N69: 85 | R69: 86 | V69: =SUM(F69,J69,N69,R69)/4 -> 84.5 | Z69: =IF(V69>=75,"PASSED","FAILED") -> PASSED
A70: 19 | B70: ='INPUT DATA'!B71:D71 -> PEREZ, MERCY JEAN T. | F70: 79 | J70: 81 | N70: 81 | R70: 82 | V70: =SUM(F70,J70,N70,R70)/4 -> 80.75 | Z70: =IF(V70>=75,"PASSED","FAILED") -> PASSED
A71: 20 | B71: ='INPUT DATA'!B72:D72 -> PINGOT, RHEA L. | F71: 80 | J71: 83 | N71: 83 | R71: 84 | V71: =SUM(F71,J71,N71,R71)/4 -> 82.5 | Z71: =IF(V71>=75,"PASSED","FAILED") -> PASSED
A72: 21 | B72: ='INPUT DATA'!B73:D73 -> QUILAT, FERRA MAE | F72: 77 | J72: 77 | N72: 74 | R72: 74 | V72: =SUM(F72,J72,N72,R72)/4 -> 75.5 | Z72: =IF(V72>=75,"PASSED","FAILED") -> PASSED
A73: 22 | B73: ='INPUT DATA'!B74:D74 -> ROSALES, RYZA MAE C. | F73: 85 | J73: 88 | N73: 89 | R73: 89 | V73: =SUM(F73,J73,N73,R73)/4 -> 87.75 | Z73: =IF(V73>=75,"PASSED","FAILED") -> PASSED
A74: 23 | B74: =FILIPINO!B70 -> 0 | V74: =SUM(F74,J74,N74,R74)/4 -> 0 | Z74: =IF(V74>=75,"PASSED","FAILED") -> FAILED
A75: 24 | B75: =FILIPINO!B71 -> 0 | V75: =SUM(F75,J75,N75,R75)/4 -> 0 | Z75: =IF(V75>=75,"PASSED","FAILED") -> FAILED
A76: 25 | B76: =FILIPINO!B72 -> 0 | V76: =SUM(F76,J76,N76,R76)/4 -> 0 | Z76: =IF(V76>=75,"PASSED","FAILED") -> FAILED
A77: 26 | B77: =FILIPINO!B73 -> 0 | V77: =SUM(F77,J77,N77,R77)/4 -> 0 | Z77: =IF(V77>=75,"PASSED","FAILED") -> FAILED
A78: 27 | B78: =FILIPINO!B74 -> 0 | V78: =SUM(F78,J78,N78,R78)/4 -> 0 | Z78: =IF(V78>=75,"PASSED","FAILED") -> FAILED
A79: 28 | B79: =FILIPINO!B75 -> 0 | V79: =SUM(F79,J79,N79,R79)/4 -> 0 | Z79: =IF(V79>=75,"PASSED","FAILED") -> FAILED
A80: 29 | B80: =FILIPINO!B76 -> 0 | V80: =SUM(F80,J80,N80,R80)/4 -> 0 | Z80: =IF(V80>=75,"PASSED","FAILED") -> FAILED
A81: 30 | B81: =FILIPINO!B77 -> 0 | V81: =SUM(F81,J81,N81,R81)/4 -> 0 | Z81: =IF(V81>=75,"PASSED","FAILED") -> FAILED
A82: 31 | B82: =FILIPINO!B78 -> 0 | V82: =SUM(F82,J82,N82,R82)/4 -> 0
A83: 32 | B83: =FILIPINO!B79 -> 0 | V83: =SUM(F83,J83,N83,R83)/4 -> 0
A84: 33 | B84: =FILIPINO!B80 -> 0 | V84: =SUM(F84,J84,N84,R84)/4 -> 0
A85: 34 | B85: =FILIPINO!B81 -> 0 | V85: =SUM(F85,J85,N85,R85)/4 -> 0
A86: 35 | B86: =FILIPINO!B82 -> 0 | V86: =SUM(F86,J86,N86,R86)/4 -> 0

Sheet SCIENCE
A1: Summary of Quarterly Grades
C5: REGION | G5: XI | L5: DIVISION | O5: Panabo City
B6: SCHOOL NAME | G6: QUEZON NATIONAL HIGH SCHOOL | S6: SCHOOL ID | W6: 316405
B7: LEARNERS' NAMES | F7: GRADE & SECTION: | K7: ='INPUT DATA'!K7 -> 8 - ARIES | S7: SCHOOL YEAR: | W7: ='INPUT DATA'!AG5 -> 2025 - 2026
F8: TEACHER: | K8: ARMAN LOUIE T. CAÑETE | S8: SUBJECT: | W8: SCIENCE
F9: SCIENCE | J9: SCIENCE | N9: SCIENCE | R9: SCIENCE | V9: FINAL | Z9: REMARK
F10: 1st Quarter | J10: 2nd Quarter | N10: 3rd Quarter | R10: 4th Quarter | V10: GRADE
B11: MALE
A12: 1 | B12: ='INPUT DATA'!B12:D12 -> ANUBLING, REGIE C. | F12: 79 | J12: 80 | N12: 82 | R12: 82 | V12: =SUM(F12,J12,N12,R12)/4 -> 80.75 | Z12: =IF(V12>=75,"PASSED","FAILED") -> PASSED
A13: 2 | B13: ='INPUT DATA'!B13:D13 -> BANGCOY, JOHN PAUL P. | V13: =SUM(F13,J13,N13,R13)/4 -> 0 | Z13: =IF(V13>=75,"PASSED","FAILED") -> FAILED
A14: 3 | B14: ='INPUT DATA'!B14:D14 -> BARRIENTOS, JOHN PAUL M. | F14: 90 | J14: 89 | N14: 91 | R14: 92 | V14: =SUM(F14,J14,N14,R14)/4 -> 90.5 | Z14: =IF(V14>=75,"PASSED","FAILED") -> PASSED
A15: 4 | B15: ='INPUT DATA'!B15:D15 -> BRIGOLE, ROMEL | F15: 70 | J15: 70 | N15: 70 | R15: 70 | V15: =SUM(F15,J15,N15,R15)/4 -> 70 | Z15: =IF(V15>=75,"PASSED","FAILED") -> FAILED
A16: 5 | B16: ='INPUT DATA'!B16:D16 -> BULAHAN,ROVIC L. | F16: 91 | J16: 92 | N16: 92 | R16: 93 | V16: =SUM(F16,J16,N16,R16)/4 -> 92 | Z16: =IF(V16>=75,"PASSED","FAILED") -> PASSED
A17: 6 | B17: ='INPUT DATA'!B17:D17 -> CIJAS, ROLIE JR. A. | F17: 90 | J17: 92 | N17: 92 | R17: 93 | V17: =SUM(F17,J17,N17,R17)/4 -> 91.75 | Z17: =IF(V17>=75,"PASSED","FAILED") -> PASSED
A18: 7 | B18: ='INPUT DATA'!B18:D18 -> GARCIA, DAVE P. | F18: 82 | J18: 83 | N18: 82 | R18: 83 | V18: =SUM(F18,J18,N18,R18)/4 -> 82.5 | Z18: =IF(V18>=75,"PASSED","FAILED") -> PASSED
A19: 8 | B19: ='INPUT DATA'!B19:D19 -> GONZALES, JAMES A. | D19: 0 | F19: 83 | J19: 85 | N19: 86 | R19: 87 | V19: =SUM(F19,J19,N19,R19)/4 -> 85.25 | Z19: =IF(V19>=75,"PASSED","FAILED") -> PASSED
A20: 9 | B20: ='INPUT DATA'!B20:D20 -> LAGUNA, J.B. B. | F20: 90 | J20: 89 | N20: 90 | R20: 91 | V20: =SUM(F20,J20,N20,R20)/4 -> 90 | Z20: =IF(V20>=75,"PASSED","FAILED") -> PASSED
A21: 10 | B21: ='INPUT DATA'!B21:D21 -> LARODA, STEVEN S. | F21: 84 | J21: 84 | N21: 83 | R21: 84 | V21: =SUM(F21,J21,N21,R21)/4 -> 83.75 | Z21: =IF(V21>=75,"PASSED","FAILED") -> PASSED
A22: 11 | B22: ='INPUT DATA'!B22:D22 -> MERINO, SEDRIK R. | D22: 0 | F22: 76 | J22: 76 | N22: 75 | R22: 72 | V22: =SUM(F22,J22,N22,R22)/4 -> 74.75 | Z22: =IF(V22>=75,"PASSED","FAILED") -> FAILED
A23: 12 | B23: ='INPUT DATA'!B23:D23 -> MONTERAS, VINCENT S. | F23: 85 | J23: 82 | N23: 77 | R23: 77 | V23: =SUM(F23,J23,N23,R23)/4 -> 80.25 | Z23: =IF(V23>=75,"PASSED","FAILED") -> PASSED
A24: 13 | B24: ='INPUT DATA'!B24:D24 -> NACAWILI, ANDRIE L. | F24: 90 | J24: 91 | N24: 90 | R24: 89 | V24: =SUM(F24,J24,N24,R24)/4 -> 90 | Z24: =IF(V24>=75,"PASSED","FAILED") -> PASSED
A25: 14 | B25: ='INPUT DATA'!B25:D25 -> OLIVERIO, CYREL JAY G. | F25: 73 | J25: 73 | N25: 74 | R25: 60 | V25: =SUM(F25,J25,N25,R25)/4 -> 70 | Z25: =IF(V25>=75,"PASSED","FAILED") -> FAILED
A26: 15 | B26: ='INPUT DATA'!B26:D26 -> ORBITA,BRENN JOHN A. | F26: 89 | J26: 88 | N26: 90 | R26: 91 | V26: =SUM(F26,J26,N26,R26)/4 -> 89.5 | Z26: =IF(V26>=75,"PASSED","FAILED") -> PASSED
A27: 16 | B27: ='INPUT DATA'!B27:D27 -> PAINLO,SHERWIN V. | F27: 90 | J27: 92 | N27: 91 | R27: 92 | V27: =SUM(F27,J27,N27,R27)/4 -> 91.25 | Z27: =IF(V27>=75,"PASSED","FAILED") -> PASSED
A28: 17 | B28: ='INPUT DATA'!B28:D28 -> RAMIREZ, MATTEO JOHN DAVE D. | V28: =SUM(F28,J28,N28,R28)/4 -> 0 | Z28: =IF(V28>=75,"PASSED","FAILED") -> FAILED
A29: 18 | B29: ='INPUT DATA'!B29:D29 -> SIGUIRA, JASTINE B. | V29: =SUM(F29,J29,N29,R29)/4 -> 0 | Z29: =IF(V29>=75,"PASSED","FAILED") -> FAILED
A30: 19 | B30: ='INPUT DATA'!B30:D30 -> TAA, JHONVINZ Y. | F30: 75 | J30: 75 | N30: 76 | R30: 75 | V30: =SUM(F30,J30,N30,R30)/4 -> 75.25 | Z30: =IF(V30>=75,"PASSED","FAILED") -> PASSED
A31: 20 | B31: ='INPUT DATA'!B31:D31 -> ZOILO, JOHN LORENCE M. | F31: 85 | J31: 84 | N31: 85 | R31: 86 | V31: =SUM(F31,J31,N31,R31)/4 -> 85 | Z31: =IF(V31>=75,"PASSED","FAILED") -> PASSED
A32: 21 | B32: CABO, JEREM | F32: 75 | J32: 75 | N32: 75 | R32: 80 | V32: =SUM(F32,J32,N32,R32)/4 -> 76.25 | Z32: =IF(V32>=75,"PASSED","FAILED") -> PASSED
A33: 22 | B33: ='INPUT DATA'!B33:D33 -> 0 | V33: =SUM(F33,J33,N33,R33)/4 -> 0 | Z33: =IF(V33>=75,"PASSED","FAILED") -> FAILED
A34: 23 | B34: ='INPUT DATA'!B34:D34 -> 0 | V34: =SUM(F34,J34,N34,R34)/4 -> 0 | Z34: =IF(V34>=75,"PASSED","FAILED") -> FAILED
A35: 24 | B35: ='INPUT DATA'!B35:D35 -> 0 | V35: =SUM(F35,J35,N35,R35)/4 -> 0 | Z35: =IF(V35>=75,"PASSED","FAILED") -> FAILED
A36: 25 | B36: ='INPUT DATA'!B36:D36 -> 0 | V36: =SUM(F36,J36,N36,R36)/4 -> 0 | Z36: =IF(V36>=75,"PASSED","FAILED") -> FAILED
A37: 26 | B37: ='INPUT DATA'!B37:D37 -> 0 | V37: =SUM(F37,J37,N37,R37)/4 -> 0 | Z37: =IF(V37>=75,"PASSED","FAILED") -> FAILED
A38: 27 | B38: ='INPUT DATA'!B38:D38 -> 0 | V38: =SUM(F38,J38,N38,R38)/4 -> 0 | Z38: =IF(V38>=75,"PASSED","FAILED") -> FAILED
A39: 28 | B39: ='INPUT DATA'!B39:D39 -> 0 | V39: =SUM(F39,J39,N39,R39)/4 -> 0 | Z39: =IF(V39>=75,"PASSED","FAILED") -> FAILED
A40: 29 | B40: ='INPUT DATA'!B40:D40 -> 0 | V40: =SUM(F40,J40,N40,R40)/4 -> 0 | Z40: =IF(V40>=75,"PASSED","FAILED") -> FAILED
A41: 30 | B41: ='INPUT DATA'!B41:D41 -> 0 | V41: =SUM(F41,J41,N41,R41)/4 -> 0 | Z41: =IF(V41>=75,"PASSED","FAILED") -> FAILED
A42: 31 | B42: ='INPUT DATA'!B42:D42 -> 0 | V42: =SUM(F42,J42,N42,R42)/4 -> 0 | Z42: =IF(V42>=75,"PASSED","FAILED") -> FAILED
A43: 32 | B43: ='INPUT DATA'!B43:D43 -> 0 | V43: =SUM(F43,J43,N43,R43)/4 -> 0 | Z43: =IF(V43>=75,"PASSED","FAILED") -> FAILED
A44: 33 | B44: ='INPUT DATA'!B44:D44 -> 0 | V44: =SUM(F44,J44,N44,R44)/4 -> 0 | Z44: =IF(V44>=75,"PASSED","FAILED") -> FAILED
A45: 34 | B45: ='INPUT DATA'!B45:D45 -> 0 | Z45: =IF(V45>=75,"PASSED","FAILED") -> FAILED
A46: 35 | B46: ='INPUT DATA'!B46:D46 -> 0 | Z46: =IF(V46>=75,"PASSED","FAILED") -> FAILED
A47: 36 | B47: ='INPUT DATA'!B47:D47 -> 0 | Z47: =IF(V47>=75,"PASSED","FAILED") -> FAILED
A48: 37 | B48: ='INPUT DATA'!B48:D48 -> 0 | Z48: =IF(V48>=75,"PASSED","FAILED") -> FAILED
A49: 38 | B49: ='INPUT DATA'!B49:D49 -> 0 | Z49: =IF(V49>=75,"PASSED","FAILED") -> FAILED
A50: 39 | B50: ='INPUT DATA'!B50:D50 -> 0 | Z50: =IF(V50>=75,"PASSED","FAILED") -> FAILED
B51: FEMALE
A52: 1 | B52: ='INPUT DATA'!B53:D53 -> ANGCOY, PRINCESS NAILLE T. | F52: 82 | J52: 84 | N52: 83 | R52: 84 | V52: =SUM(F52,J52,N52,R52)/4 -> 83.25 | Z52: =IF(V52>=75,"PASSED","FAILED") -> PASSED
A53: 2 | B53: ='INPUT DATA'!B54:D54 -> BIMOS, SHEILLA KATE O. | F53: 89 | J53: 90 | N53: 90 | R53: 91 | V53: =SUM(F53,J53,N53,R53)/4 -> 90 | Z53: =IF(V53>=75,"PASSED","FAILED") -> PASSED
A54: 3 | B54: ='INPUT DATA'!B55:D55 -> BONGABONG, DWEYN ZHAIRA A. | F54: 91 | J54: 92 | N54: 90 | R54: 91 | V54: =SUM(F54,J54,N54,R54)/4 -> 91 | Z54: =IF(V54>=75,"PASSED","FAILED") -> PASSED
A55: 4 | B55: ='INPUT DATA'!B56:D56 -> CABEL, LOURENE A. | F55: 90 | J55: 92 | N55: 90 | R55: 91 | V55: =SUM(F55,J55,N55,R55)/4 -> 90.75 | Z55: =IF(V55>=75,"PASSED","FAILED") -> PASSED
A56: 5 | B56: ='INPUT DATA'!B57:D57 -> CAMIGAO, DHENISE CLARE V. | F56: 84 | J56: 86 | N56: 86 | R56: 87 | V56: =SUM(F56,J56,N56,R56)/4 -> 85.75 | Z56: =IF(V56>=75,"PASSED","FAILED") -> PASSED
A57: 6 | B57: ='INPUT DATA'!B58:D58 -> CARISMA, NATHALIA MAE M. | F57: 84 | J57: 87 | N57: 88 | R57: 89 | V57: =SUM(F57,J57,N57,R57)/4 -> 87 | Z57: =IF(V57>=75,"PASSED","FAILED") -> PASSED
A58: 7 | B58: ='INPUT DATA'!B59:D59 -> CLARO, REANZ P. | F58: 88 | J58: 86 | N58: 86 | R58: 87 | V58: =SUM(F58,J58,N58,R58)/4 -> 86.75 | Z58: =IF(V58>=75,"PASSED","FAILED") -> PASSED
A59: 8 | B59: ='INPUT DATA'!B60:D60 -> FRANCISCO, YSABELLA BEATRICE B. | F59: 93 | J59: 93 | N59: 92 | R59: 93 | V59: =SUM(F59,J59,N59,R59)/4 -> 92.75 | Z59: =IF(V59>=75,"PASSED","FAILED") -> PASSED
A60: 9 | B60: ='INPUT DATA'!B61:D61 -> GALDO, ALYSSA RHIAN P. | V60: =SUM(F60,J60,N60,R60)/4 -> 0 | Z60: =IF(V60>=75,"PASSED","FAILED") -> FAILED
A61: 10 | B61: ='INPUT DATA'!B62:D62 -> HURAÑO, RIOMI M. | F61: 87 | J61: 89 | N61: 92 | R61: 92 | V61: =SUM(F61,J61,N61,R61)/4 -> 90 | Z61: =IF(V61>=75,"PASSED","FAILED") -> PASSED
A62: 11 | B62: ='INPUT DATA'!B63:D63 -> LAGUNA, WELLAIZA O. | V62: =SUM(F62,J62,N62,R62)/4 -> 0 | Z62: =IF(V62>=75,"PASSED","FAILED") -> FAILED
A63: 12 | B63: ='INPUT DATA'!B64:D64 -> LAZAGA, PRINCESS JEAN O. | F63: 86 | J63: 88 | N63: 88 | R63: 89 | V63: =SUM(F63,J63,N63,R63)/4 -> 87.75 | Z63: =IF(V63>=75,"PASSED","FAILED") -> PASSED
A64: 13 | B64: ='INPUT DATA'!B65:D65 -> LIBRES, MIKYLLA B. | F64: 82 | J64: 84 | N64: 84 | R64: 85 | V64: =SUM(F64,J64,N64,R64)/4 -> 83.75 | Z64: =IF(V64>=75,"PASSED","FAILED") -> PASSED
A65: 14 | B65: ='INPUT DATA'!B66:D66 -> LIM, LENNIE GRACE S. | F65: 84 | J65: 87 | N65: 88 | R65: 89 | V65: =SUM(F65,J65,N65,R65)/4 -> 87 | Z65: =IF(V65>=75,"PASSED","FAILED") -> PASSED
A66: 15 | B66: ='INPUT DATA'!B67:D67 -> MASAYON, RHEA JANE L. | F66: 82 | J66: 81 | N66: 77 | R66: 76 | V66: =SUM(F66,J66,N66,R66)/4 -> 79 | Z66: =IF(V66>=75,"PASSED","FAILED") -> PASSED
A67: 16 | B67: ='INPUT DATA'!B68:D68 -> MORANCIL, JENEVI A. | F67: 86 | J67: 90 | N67: 89 | R67: 90 | V67: =SUM(F67,J67,N67,R67)/4 -> 88.75 | Z67: =IF(V67>=75,"PASSED","FAILED") -> PASSED
A68: 17 | B68: ='INPUT DATA'!B69:D69 -> PATRICIO, MICHA ELLA P. | F68: 80 | J68: 81 | N68: 81 | R68: 82 | V68: =SUM(F68,J68,N68,R68)/4 -> 81 | Z68: =IF(V68>=75,"PASSED","FAILED") -> PASSED
A69: 18 | B69: ='INPUT DATA'!B70:D70 -> PELINGON , ASHLEY C. | F69: 88 | J69: 87 | N69: 86 | R69: 87 | V69: =SUM(F69,J69,N69,R69)/4 -> 87 | Z69: =IF(V69>=75,"PASSED","FAILED") -> PASSED
A70: 19 | B70: ='INPUT DATA'!B71:D71 -> PEREZ, MERCY JEAN T. | F70: 80 | J70: 75 | N70: 75 | R70: 76 | V70: =SUM(F70,J70,N70,R70)/4 -> 76.5 | Z70: =IF(V70>=75,"PASSED","FAILED") -> PASSED
A71: 20 | B71: ='INPUT DATA'!B72:D72 -> PINGOT, RHEA L. | F71: 75 | J71: 70 | N71: 70 | R71: 70 | V71: =SUM(F71,J71,N71,R71)/4 -> 71.25 | Z71: =IF(V71>=75,"PASSED","FAILED") -> FAILED
A72: 21 | B72: ='INPUT DATA'!B73:D73 -> QUILAT, FERRA MAE | F72: 75 | J72: 74 | N72: 74 | R72: 77 | V72: =SUM(F72,J72,N72,R72)/4 -> 75 | Z72: =IF(V72>=75,"PASSED","FAILED") -> PASSED
A73: 22 | B73: ='INPUT DATA'!B74:D74 -> ROSALES, RYZA MAE C. | F73: 88 | J73: 90 | N73: 89 | R73: 89 | V73: =SUM(F73,J73,N73,R73)/4 -> 89 | Z73: =IF(V73>=75,"PASSED","FAILED") -> PASSED
A74: 23 | B74: =FILIPINO!B70 -> 0 | V74: =SUM(F74,J74,N74,R74)/4 -> 0 | Z74: =IF(V74>=75,"PASSED","FAILED") -> FAILED
A75: 24 | B75: =FILIPINO!B71 -> 0 | V75: =SUM(F75,J75,N75,R75)/4 -> 0 | Z75: =IF(V75>=75,"PASSED","FAILED") -> FAILED
A76: 25 | B76: =FILIPINO!B72 -> 0 | V76: =SUM(F76,J76,N76,R76)/4 -> 0 | Z76: =IF(V76>=75,"PASSED","FAILED") -> FAILED
A77: 26 | B77: =FILIPINO!B73 -> 0 | V77: =SUM(F77,J77,N77,R77)/4 -> 0 | Z77: =IF(V77>=75,"PASSED","FAILED") -> FAILED
A78: 27 | B78: =FILIPINO!B74 -> 0 | V78: =SUM(F78,J78,N78,R78)/4 -> 0 | Z78: =IF(V78>=75,"PASSED","FAILED") -> FAILED
A79: 28 | B79: =FILIPINO!B75 -> 0 | V79: =SUM(F79,J79,N79,R79)/4 -> 0 | Z79: =IF(V79>=75,"PASSED","FAILED") -> FAILED
A80: 29 | B80: =FILIPINO!B76 -> 0 | V80: =SUM(F80,J80,N80,R80)/4 -> 0 | Z80: =IF(V80>=75,"PASSED","FAILED") -> FAILED
A81: 30 | B81: =FILIPINO!B77 -> 0 | V81: =SUM(F81,J81,N81,R81)/4 -> 0 | Z81: =IF(V81>=75,"PASSED","FAILED") -> FAILED
A82: 31 | B82: =FILIPINO!B78 -> 0 | V82: =SUM(F82,J82,N82,R82)/4 -> 0
A83: 32 | B83: =FILIPINO!B79 -> 0 | V83: =SUM(F83,J83,N83,R83)/4 -> 0
A84: 33 | B84: =FILIPINO!B80 -> 0 | V84: =SUM(F84,J84,N84,R84)/4 -> 0
A85: 34 | B85: =FILIPINO!B81 -> 0 | V85: =SUM(F85,J85,N85,R85)/4 -> 0
A86: 35 | B86: =FILIPINO!B82 -> 0 | V86: =SUM(F86,J86,N86,R86)/4 -> 0

Sheet AP
A1: Summary of Quarterly Grades
C5: REGION | G5: XI | L5: DIVISION | O5: Panabo City
B6: SCHOOL NAME | G6: QUEZON NATIONAL HIGH SCHOOL | S6: SCHOOL ID | W6: 316405
B7: LEARNERS' NAMES | F7: GRADE & SECTION: | K7: ='INPUT DATA'!K7 -> 8 - ARIES | S7: SCHOOL YEAR: | W7: ='INPUT DATA'!AG5 -> 2025 - 2026
F8: TEACHER: | K8: JAY R. COGAL | S8: SUBJECT: | W8: ARALING PANLIPUNAN
F9: AP | J9: AP | N9: AP | R9: AP | V9: FINAL | Z9: REMARK
F10: 1st Quarter | J10: 2nd Quarter | N10: 3rd Quarter | R10: 4th Quarter | V10: GRADE
B11: MALE
A12: 1 | B12: ='INPUT DATA'!B12:D12 -> ANUBLING, REGIE C. | F12: 70 | J12: 75 | N12: 77 | R12: 79 | V12: =SUM(F12,J12,N12,R12)/4 -> 75.25 | Z12: =IF(V12>=75,"PASSED","FAILED") -> PASSED
A13: 2 | B13: ='INPUT DATA'!B13:D13 -> BANGCOY, JOHN PAUL P. | V13: =SUM(F13,J13,N13,R13)/4 -> 0 | Z13: =IF(V13>=75,"PASSED","FAILED") -> FAILED
A14: 3 | B14: ='INPUT DATA'!B14:D14 -> BARRIENTOS, JOHN PAUL M. | F14: 88 | J14: 86 | N14: 87 | R14: 90 | V14: =SUM(F14,J14,N14,R14)/4 -> 87.75 | Z14: =IF(V14>=75,"PASSED","FAILED") -> PASSED
A15: 4 | B15: ='INPUT DATA'!B15:D15 -> BRIGOLE, ROMEL | V15: =SUM(F15,J15,N15,R15)/4 -> 0 | Z15: =IF(V15>=75,"PASSED","FAILED") -> FAILED
A16: 5 | B16: ='INPUT DATA'!B16:D16 -> BULAHAN,ROVIC L. | F16: 91 | J16: 87 | N16: 90 | R16: 90 | V16: =SUM(F16,J16,N16,R16)/4 -> 89.5 | Z16: =IF(V16>=75,"PASSED","FAILED") -> PASSED
A17: 6 | B17: ='INPUT DATA'!B17:D17 -> CIJAS, ROLIE JR. A. | F17: 83 | J17: 84 | N17: 87 | R17: 92 | V17: =SUM(F17,J17,N17,R17)/4 -> 86.5 | Z17: =IF(V17>=75,"PASSED","FAILED") -> PASSED
A18: 7 | B18: ='INPUT DATA'!B18:D18 -> GARCIA, DAVE P. | F18: 80 | J18: 78 | N18: 80 | R18: 85 | V18: =SUM(F18,J18,N18,R18)/4 -> 80.75 | Z18: =IF(V18>=75,"PASSED","FAILED") -> PASSED
A19: 8 | B19: ='INPUT DATA'!B19:D19 -> GONZALES, JAMES A. | D19: 0 | F19: 80 | J19: 80 | N19: 80 | R19: 79 | V19: =SUM(F19,J19,N19,R19)/4 -> 79.75 | Z19: =IF(V19>=75,"PASSED","FAILED") -> PASSED
A20: 9 | B20: ='INPUT DATA'!B20:D20 -> LAGUNA, J.B. B. | F20: 85 | J20: 85 | N20: 82 | R20: 88 | V20: =SUM(F20,J20,N20,R20)/4 -> 85 | Z20: =IF(V20>=75,"PASSED","FAILED") -> PASSED
A21: 10 | B21: ='INPUT DATA'!B21:D21 -> LARODA, STEVEN S. | F21: 71 | J21: 75 | N21: 75 | R21: 82 | V21: =SUM(F21,J21,N21,R21)/4 -> 75.75 | Z21: =IF(V21>=75,"PASSED","FAILED") -> PASSED
A22: 11 | B22: ='INPUT DATA'!B22:D22 -> MERINO, SEDRIK R. | D22: 0 | F22: 70 | J22: 70 | N22: 75 | R22: 65 | V22: =SUM(F22,J22,N22,R22)/4 -> 70 | Z22: =IF(V22>=75,"PASSED","FAILED") -> FAILED
A23: 12 | B23: ='INPUT DATA'!B23:D23 -> MONTERAS, VINCENT S. | F23: 79 | J23: 77 | N23: 79 | R23: 76 | V23: =SUM(F23,J23,N23,R23)/4 -> 77.75 | Z23: =IF(V23>=75,"PASSED","FAILED") -> PASSED
A24: 13 | B24: ='INPUT DATA'!B24:D24 -> NACAWILI, ANDRIE L. | F24: 80 | J24: 86 | N24: 83 | R24: 82 | V24: =SUM(F24,J24,N24,R24)/4 -> 82.75 | Z24: =IF(V24>=75,"PASSED","FAILED") -> PASSED
A25: 14 | B25: ='INPUT DATA'!B25:D25 -> OLIVERIO, CYREL JAY G. | F25: 70 | J25: 75 | N25: 70 | R25: 65 | V25: =SUM(F25,J25,N25,R25)/4 -> 70 | Z25: =IF(V25>=75,"PASSED","FAILED") -> FAILED
A26: 15 | B26: ='INPUT DATA'!B26:D26 -> ORBITA,BRENN JOHN A. | F26: 88 | J26: 84 | N26: 84 | R26: 80 | V26: =SUM(F26,J26,N26,R26)/4 -> 84 | Z26: =IF(V26>=75,"PASSED","FAILED") -> PASSED
A27: 16 | B27: ='INPUT DATA'!B27:D27 -> PAINLO,SHERWIN V. | F27: 88 | J27: 91 | N27: 90 | R27: 92 | V27: =SUM(F27,J27,N27,R27)/4 -> 90.25 | Z27: =IF(V27>=75,"PASSED","FAILED") -> PASSED
A28: 17 | B28: ='INPUT DATA'!B28:D28 -> RAMIREZ, MATTEO JOHN DAVE D. | V28: =SUM(F28,J28,N28,R28)/4 -> 0 | Z28: =IF(V28>=75,"PASSED","FAILED") -> FAILED
A29: 18 | B29: ='INPUT DATA'!B29:D29 -> SIGUIRA, JASTINE B. | V29: =SUM(F29,J29,N29,R29)/4 -> 0 | Z29: =IF(V29>=75,"PASSED","FAILED") -> FAILED
A30: 19 | B30: ='INPUT DATA'!B30:D30 -> TAA, JHONVINZ Y. | F30: 71 | J30: 76 | N30: 76 | R30: 80 | V30: =SUM(F30,J30,N30,R30)/4 -> 75.75 | Z30: =IF(V30>=75,"PASSED","FAILED") -> PASSED
A31: 20 | B31: ='INPUT DATA'!B31:D31 -> ZOILO, JOHN LORENCE M. | F31: 81 | J31: 79 | N31: 79 | R31: 76 | V31: =SUM(F31,J31,N31,R31)/4 -> 78.75 | Z31: =IF(V31>=75,"PASSED","FAILED") -> PASSED
A32: 21 | B32: CABO, JEREM | F32: 77 | J32: 77 | N32: 78 | R32: 76 | V32: =SUM(F32,J32,N32,R32)/4 -> 77 | Z32: =IF(V32>=75,"PASSED","FAILED") -> PASSED
A33: 22 | B33: ='INPUT DATA'!B33:D33 -> 0 | V33: =SUM(F33,J33,N33,R33)/4 -> 0 | Z33: =IF(V33>=75,"PASSED","FAILED") -> FAILED
A34: 23 | B34: ='INPUT DATA'!B34:D34 -> 0 | V34: =SUM(F34,J34,N34,R34)/4 -> 0 | Z34: =IF(V34>=75,"PASSED","FAILED") -> FAILED
A35: 24 | B35: ='INPUT DATA'!B35:D35 -> 0 | V35: =SUM(F35,J35,N35,R35)/4 -> 0 | Z35: =IF(V35>=75,"PASSED","FAILED") -> FAILED
A36: 25 | B36: ='INPUT DATA'!B36:D36 -> 0 | V36: =SUM(F36,J36,N36,R36)/4 -> 0 | Z36: =IF(V36>=75,"PASSED","FAILED") -> FAILED
A37: 26 | B37: ='INPUT DATA'!B37:D37 -> 0 | V37: =SUM(F37,J37,N37,R37)/4 -> 0 | Z37: =IF(V37>=75,"PASSED","FAILED") -> FAILED
A38: 27 | B38: ='INPUT DATA'!B38:D38 -> 0 | V38: =SUM(F38,J38,N38,R38)/4 -> 0 | Z38: =IF(V38>=75,"PASSED","FAILED") -> FAILED
A39: 28 | B39: ='INPUT DATA'!B39:D39 -> 0 | V39: =SUM(F39,J39,N39,R39)/4 -> 0 | Z39: =IF(V39>=75,"PASSED","FAILED") -> FAILED
A40: 29 | B40: ='INPUT DATA'!B40:D40 -> 0 | V40: =SUM(F40,J40,N40,R40)/4 -> 0 | Z40: =IF(V40>=75,"PASSED","FAILED") -> FAILED
A41: 30 | B41: ='INPUT DATA'!B41:D41 -> 0 | V41: =SUM(F41,J41,N41,R41)/4 -> 0 | Z41: =IF(V41>=75,"PASSED","FAILED") -> FAILED
A42: 31 | B42: ='INPUT DATA'!B42:D42 -> 0 | V42: =SUM(F42,J42,N42,R42)/4 -> 0 | Z42: =IF(V42>=75,"PASSED","FAILED") -> FAILED
A43: 32 | B43: ='INPUT DATA'!B43:D43 -> 0 | V43: =SUM(F43,J43,N43,R43)/4 -> 0 | Z43: =IF(V43>=75,"PASSED","FAILED") -> FAILED
A44: 33 | B44: ='INPUT DATA'!B44:D44 -> 0 | V44: =SUM(F44,J44,N44,R44)/4 -> 0 | Z44: =IF(V44>=75,"PASSED","FAILED") -> FAILED
A45: 34 | B45: ='INPUT DATA'!B45:D45 -> 0 | Z45: =IF(V45>=75,"PASSED","FAILED") -> FAILED
A46: 35 | B46: ='INPUT DATA'!B46:D46 -> 0 | Z46: =IF(V46>=75,"PASSED","FAILED") -> FAILED
A47: 36 | B47: ='INPUT DATA'!B47:D47 -> 0 | Z47: =IF(V47>=75,"PASSED","FAILED") -> FAILED
A48: 37 | B48: ='INPUT DATA'!B48:D48 -> 0 | Z48: =IF(V48>=75,"PASSED","FAILED") -> FAILED
A49: 38 | B49: ='INPUT DATA'!B49:D49 -> 0 | Z49: =IF(V49>=75,"PASSED","FAILED") -> FAILED
A50: 39 | B50: ='INPUT DATA'!B50:D50 -> 0 | Z50: =IF(V50>=75,"PASSED","FAILED") -> FAILED
B51: FEMALE
A52: 1 | B52: ='INPUT DATA'!B53:D53 -> ANGCOY, PRINCESS NAILLE T. | F52: 77 | J52: 80 | N52: 80 | R52: 85 | V52: =SUM(F52,J52,N52,R52)/4 -> 80.5 | Z52: =IF(V52>=75,"PASSED","FAILED") -> PASSED
A53: 2 | B53: ='INPUT DATA'!B54:D54 -> BIMOS, SHEILLA KATE O. | F53: 83 | J53: 83 | N53: 83 | R53: 90 | V53: =SUM(F53,J53,N53,R53)/4 -> 84.75 | Z53: =IF(V53>=75,"PASSED","FAILED") -> PASSED
A54: 3 | B54: ='INPUT DATA'!B55:D55 -> BONGABONG, DWEYN ZHAIRA A. | F54: 87 | J54: 87 | N54: 87 | R54: 90 | V54: =SUM(F54,J54,N54,R54)/4 -> 87.75 | Z54: =IF(V54>=75,"PASSED","FAILED") -> PASSED
A55: 4 | B55: ='INPUT DATA'!B56:D56 -> CABEL, LOURENE A. | F55: 88 | J55: 88 | N55: 88 | R55: 92 | V55: =SUM(F55,J55,N55,R55)/4 -> 89 | Z55: =IF(V55>=75,"PASSED","FAILED") -> PASSED
A56: 5 | B56: ='INPUT DATA'!B57:D57 -> CAMIGAO, DHENISE CLARE V. | F56: 84 | J56: 83 | N56: 83 | R56: 83 | V56: =SUM(F56,J56,N56,R56)/4 -> 83.25 | Z56: =IF(V56>=75,"PASSED","FAILED") -> PASSED
A57: 6 | B57: ='INPUT DATA'!B58:D58 -> CARISMA, NATHALIA MAE M. | F57: 85 | J57: 84 | N57: 84 | R57: 88 | V57: =SUM(F57,J57,N57,R57)/4 -> 85.25 | Z57: =IF(V57>=75,"PASSED","FAILED") -> PASSED
A58: 7 | B58: ='INPUT DATA'!B59:D59 -> CLARO, REANZ P. | F58: 79 | J58: 83 | N58: 80 | R58: 81 | V58: =SUM(F58,J58,N58,R58)/4 -> 80.75 | Z58: =IF(V58>=75,"PASSED","FAILED") -> PASSED
A59: 8 | B59: ='INPUT DATA'!B60:D60 -> FRANCISCO, YSABELLA BEATRICE B. | F59: 91 | J59: 89 | N59: 89 | R59: 92 | V59: =SUM(F59,J59,N59,R59)/4 -> 90.25 | Z59: =IF(V59>=75,"PASSED","FAILED") -> PASSED
A60: 9 | B60: ='INPUT DATA'!B61:D61 -> GALDO, ALYSSA RHIAN P. | V60: =SUM(F60,J60,N60,R60)/4 -> 0 | Z60: =IF(V60>=75,"PASSED","FAILED") -> FAILED
A61: 10 | B61: ='INPUT DATA'!B62:D62 -> HURAÑO, RIOMI M. | F61: 82 | J61: 83 | N61: 84 | R61: 88 | V61: =SUM(F61,J61,N61,R61)/4 -> 84.25 | Z61: =IF(V61>=75,"PASSED","FAILED") -> PASSED
A62: 11 | B62: ='INPUT DATA'!B63:D63 -> LAGUNA, WELLAIZA O. | V62: =SUM(F62,J62,N62,R62)/4 -> 0 | Z62: =IF(V62>=75,"PASSED","FAILED") -> FAILED
A63: 12 | B63: ='INPUT DATA'!B64:D64 -> LAZAGA, PRINCESS JEAN O. | F63: 80 | J63: 84 | N63: 83 | R63: 87 | V63: =SUM(F63,J63,N63,R63)/4 -> 83.5 | Z63: =IF(V63>=75,"PASSED","FAILED") -> PASSED
A64: 13 | B64: ='INPUT DATA'!B65:D65 -> LIBRES, MIKYLLA B. | F64: 72 | J64: 75 | N64: 75 | R64: 82 | V64: =SUM(F64,J64,N64,R64)/4 -> 76 | Z64: =IF(V64>=75,"PASSED","FAILED") -> PASSED
A65: 14 | B65: ='INPUT DATA'!B66:D66 -> LIM, LENNIE GRACE S. | F65: 79 | J65: 85 | N65: 80 | R65: 85 | V65: =SUM(F65,J65,N65,R65)/4 -> 82.25 | Z65: =IF(V65>=75,"PASSED","FAILED") -> PASSED
A66: 15 | B66: ='INPUT DATA'!B67:D67 -> MASAYON, RHEA JANE L. | F66: 83 | J66: 79 | N66: 77 | R66: 75 | V66: =SUM(F66,J66,N66,R66)/4 -> 78.5 | Z66: =IF(V66>=75,"PASSED","FAILED") -> PASSED
A67: 16 | B67: ='INPUT DATA'!B68:D68 -> MORANCIL, JENEVI A. | F67: 77 | J67: 85 | N67: 81 | R67: 84 | V67: =SUM(F67,J67,N67,R67)/4 -> 81.75 | Z67: =IF(V67>=75,"PASSED","FAILED") -> PASSED
A68: 17 | B68: ='INPUT DATA'!B69:D69 -> PATRICIO, MICHA ELLA P. | F68: 71 | J68: 75 | N68: 76 | R68: 79 | V68: =SUM(F68,J68,N68,R68)/4 -> 75.25 | Z68: =IF(V68>=75,"PASSED","FAILED") -> PASSED
A69: 18 | B69: ='INPUT DATA'!B70:D70 -> PELINGON , ASHLEY C. | F69: 82 | J69: 83 | N69: 82 | R69: 85 | V69: =SUM(F69,J69,N69,R69)/4 -> 83 | Z69: =IF(V69>=75,"PASSED","FAILED") -> PASSED
A70: 19 | B70: ='INPUT DATA'!B71:D71 -> PEREZ, MERCY JEAN T. | F70: 71 | J70: 75 | N70: 75 | R70: 81 | V70: =SUM(F70,J70,N70,R70)/4 -> 75.5 | Z70: =IF(V70>=75,"PASSED","FAILED") -> PASSED
A71: 20 | B71: ='INPUT DATA'!B72:D72 -> PINGOT, RHEA L. | F71: 71 | J71: 70 | N71: 70 | R71: 65 | V71: =SUM(F71,J71,N71,R71)/4 -> 69 | Z71: =IF(V71>=75,"PASSED","FAILED") -> FAILED
A72: 21 | B72: ='INPUT DATA'!B73:D73 -> QUILAT, FERRA MAE | F72: 71 | J72: 75 | N72: 73 | R72: 79 | V72: =SUM(F72,J72,N72,R72)/4 -> 74.5 | Z72: =IF(V72>=75,"PASSED","FAILED") -> FAILED
A73: 22 | B73: ='INPUT DATA'!B74:D74 -> ROSALES, RYZA MAE C. | F73: 80 | J73: 86 | N73: 84 | R73: 88 | V73: =SUM(F73,J73,N73,R73)/4 -> 84.5 | Z73: =IF(V73>=75,"PASSED","FAILED") -> PASSED
A74: 23 | B74: =SCIENCE!B74 -> 0 | V74: =SUM(F74,J74,N74,R74)/4 -> 0 | Z74: =IF(V74>=75,"PASSED","FAILED") -> FAILED
A75: 24 | B75: =SCIENCE!B75 -> 0 | V75: =SUM(F75,J75,N75,R75)/4 -> 0 | Z75: =IF(V75>=75,"PASSED","FAILED") -> FAILED
A76: 25 | B76: =SCIENCE!B76 -> 0 | V76: =SUM(F76,J76,N76,R76)/4 -> 0 | Z76: =IF(V76>=75,"PASSED","FAILED") -> FAILED
A77: 26 | B77: =SCIENCE!B77 -> 0 | V77: =SUM(F77,J77,N77,R77)/4 -> 0 | Z77: =IF(V77>=75,"PASSED","FAILED") -> FAILED
A78: 27 | B78: =SCIENCE!B78 -> 0 | V78: =SUM(F78,J78,N78,R78)/4 -> 0 | Z78: =IF(V78>=75,"PASSED","FAILED") -> FAILED
A79: 28 | B79: =SCIENCE!B79 -> 0 | V79: =SUM(F79,J79,N79,R79)/4 -> 0 | Z79: =IF(V79>=75,"PASSED","FAILED") -> FAILED
A80: 29 | B80: =SCIENCE!B80 -> 0 | V80: =SUM(F80,J80,N80,R80)/4 -> 0 | Z80: =IF(V80>=75,"PASSED","FAILED") -> FAILED
A81: 30 | B81: =SCIENCE!B81 -> 0 | V81: =SUM(F81,J81,N81,R81)/4 -> 0 | Z81: =IF(V81>=75,"PASSED","FAILED") -> FAILED
A82: 31 | B82: =SCIENCE!B82 -> 0 | V82: =SUM(F82,J82,N82,R82)/4 -> 0
A83: 32 | B83: =SCIENCE!B83 -> 0 | V83: =SUM(F83,J83,N83,R83)/4 -> 0
A84: 33 | B84: =SCIENCE!B84 -> 0 | V84: =SUM(F84,J84,N84,R84)/4 -> 0
A85: 34 | B85: =SCIENCE!B85 -> 0 | V85: =SUM(F85,J85,N85,R85)/4 -> 0
A86: 35 | B86: =SCIENCE!B86 -> 0 | V86: =SUM(F86,J86,N86,R86)/4 -> 0

Sheet VALED
A1: Summary of Quarterly Grades
C5: REGION | G5: XI | L5: DIVISION | O5: Panabo City
B6: SCHOOL NAME | G6: QUEZON NATIONAL HIGH SCHOOL | S6: SCHOOL ID | W6: 316405
B7: LEARNERS' NAMES | F7: GRADE & SECTION: | K7: ='INPUT DATA'!K7 -> 8 - ARIES | S7: SCHOOL YEAR: | W7: ='INPUT DATA'!AG5 -> 2025 - 2026
F8: TEACHER: | K8: NOEMI TIMBAL | S8: SUBJECT: | W8: EDUKASYON SA PAGPAPAKATAO
F9: ESP | J9: ESP | N9: ESP | R9: ESP | V9: FINAL | Z9: REMARK
F10: 1st Quarter | J10: 2nd Quarter | N10: 3rd Quarter | R10: 4th Quarter | V10: GRADE
B11: MALE
A12: 1 | B12: ='INPUT DATA'!B12:D12 -> ANUBLING, REGIE C. | F12: 80 | J12: 80 | N12: 80 | R12: 80 | V12: =SUM(F12,J12,N12,R12)/4 -> 80 | Z12: =IF(V12>=75,"PASSED","FAILED") -> PASSED
A13: 2 | B13: ='INPUT DATA'!B13:D13 -> BANGCOY, JOHN PAUL P. | F13: 70 | J13: 70 | N13: 70 | R13: 70 | V13: =SUM(F13,J13,N13,R13)/4 -> 70 | Z13: =IF(V13>=75,"PASSED","FAILED") -> FAILED
A14: 3 | B14: ='INPUT DATA'!B14:D14 -> BARRIENTOS, JOHN PAUL M. | F14: 85 | J14: 88 | N14: 92 | R14: 95 | V14: =SUM(F14,J14,N14,R14)/4 -> 90 | Z14: =IF(V14>=75,"PASSED","FAILED") -> PASSED
A15: 4 | B15: ='INPUT DATA'!B15:D15 -> BRIGOLE, ROMEL | F15: 70 | J15: 70 | N15: 70 | R15: 70 | V15: =SUM(F15,J15,N15,R15)/4 -> 70 | Z15: =IF(V15>=75,"PASSED","FAILED") -> FAILED
A16: 5 | B16: ='INPUT DATA'!B16:D16 -> BULAHAN,ROVIC L. | F16: 80 | J16: 87 | N16: 90 | R16: 91 | V16: =SUM(F16,J16,N16,R16)/4 -> 87 | Z16: =IF(V16>=75,"PASSED","FAILED") -> PASSED
A17: 6 | B17: ='INPUT DATA'!B17:D17 -> CIJAS, ROLIE JR. A. | F17: 81 | J17: 87 | N17: 91 | R17: 92 | V17: =SUM(F17,J17,N17,R17)/4 -> 87.75 | Z17: =IF(V17>=75,"PASSED","FAILED") -> PASSED
A18: 7 | B18: ='INPUT DATA'!B18:D18 -> GARCIA, DAVE P. | F18: 78 | J18: 83 | N18: 82 | R18: 84 | V18: =SUM(F18,J18,N18,R18)/4 -> 81.75 | Z18: =IF(V18>=75,"PASSED","FAILED") -> PASSED
A19: 8 | B19: ='INPUT DATA'!B19:D19 -> GONZALES, JAMES A. | D19: 0 | F19: 80 | J19: 81 | N19: 83 | R19: 84 | V19: =SUM(F19,J19,N19,R19)/4 -> 82 | Z19: =IF(V19>=75,"PASSED","FAILED") -> PASSED
A20: 9 | B20: ='INPUT DATA'!B20:D20 -> LAGUNA, J.B. B. | F20: 83 | J20: 87 | N20: 88 | R20: 92 | V20: =SUM(F20,J20,N20,R20)/4 -> 87.5 | Z20: =IF(V20>=75,"PASSED","FAILED") -> PASSED
A21: 10 | B21: ='INPUT DATA'!B21:D21 -> LARODA, STEVEN S. | F21: 80 | J21: 81 | N21: 80 | R21: 82 | V21: =SUM(F21,J21,N21,R21)/4 -> 80.75 | Z21: =IF(V21>=75,"PASSED","FAILED") -> PASSED
A22: 11 | B22: ='INPUT DATA'!B22:D22 -> MERINO, SEDRIK R. | D22: 0 | F22: 80 | J22: 70 | N22: 70 | R22: 60 | V22: =SUM(F22,J22,N22,R22)/4 -> 70 | Z22: =IF(V22>=75,"PASSED","FAILED") -> FAILED
A23: 12 | B23: ='INPUT DATA'!B23:D23 -> MONTERAS, VINCENT S. | F23: 80 | J23: 80 | N23: 80 | R23: 82 | V23: =SUM(F23,J23,N23,R23)/4 -> 80.5 | Z23: =IF(V23>=75,"PASSED","FAILED") -> PASSED
A24: 13 | B24: ='INPUT DATA'!B24:D24 -> NACAWILI, ANDRIE L. | F24: 81 | J24: 88 | N24: 89 | R24: 91 | V24: =SUM(F24,J24,N24,R24)/4 -> 87.25 | Z24: =IF(V24>=75,"PASSED","FAILED") -> PASSED
A25: 14 | B25: ='INPUT DATA'!B25:D25 -> OLIVERIO, CYREL JAY G. | F25: 79 | J25: 65 | N25: 65 | R25: 70 | V25: =SUM(F25,J25,N25,R25)/4 -> 69.75 | Z25: =IF(V25>=75,"PASSED","FAILED") -> FAILED
A26: 15 | B26: ='INPUT DATA'!B26:D26 -> ORBITA,BRENN JOHN A. | F26: 80 | J26: 81 | N26: 80 | R26: 83 | V26: =SUM(F26,J26,N26,R26)/4 -> 81 | Z26: =IF(V26>=75,"PASSED","FAILED") -> PASSED
A27: 16 | B27: ='INPUT DATA'!B27:D27 -> PAINLO,SHERWIN V. | F27: 83 | J27: 89 | N27: 89 | R27: 91 | V27: =SUM(F27,J27,N27,R27)/4 -> 88 | Z27: =IF(V27>=75,"PASSED","FAILED") -> PASSED
A28: 17 | B28: ='INPUT DATA'!B28:D28 -> RAMIREZ, MATTEO JOHN DAVE D. | F28: 78 | V28: =SUM(F28,J28,N28,R28)/4 -> 19.5 | Z28: =IF(V28>=75,"PASSED","FAILED") -> FAILED
A29: 18 | B29: ='INPUT DATA'!B29:D29 -> SIGUIRA, JASTINE B. | F29: 78 | V29: =SUM(F29,J29,N29,R29)/4 -> 19.5 | Z29: =IF(V29>=75,"PASSED","FAILED") -> FAILED
A30: 19 | B30: ='INPUT DATA'!B30:D30 -> TAA, JHONVINZ Y. | F30: 80 | J30: 80 | N30: 80 | R30: 80 | V30: =SUM(F30,J30,N30,R30)/4 -> 80 | Z30: =IF(V30>=75,"PASSED","FAILED") -> PASSED
A31: 20 | B31: ='INPUT DATA'!B31:D31 -> ZOILO, JOHN LORENCE M. | F31: 80 | J31: 83 | N31: 81 | R31: 84 | V31: =SUM(F31,J31,N31,R31)/4 -> 82 | Z31: =IF(V31>=75,"PASSED","FAILED") -> PASSED
A32: 21 | B32: CABO, JEREM | F32: 82 | J32: 83 | N32: 82 | R32: 80 | V32: =SUM(F32,J32,N32,R32)/4 -> 81.75 | Z32: =IF(V32>=75,"PASSED","FAILED") -> PASSED
A33: 22 | B33: ='INPUT DATA'!B33:D33 -> 0 | V33: =SUM(F33,J33,N33,R33)/4 -> 0 | Z33: =IF(V33>=75,"PASSED","FAILED") -> FAILED
A34: 23 | B34: ='INPUT DATA'!B34:D34 -> 0 | V34: =SUM(F34,J34,N34,R34)/4 -> 0 | Z34: =IF(V34>=75,"PASSED","FAILED") -> FAILED
A35: 24 | B35: ='INPUT DATA'!B35:D35 -> 0 | V35: =SUM(F35,J35,N35,R35)/4 -> 0 | Z35: =IF(V35>=75,"PASSED","FAILED") -> FAILED
A36: 25 | B36: ='INPUT DATA'!B36:D36 -> 0 | V36: =SUM(F36,J36,N36,R36)/4 -> 0 | Z36: =IF(V36>=75,"PASSED","FAILED") -> FAILED
A37: 26 | B37: ='INPUT DATA'!B37:D37 -> 0 | V37: =SUM(F37,J37,N37,R37)/4 -> 0 | Z37: =IF(V37>=75,"PASSED","FAILED") -> FAILED
A38: 27 | B38: ='INPUT DATA'!B38:D38 -> 0 | V38: =SUM(F38,J38,N38,R38)/4 -> 0 | Z38: =IF(V38>=75,"PASSED","FAILED") -> FAILED
A39: 28 | B39: ='INPUT DATA'!B39:D39 -> 0 | V39: =SUM(F39,J39,N39,R39)/4 -> 0 | Z39: =IF(V39>=75,"PASSED","FAILED") -> FAILED
A40: 29 | B40: ='INPUT DATA'!B40:D40 -> 0 | V40: =SUM(F40,J40,N40,R40)/4 -> 0 | Z40: =IF(V40>=75,"PASSED","FAILED") -> FAILED
A41: 30 | B41: ='INPUT DATA'!B41:D41 -> 0 | V41: =SUM(F41,J41,N41,R41)/4 -> 0 | Z41: =IF(V41>=75,"PASSED","FAILED") -> FAILED
A42: 31 | B42: ='INPUT DATA'!B42:D42 -> 0 | V42: =SUM(F42,J42,N42,R42)/4 -> 0 | Z42: =IF(V42>=75,"PASSED","FAILED") -> FAILED
A43: 32 | B43: ='INPUT DATA'!B43:D43 -> 0 | V43: =SUM(F43,J43,N43,R43)/4 -> 0 | Z43: =IF(V43>=75,"PASSED","FAILED") -> FAILED
A44: 33 | B44: ='INPUT DATA'!B44:D44 -> 0 | V44: =SUM(F44,J44,N44,R44)/4 -> 0 | Z44: =IF(V44>=75,"PASSED","FAILED") -> FAILED
A45: 34 | B45: ='INPUT DATA'!B45:D45 -> 0 | Z45: =IF(V45>=75,"PASSED","FAILED") -> FAILED
A46: 35 | B46: ='INPUT DATA'!B46:D46 -> 0 | Z46: =IF(V46>=75,"PASSED","FAILED") -> FAILED
A47: 36 | B47: ='INPUT DATA'!B47:D47 -> 0 | Z47: =IF(V47>=75,"PASSED","FAILED") -> FAILED
A48: 37 | B48: ='INPUT DATA'!B48:D48 -> 0 | Z48: =IF(V48>=75,"PASSED","FAILED") -> FAILED
A49: 38 | B49: ='INPUT DATA'!B49:D49 -> 0 | Z49: =IF(V49>=75,"PASSED","FAILED") -> FAILED
A50: 39 | B50: ='INPUT DATA'!B50:D50 -> 0 | Z50: =IF(V50>=75,"PASSED","FAILED") -> FAILED
B51: FEMALE
A52: 1 | B52: ='INPUT DATA'!B53:D53 -> ANGCOY, PRINCESS NAILLE T. | F52: 84 | J52: 81 | N52: 84 | R52: 86 | V52: =SUM(F52,J52,N52,R52)/4 -> 83.75 | Z52: =IF(V52>=75,"PASSED","FAILED") -> PASSED
A53: 2 | B53: ='INPUT DATA'!B54:D54 -> BIMOS, SHEILLA KATE O. | F53: 82 | J53: 86 | N53: 86 | R53: 91 | V53: =SUM(F53,J53,N53,R53)/4 -> 86.25 | Z53: =IF(V53>=75,"PASSED","FAILED") -> PASSED
A54: 3 | B54: ='INPUT DATA'!B55:D55 -> BONGABONG, DWEYN ZHAIRA A. | F54: 91 | J54: 91 | N54: 95 | R54: 96 | V54: =SUM(F54,J54,N54,R54)/4 -> 93.25 | Z54: =IF(V54>=75,"PASSED","FAILED") -> PASSED
A55: 4 | B55: ='INPUT DATA'!B56:D56 -> CABEL, LOURENE A. | F55: 88 | J55: 91 | N55: 94 | R55: 96 | V55: =SUM(F55,J55,N55,R55)/4 -> 92.25 | Z55: =IF(V55>=75,"PASSED","FAILED") -> PASSED
A56: 5 | B56: ='INPUT DATA'!B57:D57 -> CAMIGAO, DHENISE CLARE V. | F56: 88 | J56: 81 | N56: 86 | R56: 88 | V56: =SUM(F56,J56,N56,R56)/4 -> 85.75 | Z56: =IF(V56>=75,"PASSED","FAILED") -> PASSED
A57: 6 | B57: ='INPUT DATA'!B58:D58 -> CARISMA, NATHALIA MAE M. | F57: 83 | J57: 90 | N57: 88 | R57: 88 | V57: =SUM(F57,J57,N57,R57)/4 -> 87.25 | Z57: =IF(V57>=75,"PASSED","FAILED") -> PASSED
A58: 7 | B58: ='INPUT DATA'!B59:D59 -> CLARO, REANZ P. | F58: 81 | J58: 87 | N58: 87 | R58: 88 | V58: =SUM(F58,J58,N58,R58)/4 -> 85.75 | Z58: =IF(V58>=75,"PASSED","FAILED") -> PASSED
A59: 8 | B59: ='INPUT DATA'!B60:D60 -> FRANCISCO, YSABELLA BEATRICE B. | F59: 89 | J59: 92 | N59: 97 | R59: 98 | V59: =SUM(F59,J59,N59,R59)/4 -> 94 | Z59: =IF(V59>=75,"PASSED","FAILED") -> PASSED
A60: 9 | B60: ='INPUT DATA'!B61:D61 -> GALDO, ALYSSA RHIAN P. | F60: 80 | V60: =SUM(F60,J60,N60,R60)/4 -> 20 | Z60: =IF(V60>=75,"PASSED","FAILED") -> FAILED
A61: 10 | B61: ='INPUT DATA'!B62:D62 -> HURAÑO, RIOMI M. | F61: 83 | J61: 85 | N61: 92 | R61: 93 | V61: =SUM(F61,J61,N61,R61)/4 -> 88.25 | Z61: =IF(V61>=75,"PASSED","FAILED") -> PASSED
A62: 11 | B62: ='INPUT DATA'!B63:D63 -> LAGUNA, WELLAIZA O. | F62: 80 | V62: =SUM(F62,J62,N62,R62)/4 -> 20 | Z62: =IF(V62>=75,"PASSED","FAILED") -> FAILED
A63: 12 | B63: ='INPUT DATA'!B64:D64 -> LAZAGA, PRINCESS JEAN O. | F63: 84 | J63: 84 | N63: 90 | R63: 91 | V63: =SUM(F63,J63,N63,R63)/4 -> 87.25 | Z63: =IF(V63>=75,"PASSED","FAILED") -> PASSED
A64: 13 | B64: ='INPUT DATA'!B65:D65 -> LIBRES, MIKYLLA B. | F64: 80 | J64: 81 | N64: 84 | R64: 86 | V64: =SUM(F64,J64,N64,R64)/4 -> 82.75 | Z64: =IF(V64>=75,"PASSED","FAILED") -> PASSED
A65: 14 | B65: ='INPUT DATA'!B66:D66 -> LIM, LENNIE GRACE S. | F65: 85 | J65: 87 | N65: 93 | R65: 93 | V65: =SUM(F65,J65,N65,R65)/4 -> 89.5 | Z65: =IF(V65>=75,"PASSED","FAILED") -> PASSED
A66: 15 | B66: ='INPUT DATA'!B67:D67 -> MASAYON, RHEA JANE L. | F66: 80 | J66: 75 | N66: 75 | R66: 80 | V66: =SUM(F66,J66,N66,R66)/4 -> 77.5 | Z66: =IF(V66>=75,"PASSED","FAILED") -> PASSED
A67: 16 | B67: ='INPUT DATA'!B68:D68 -> MORANCIL, JENEVI A. | F67: 85 | J67: 87 | N67: 92 | R67: 93 | V67: =SUM(F67,J67,N67,R67)/4 -> 89.25 | Z67: =IF(V67>=75,"PASSED","FAILED") -> PASSED
A68: 17 | B68: ='INPUT DATA'!B69:D69 -> PATRICIO, MICHA ELLA P. | F68: 80 | J68: 80 | N68: 81 | R68: 81 | V68: =SUM(F68,J68,N68,R68)/4 -> 80.5 | Z68: =IF(V68>=75,"PASSED","FAILED") -> PASSED
A69: 18 | B69: ='INPUT DATA'!B70:D70 -> PELINGON , ASHLEY C. | F69: 86 | J69: 87 | N69: 90 | R69: 91 | V69: =SUM(F69,J69,N69,R69)/4 -> 88.5 | Z69: =IF(V69>=75,"PASSED","FAILED") -> PASSED
A70: 19 | B70: ='INPUT DATA'!B71:D71 -> PEREZ, MERCY JEAN T. | F70: 80 | J70: 80 | N70: 83 | R70: 83 | V70: =SUM(F70,J70,N70,R70)/4 -> 81.5 | Z70: =IF(V70>=75,"PASSED","FAILED") -> PASSED
A71: 20 | B71: ='INPUT DATA'!B72:D72 -> PINGOT, RHEA L. | F71: 75 | J71: 75 | N71: 75 | R71: 60 | V71: =SUM(F71,J71,N71,R71)/4 -> 71.25 | Z71: =IF(V71>=75,"PASSED","FAILED") -> FAILED
A72: 21 | B72: ='INPUT DATA'!B73:D73 -> QUILAT, FERRA MAE | F72: 80 | J72: 76 | N72: 76 | R72: 80 | V72: =SUM(F72,J72,N72,R72)/4 -> 78 | Z72: =IF(V72>=75,"PASSED","FAILED") -> PASSED
A73: 22 | B73: ='INPUT DATA'!B74:D74 -> ROSALES, RYZA MAE C. | F73: 80 | J73: 92 | N73: 92 | R73: 94 | V73: =SUM(F73,J73,N73,R73)/4 -> 89.5 | Z73: =IF(V73>=75,"PASSED","FAILED") -> PASSED
A74: 23 | B74: =AP!B74 -> 0 | V74: =SUM(F74,J74,N74,R74)/4 -> 0 | Z74: =IF(V74>=75,"PASSED","FAILED") -> FAILED
A75: 24 | B75: =AP!B75 -> 0 | V75: =SUM(F75,J75,N75,R75)/4 -> 0 | Z75: =IF(V75>=75,"PASSED","FAILED") -> FAILED
A76: 25 | B76: =AP!B76 -> 0 | V76: =SUM(F76,J76,N76,R76)/4 -> 0 | Z76: =IF(V76>=75,"PASSED","FAILED") -> FAILED
A77: 26 | B77: =AP!B77 -> 0 | V77: =SUM(F77,J77,N77,R77)/4 -> 0 | Z77: =IF(V77>=75,"PASSED","FAILED") -> FAILED
A78: 27 | B78: =AP!B78 -> 0 | V78: =SUM(F78,J78,N78,R78)/4 -> 0 | Z78: =IF(V78>=75,"PASSED","FAILED") -> FAILED
A79: 28 | B79: =AP!B79 -> 0 | V79: =SUM(F79,J79,N79,R79)/4 -> 0 | Z79: =IF(V79>=75,"PASSED","FAILED") -> FAILED
A80: 29 | B80: =AP!B80 -> 0 | V80: =SUM(F80,J80,N80,R80)/4 -> 0 | Z80: =IF(V80>=75,"PASSED","FAILED") -> FAILED
A81: 30 | B81: =AP!B81 -> 0 | V81: =SUM(F81,J81,N81,R81)/4 -> 0 | Z81: =IF(V81>=75,"PASSED","FAILED") -> FAILED
A82: 31 | B82: =AP!B82 -> 0 | V82: =SUM(F82,J82,N82,R82)/4 -> 0 | Z82: =IF(V82>=75,"PASSED","FAILED") -> FAILED
A83: 32 | B83: =AP!B83 -> 0 | V83: =SUM(F83,J83,N83,R83)/4 -> 0
A84: 33 | B84: =AP!B84 -> 0 | V84: =SUM(F84,J84,N84,R84)/4 -> 0
A85: 34 | B85: =AP!B85 -> 0 | V85: =SUM(F85,J85,N85,R85)/4 -> 0
A86: 35 | B86: =AP!B86 -> 0 | V86: =SUM(F86,J86,N86,R86)/4 -> 0

Sheet TLE
A1: Summary of Quarterly Grades
C5: REGION | G5: XI | L5: DIVISION | O5: Panabo City
B6: SCHOOL NAME | G6: QUEZON NATIONAL HIGH SCHOOL | S6: SCHOOL ID | W6: 316405
B7: LEARNERS' NAMES | F7: GRADE & SECTION: | K7: ='INPUT DATA'!K7 -> 8 - ARIES | S7: SCHOOL YEAR: | W7: ='INPUT DATA'!AG5 -> 2025 - 2026
F8: TEACHER: | K8: MARILOU B. MASAYON | S8: SUBJECT: | W8: TECHNOLOGY AND LIVELIHOOD EDUCATION
F9: TLE | J9: TLE | N9: TLE | R9: TLE | V9: FINAL | Z9: REMARK
F10: 1st Quarter | J10: 2nd Quarter | N10: 3rd Quarter | R10: 4th Quarter | V10: GRADE
B11: MALE
A12: 1 | B12: ='INPUT DATA'!B12:D12 -> ANUBLING, REGIE C. | F12: 76 | J12: 74 | N12: 73 | R12: 80 | V12: =SUM(F12,J12,N12,R12)/4 -> 75.75 | Z12: =IF(V12>=75,"PASSED","FAILED") -> PASSED
A13: 2 | B13: ='INPUT DATA'!B13:D13 -> BANGCOY, JOHN PAUL P. | V13: =SUM(F13,J13,N13,R13)/4 -> 0 | Z13: =IF(V13>=75,"PASSED","FAILED") -> FAILED
A14: 3 | B14: ='INPUT DATA'!B14:D14 -> BARRIENTOS, JOHN PAUL M. | F14: 81 | J14: 86 | N14: 90 | R14: 92 | V14: =SUM(F14,J14,N14,R14)/4 -> 87.25 | Z14: =IF(V14>=75,"PASSED","FAILED") -> PASSED
A15: 4 | B15: ='INPUT DATA'!B15:D15 -> BRIGOLE, ROMEL | F15: 70 | J15: 70 | N15: 70 | R15: 70 | V15: =SUM(F15,J15,N15,R15)/4 -> 70 | Z15: =IF(V15>=75,"PASSED","FAILED") -> FAILED
A16: 5 | B16: ='INPUT DATA'!B16:D16 -> BULAHAN,ROVIC L. | F16: 82 | J16: 86 | N16: 90 | R16: 92 | V16: =SUM(F16,J16,N16,R16)/4 -> 87.5 | Z16: =IF(V16>=75,"PASSED","FAILED") -> PASSED
A17: 6 | B17: ='INPUT DATA'!B17:D17 -> CIJAS, ROLIE JR. A. | F17: 86 | J17: 89 | N17: 90 | R17: 92 | V17: =SUM(F17,J17,N17,R17)/4 -> 89.25 | Z17: =IF(V17>=75,"PASSED","FAILED") -> PASSED
A18: 7 | B18: ='INPUT DATA'!B18:D18 -> GARCIA, DAVE P. | F18: 74 | J18: 76 | N18: 81 | R18: 81 | V18: =SUM(F18,J18,N18,R18)/4 -> 78 | Z18: =IF(V18>=75,"PASSED","FAILED") -> PASSED
A19: 8 | B19: ='INPUT DATA'!B19:D19 -> GONZALES, JAMES A. | D19: 0 | F19: 85 | J19: 86 | N19: 81 | R19: 83 | V19: =SUM(F19,J19,N19,R19)/4 -> 83.75 | Z19: =IF(V19>=75,"PASSED","FAILED") -> PASSED
A20: 9 | B20: ='INPUT DATA'!B20:D20 -> LAGUNA, J.B. B. | F20: 86 | J20: 79 | N20: 87 | R20: 85 | V20: =SUM(F20,J20,N20,R20)/4 -> 84.25 | Z20: =IF(V20>=75,"PASSED","FAILED") -> PASSED
A21: 10 | B21: ='INPUT DATA'!B21:D21 -> LARODA, STEVEN S. | F21: 76 | J21: 77 | N21: 75 | R21: 80 | V21: =SUM(F21,J21,N21,R21)/4 -> 77 | Z21: =IF(V21>=75,"PASSED","FAILED") -> PASSED
A22: 11 | B22: ='INPUT DATA'!B22:D22 -> MERINO, SEDRIK R. | D22: 0 | F22: 76 | J22: 70 | N22: 70 | R22: 70 | V22: =SUM(F22,J22,N22,R22)/4 -> 71.5 | Z22: =IF(V22>=75,"PASSED","FAILED") -> FAILED
A23: 12 | B23: ='INPUT DATA'!B23:D23 -> MONTERAS, VINCENT S. | F23: 84 | J23: 73 | N23: 76 | R23: 83 | V23: =SUM(F23,J23,N23,R23)/4 -> 79 | Z23: =IF(V23>=75,"PASSED","FAILED") -> PASSED
A24: 13 | B24: ='INPUT DATA'!B24:D24 -> NACAWILI, ANDRIE L. | F24: 76 | J24: 87 | N24: 79 | R24: 85 | V24: =SUM(F24,J24,N24,R24)/4 -> 81.75 | Z24: =IF(V24>=75,"PASSED","FAILED") -> PASSED
A25: 14 | B25: ='INPUT DATA'!B25:D25 -> OLIVERIO, CYREL JAY G. | F25: 70 | J25: 70 | N25: 70 | R25: 70 | V25: =SUM(F25,J25,N25,R25)/4 -> 70 | Z25: =IF(V25>=75,"PASSED","FAILED") -> FAILED
A26: 15 | B26: ='INPUT DATA'!B26:D26 -> ORBITA,BRENN JOHN A. | F26: 76 | J26: 82 | N26: 81 | R26: 85 | V26: =SUM(F26,J26,N26,R26)/4 -> 81 | Z26: =IF(V26>=75,"PASSED","FAILED") -> PASSED
A27: 16 | B27: ='INPUT DATA'!B27:D27 -> PAINLO,SHERWIN V. | F27: 84 | J27: 89 | N27: 89 | R27: 92 | V27: =SUM(F27,J27,N27,R27)/4 -> 88.5 | Z27: =IF(V27>=75,"PASSED","FAILED") -> PASSED
A28: 17 | B28: ='INPUT DATA'!B28:D28 -> RAMIREZ, MATTEO JOHN DAVE D. | V28: =SUM(F28,J28,N28,R28)/4 -> 0 | Z28: =IF(V28>=75,"PASSED","FAILED") -> FAILED
A29: 18 | B29: ='INPUT DATA'!B29:D29 -> SIGUIRA, JASTINE B. | V29: =SUM(F29,J29,N29,R29)/4 -> 0 | Z29: =IF(V29>=75,"PASSED","FAILED") -> FAILED
A30: 19 | B30: ='INPUT DATA'!B30:D30 -> TAA, JHONVINZ Y. | F30: 76 | J30: 73 | N30: 75 | R30: 78 | V30: =SUM(F30,J30,N30,R30)/4 -> 75.5 | Z30: =IF(V30>=75,"PASSED","FAILED") -> PASSED
A31: 20 | B31: ='INPUT DATA'!B31:D31 -> ZOILO, JOHN LORENCE M. | F31: 79 | J31: 80 | N31: 82 | R31: 85 | V31: =SUM(F31,J31,N31,R31)/4 -> 81.5 | Z31: =IF(V31>=75,"PASSED","FAILED") -> PASSED
A32: 21 | B32: CABO, JEREM | F32: 77 | J32: 75 | N32: 75 | R32: 78 | V32: =SUM(F32,J32,N32,R32)/4 -> 76.25 | Z32: =IF(V32>=75,"PASSED","FAILED") -> PASSED
A33: 22 | B33: ='INPUT DATA'!B33:D33 -> 0 | V33: =SUM(F33,J33,N33,R33)/4 -> 0 | Z33: =IF(V33>=75,"PASSED","FAILED") -> FAILED
A34: 23 | B34: ='INPUT DATA'!B34:D34 -> 0 | V34: =SUM(F34,J34,N34,R34)/4 -> 0 | Z34: =IF(V34>=75,"PASSED","FAILED") -> FAILED
A35: 24 | B35: ='INPUT DATA'!B35:D35 -> 0 | V35: =SUM(F35,J35,N35,R35)/4 -> 0 | Z35: =IF(V35>=75,"PASSED","FAILED") -> FAILED
A36: 25 | B36: ='INPUT DATA'!B36:D36 -> 0 | V36: =SUM(F36,J36,N36,R36)/4 -> 0 | Z36: =IF(V36>=75,"PASSED","FAILED") -> FAILED
A37: 26 | B37: ='INPUT DATA'!B37:D37 -> 0 | V37: =SUM(F37,J37,N37,R37)/4 -> 0 | Z37: =IF(V37>=75,"PASSED","FAILED") -> FAILED
A38: 27 | B38: ='INPUT DATA'!B38:D38 -> 0 | V38: =SUM(F38,J38,N38,R38)/4 -> 0 | Z38: =IF(V38>=75,"PASSED","FAILED") -> FAILED
A39: 28 | B39: ='INPUT DATA'!B39:D39 -> 0 | V39: =SUM(F39,J39,N39,R39)/4 -> 0 | Z39: =IF(V39>=75,"PASSED","FAILED") -> FAILED
A40: 29 | B40: ='INPUT DATA'!B40:D40 -> 0 | V40: =SUM(F40,J40,N40,R40)/4 -> 0 | Z40: =IF(V40>=75,"PASSED","FAILED") -> FAILED
A41: 30 | B41: ='INPUT DATA'!B41:D41 -> 0 | V41: =SUM(F41,J41,N41,R41)/4 -> 0 | Z41: =IF(V41>=75,"PASSED","FAILED") -> FAILED
A42: 31 | B42: ='INPUT DATA'!B42:D42 -> 0 | V42: =SUM(F42,J42,N42,R42)/4 -> 0 | Z42: =IF(V42>=75,"PASSED","FAILED") -> FAILED
A43: 32 | B43: ='INPUT DATA'!B43:D43 -> 0 | V43: =SUM(F43,J43,N43,R43)/4 -> 0 | Z43: =IF(V43>=75,"PASSED","FAILED") -> FAILED
A44: 33 | B44: ='INPUT DATA'!B44:D44 -> 0 | V44: =SUM(F44,J44,N44,R44)/4 -> 0 | Z44: =IF(V44>=75,"PASSED","FAILED") -> FAILED
A45: 34 | B45: ='INPUT DATA'!B45:D45 -> 0 | Z45: =IF(V45>=75,"PASSED","FAILED") -> FAILED
A46: 35 | B46: ='INPUT DATA'!B46:D46 -> 0 | Z46: =IF(V46>=75,"PASSED","FAILED") -> FAILED
A47: 36 | B47: ='INPUT DATA'!B47:D47 -> 0 | Z47: =IF(V47>=75,"PASSED","FAILED") -> FAILED
A48: 37 | B48: ='INPUT DATA'!B48:D48 -> 0 | Z48: =IF(V48>=75,"PASSED","FAILED") -> FAILED
A49: 38 | B49: ='INPUT DATA'!B49:D49 -> 0 | Z49: =IF(V49>=75,"PASSED","FAILED") -> FAILED
A50: 39 | B50: ='INPUT DATA'!B50:D50 -> 0 | Z50: =IF(V50>=75,"PASSED","FAILED") -> FAILED
B51: FEMALE
A52: 1 | B52: ='INPUT DATA'!B53:D53 -> ANGCOY, PRINCESS NAILLE T. | F52: 87 | J52: 80 | N52: 85 | R52: 90 | V52: =SUM(F52,J52,N52,R52)/4 -> 85.5 | Z52: =IF(V52>=75,"PASSED","FAILED") -> PASSED
A53: 2 | B53: ='INPUT DATA'!B54:D54 -> BIMOS, SHEILLA KATE O. | F53: 85 | J53: 86 | N53: 90 | R53: 92 | V53: =SUM(F53,J53,N53,R53)/4 -> 88.25 | Z53: =IF(V53>=75,"PASSED","FAILED") -> PASSED
A54: 3 | B54: ='INPUT DATA'!B55:D55 -> BONGABONG, DWEYN ZHAIRA A. | F54: 92 | J54: 92 | N54: 89 | R54: 91 | V54: =SUM(F54,J54,N54,R54)/4 -> 91 | Z54: =IF(V54>=75,"PASSED","FAILED") -> PASSED
A55: 4 | B55: ='INPUT DATA'!B56:D56 -> CABEL, LOURENE A. | F55: 90 | J55: 93 | N55: 89 | R55: 93 | V55: =SUM(F55,J55,N55,R55)/4 -> 91.25 | Z55: =IF(V55>=75,"PASSED","FAILED") -> PASSED
A56: 5 | B56: ='INPUT DATA'!B57:D57 -> CAMIGAO, DHENISE CLARE V. | F56: 84 | J56: 78 | N56: 78 | R56: 83 | V56: =SUM(F56,J56,N56,R56)/4 -> 80.75 | Z56: =IF(V56>=75,"PASSED","FAILED") -> PASSED
A57: 6 | B57: ='INPUT DATA'!B58:D58 -> CARISMA, NATHALIA MAE M. | F57: 85 | J57: 87 | N57: 84 | R57: 86 | V57: =SUM(F57,J57,N57,R57)/4 -> 85.5 | Z57: =IF(V57>=75,"PASSED","FAILED") -> PASSED
A58: 7 | B58: ='INPUT DATA'!B59:D59 -> CLARO, REANZ P. | F58: 84 | J58: 78 | N58: 81 | R58: 87 | V58: =SUM(F58,J58,N58,R58)/4 -> 82.5 | Z58: =IF(V58>=75,"PASSED","FAILED") -> PASSED
A59: 8 | B59: ='INPUT DATA'!B60:D60 -> FRANCISCO, YSABELLA BEATRICE B. | F59: 92 | J59: 93 | N59: 92 | R59: 94 | V59: =SUM(F59,J59,N59,R59)/4 -> 92.75 | Z59: =IF(V59>=75,"PASSED","FAILED") -> PASSED
A60: 9 | B60: ='INPUT DATA'!B61:D61 -> GALDO, ALYSSA RHIAN P. | V60: =SUM(F60,J60,N60,R60)/4 -> 0 | Z60: =IF(V60>=75,"PASSED","FAILED") -> FAILED
A61: 10 | B61: ='INPUT DATA'!B62:D62 -> HURAÑO, RIOMI M. | F61: 83 | J61: 81 | N61: 84 | R61: 87 | V61: =SUM(F61,J61,N61,R61)/4 -> 83.75 | Z61: =IF(V61>=75,"PASSED","FAILED") -> PASSED
A62: 11 | B62: ='INPUT DATA'!B63:D63 -> LAGUNA, WELLAIZA O. | V62: =SUM(F62,J62,N62,R62)/4 -> 0 | Z62: =IF(V62>=75,"PASSED","FAILED") -> FAILED
A63: 12 | B63: ='INPUT DATA'!B64:D64 -> LAZAGA, PRINCESS JEAN O. | F63: 83 | J63: 84 | N63: 88 | R63: 89 | V63: =SUM(F63,J63,N63,R63)/4 -> 86 | Z63: =IF(V63>=75,"PASSED","FAILED") -> PASSED
A64: 13 | B64: ='INPUT DATA'!B65:D65 -> LIBRES, MIKYLLA B. | F64: 81 | J64: 77 | N64: 75 | R64: 85 | V64: =SUM(F64,J64,N64,R64)/4 -> 79.5 | Z64: =IF(V64>=75,"PASSED","FAILED") -> PASSED
A65: 14 | B65: ='INPUT DATA'!B66:D66 -> LIM, LENNIE GRACE S. | F65: 86 | J65: 82 | N65: 87 | R65: 88 | V65: =SUM(F65,J65,N65,R65)/4 -> 85.75 | Z65: =IF(V65>=75,"PASSED","FAILED") -> PASSED
A66: 15 | B66: ='INPUT DATA'!B67:D67 -> MASAYON, RHEA JANE L. | F66: 78 | J66: 73 | N66: 75 | R66: 81 | V66: =SUM(F66,J66,N66,R66)/4 -> 76.75 | Z66: =IF(V66>=75,"PASSED","FAILED") -> PASSED
A67: 16 | B67: ='INPUT DATA'!B68:D68 -> MORANCIL, JENEVI A. | F67: 85 | J67: 89 | N67: 86 | R67: 89 | V67: =SUM(F67,J67,N67,R67)/4 -> 87.25 | Z67: =IF(V67>=75,"PASSED","FAILED") -> PASSED
A68: 17 | B68: ='INPUT DATA'!B69:D69 -> PATRICIO, MICHA ELLA P. | F68: 74 | J68: 72 | N68: 77 | R68: 81 | V68: =SUM(F68,J68,N68,R68)/4 -> 76 | Z68: =IF(V68>=75,"PASSED","FAILED") -> PASSED
A69: 18 | B69: ='INPUT DATA'!B70:D70 -> PELINGON , ASHLEY C. | F69: 81 | J69: 80 | N69: 76 | R69: 83 | V69: =SUM(F69,J69,N69,R69)/4 -> 80 | Z69: =IF(V69>=75,"PASSED","FAILED") -> PASSED
A70: 19 | B70: ='INPUT DATA'!B71:D71 -> PEREZ, MERCY JEAN T. | F70: 75 | J70: 73 | N70: 74 | R70: 81 | V70: =SUM(F70,J70,N70,R70)/4 -> 75.75 | Z70: =IF(V70>=75,"PASSED","FAILED") -> PASSED
A71: 20 | B71: ='INPUT DATA'!B72:D72 -> PINGOT, RHEA L. | F71: 70 | J71: 70 | N71: 70 | R71: 70 | V71: =SUM(F71,J71,N71,R71)/4 -> 70 | Z71: =IF(V71>=75,"PASSED","FAILED") -> FAILED
A72: 21 | B72: ='INPUT DATA'!B73:D73 -> QUILAT, FERRA MAE | F72: 74 | J72: 75 | N72: 77 | R72: 78 | V72: =SUM(F72,J72,N72,R72)/4 -> 76 | Z72: =IF(V72>=75,"PASSED","FAILED") -> PASSED
A73: 22 | B73: ='INPUT DATA'!B74:D74 -> ROSALES, RYZA MAE C. | F73: 88 | J73: 91 | N73: 87 | R73: 90 | V73: =SUM(F73,J73,N73,R73)/4 -> 89 | Z73: =IF(V73>=75,"PASSED","FAILED") -> PASSED
A74: 23 | B74: =VALED!B74 -> 0 | V74: =SUM(F74,J74,N74,R74)/4 -> 0 | Z74: =IF(V74>=75,"PASSED","FAILED") -> FAILED
A75: 24 | B75: =VALED!B75 -> 0 | V75: =SUM(F75,J75,N75,R75)/4 -> 0 | Z75: =IF(V75>=75,"PASSED","FAILED") -> FAILED
A76: 25 | B76: =VALED!B76 -> 0 | V76: =SUM(F76,J76,N76,R76)/4 -> 0 | Z76: =IF(V76>=75,"PASSED","FAILED") -> FAILED
A77: 26 | B77: =VALED!B77 -> 0 | V77: =SUM(F77,J77,N77,R77)/4 -> 0 | Z77: =IF(V77>=75,"PASSED","FAILED") -> FAILED
A78: 27 | B78: =VALED!B78 -> 0 | V78: =SUM(F78,J78,N78,R78)/4 -> 0 | Z78: =IF(V78>=75,"PASSED","FAILED") -> FAILED
A79: 28 | B79: =VALED!B79 -> 0 | V79: =SUM(F79,J79,N79,R79)/4 -> 0 | Z79: =IF(V79>=75,"PASSED","FAILED") -> FAILED
A80: 29 | B80: =VALED!B80 -> 0 | V80: =SUM(F80,J80,N80,R80)/4 -> 0 | Z80: =IF(V80>=75,"PASSED","FAILED") -> FAILED
A81: 30 | B81: =VALED!B81 -> 0 | V81: =SUM(F81,J81,N81,R81)/4 -> 0 | Z81: =IF(V81>=75,"PASSED","FAILED") -> FAILED
A82: 31 | B82: =VALED!B82 -> 0 | V82: =SUM(F82,J82,N82,R82)/4 -> 0
A83: 32 | B83: =VALED!B83 -> 0 | V83: =SUM(F83,J83,N83,R83)/4 -> 0
A84: 33 | B84: =VALED!B84 -> 0 | V84: =SUM(F84,J84,N84,R84)/4 -> 0
A85: 34 | B85: =VALED!B85 -> 0 | V85: =SUM(F85,J85,N85,R85)/4 -> 0
A86: 35 | B86: =VALED!B86 -> 0 | V86: =SUM(F86,J86,N86,R86)/4 -> 0

Sheet MUSIC-ARTS
A1: Summary of Quarterly Grades
C5: REGION | G5: XI | L5: DIVISION | O5: PANABO CITY
B6: SCHOOL NAME | G6: QUEZON NATIONAL HIGH SCHOOL | S6: SCHOOL ID | W6: 316405
B7: LEARNERS' NAMES | F7: GRADE & SECTION: | K7: ='INPUT DATA'!K7 -> 8 - ARIES | S7: SCHOOL YEAR: | W7: ='INPUT DATA'!AG5 -> 2025 - 2026
F8: TEACHER: | K8: JUVELYN MATUTIS | S8: SUBJECT: | W8: MUSIC AND ARTS
F9: MUSIC AND ARTS | J9: MUSIC AND ARTS | N9: MUSIC AND ARTS | R9: MUSIC AND ARTS | V9: MUSIC AND ARTS
F10: 1st Quarter | J10: 2nd Quarter | N10: 3rd Quarter | R10: 4th Quarter | V10: FINAL GRADE
B11: MALE
A12: 1 | B12: ='INPUT DATA'!B12:D12 -> ANUBLING, REGIE C. | F12: 81 | J12: 75 | N12: 76 | R12: 80 | V12: =IF(OR(F12="",J12="",N12="",R12="",),"",IF(ISERROR(ROUND(AVERAGE(F12,J12,N12,R12),0)),"",ROUND(AVERAGE(F12,J12,N12,R12),0))) -> 78
A13: 2 | B13: ='INPUT DATA'!B13:D13 -> BANGCOY, JOHN PAUL P. | F13: 76 | V13: =IF(OR(F13="",J13="",N13="",R13="",),"",IF(ISERROR(ROUND(AVERAGE(F13,J13,N13,R13),0)),"",ROUND(AVERAGE(F13,J13,N13,R13),0)))
A14: 3 | B14: ='INPUT DATA'!B14:D14 -> BARRIENTOS, JOHN PAUL M. | F14: 84 | J14: 85 | N14: 88 | R14: 87 | V14: =IF(OR(F14="",J14="",N14="",R14="",),"",IF(ISERROR(ROUND(AVERAGE(F14,J14,N14,R14),0)),"",ROUND(AVERAGE(F14,J14,N14,R14),0))) -> 86
A15: 4 | B15: ='INPUT DATA'!B15:D15 -> BRIGOLE, ROMEL | F15: 65 | J15: 65 | N15: 65 | R15: 70 | V15: =IF(OR(F15="",J15="",N15="",R15="",),"",IF(ISERROR(ROUND(AVERAGE(F15,J15,N15,R15),0)),"",ROUND(AVERAGE(F15,J15,N15,R15),0))) -> 66
A16: 5 | B16: ='INPUT DATA'!B16:D16 -> BULAHAN,ROVIC L. | F16: 88 | J16: 86 | N16: 88 | R16: 89 | V16: =IF(OR(F16="",J16="",N16="",R16="",),"",IF(ISERROR(ROUND(AVERAGE(F16,J16,N16,R16),0)),"",ROUND(AVERAGE(F16,J16,N16,R16),0))) -> 88
A17: 6 | B17: ='INPUT DATA'!B17:D17 -> CIJAS, ROLIE JR. A. | F17: 84 | J17: 87 | N17: 89 | R17: 90 | V17: =IF(OR(F17="",J17="",N17="",R17="",),"",IF(ISERROR(ROUND(AVERAGE(F17,J17,N17,R17),0)),"",ROUND(AVERAGE(F17,J17,N17,R17),0))) -> 88
A18: 7 | B18: ='INPUT DATA'!B18:D18 -> GARCIA, DAVE P. | F18: 80 | J18: 79 | N18: 80 | R18: 82 | V18: =IF(OR(F18="",J18="",N18="",R18="",),"",IF(ISERROR(ROUND(AVERAGE(F18,J18,N18,R18),0)),"",ROUND(AVERAGE(F18,J18,N18,R18),0))) -> 80
A19: 8 | B19: ='INPUT DATA'!B19:D19 -> GONZALES, JAMES A. | D19: 0 | F19: 82 | J19: 83 | N19: 84 | R19: 83 | V19: =IF(OR(F19="",J19="",N19="",R19="",),"",IF(ISERROR(ROUND(AVERAGE(F19,J19,N19,R19),0)),"",ROUND(AVERAGE(F19,J19,N19,R19),0))) -> 83
A20: 9 | B20: ='INPUT DATA'!B20:D20 -> LAGUNA, J.B. B. | F20: 86 | J20: 84 | N20: 85 | R20: 86 | V20: =IF(OR(F20="",J20="",N20="",R20="",),"",IF(ISERROR(ROUND(AVERAGE(F20,J20,N20,R20),0)),"",ROUND(AVERAGE(F20,J20,N20,R20),0))) -> 85
A21: 10 | B21: ='INPUT DATA'!B21:D21 -> LARODA, STEVEN S. | F21: 84 | J21: 78 | N21: 79 | R21: 80 | V21: =IF(OR(F21="",J21="",N21="",R21="",),"",IF(ISERROR(ROUND(AVERAGE(F21,J21,N21,R21),0)),"",ROUND(AVERAGE(F21,J21,N21,R21),0))) -> 80
A22: 11 | B22: ='INPUT DATA'!B22:D22 -> MERINO, SEDRIK R. | D22: 0 | F22: 80 | J22: 70 | N22: 70 | R22: 70 | V22: =IF(OR(F22="",J22="",N22="",R22="",),"",IF(ISERROR(ROUND(AVERAGE(F22,J22,N22,R22),0)),"",ROUND(AVERAGE(F22,J22,N22,R22),0))) -> 73
A23: 12 | B23: ='INPUT DATA'!B23:D23 -> MONTERAS, VINCENT S. | F23: 84 | J23: 77 | N23: 80 | R23: 77 | V23: =IF(OR(F23="",J23="",N23="",R23="",),"",IF(ISERROR(ROUND(AVERAGE(F23,J23,N23,R23),0)),"",ROUND(AVERAGE(F23,J23,N23,R23),0))) -> 80
A24: 13 | B24: ='INPUT DATA'!B24:D24 -> NACAWILI, ANDRIE L. | F24: 82 | J24: 83 | N24: 85 | R24: 86 | V24: =IF(OR(F24="",J24="",N24="",R24="",),"",IF(ISERROR(ROUND(AVERAGE(F24,J24,N24,R24),0)),"",ROUND(AVERAGE(F24,J24,N24,R24),0))) -> 84
A25: 14 | B25: ='INPUT DATA'!B25:D25 -> OLIVERIO, CYREL JAY G. | F25: 77 | J25: 71 | N25: 75 | R25: 70 | V25: =IF(OR(F25="",J25="",N25="",R25="",),"",IF(ISERROR(ROUND(AVERAGE(F25,J25,N25,R25),0)),"",ROUND(AVERAGE(F25,J25,N25,R25),0))) -> 73
A26: 15 | B26: ='INPUT DATA'!B26:D26 -> ORBITA,BRENN JOHN A. | F26: 81 | J26: 80 | N26: 83 | R26: 84 | V26: =IF(OR(F26="",J26="",N26="",R26="",),"",IF(ISERROR(ROUND(AVERAGE(F26,J26,N26,R26),0)),"",ROUND(AVERAGE(F26,J26,N26,R26),0))) -> 82
A27: 16 | B27: ='INPUT DATA'!B27:D27 -> PAINLO,SHERWIN V. | F27: 88 | J27: 87 | N27: 90 | R27: 91 | V27: =IF(OR(F27="",J27="",N27="",R27="",),"",IF(ISERROR(ROUND(AVERAGE(F27,J27,N27,R27),0)),"",ROUND(AVERAGE(F27,J27,N27,R27),0))) -> 89
A28: 17 | B28: ='INPUT DATA'!B28:D28 -> RAMIREZ, MATTEO JOHN DAVE D. | F28: 73 | V28: =IF(OR(F28="",J28="",N28="",R28="",),"",IF(ISERROR(ROUND(AVERAGE(F28,J28,N28,R28),0)),"",ROUND(AVERAGE(F28,J28,N28,R28),0)))
A29: 18 | B29: ='INPUT DATA'!B29:D29 -> SIGUIRA, JASTINE B. | F29: 73 | V29: =IF(OR(F29="",J29="",N29="",R29="",),"",IF(ISERROR(ROUND(AVERAGE(F29,J29,N29,R29),0)),"",ROUND(AVERAGE(F29,J29,N29,R29),0)))
A30: 19 | B30: ='INPUT DATA'!B30:D30 -> TAA, JHONVINZ Y. | F30: 77 | J30: 75 | N30: 76 | R30: 76 | V30: =IF(OR(F30="",J30="",N30="",R30="",),"",IF(ISERROR(ROUND(AVERAGE(F30,J30,N30,R30),0)),"",ROUND(AVERAGE(F30,J30,N30,R30),0))) -> 76
A31: 20 | B31: ='INPUT DATA'!B31:D31 -> ZOILO, JOHN LORENCE M. | F31: 84 | J31: 85 | N31: 86 | R31: 87 | V31: =IF(OR(F31="",J31="",N31="",R31="",),"",IF(ISERROR(ROUND(AVERAGE(F31,J31,N31,R31),0)),"",ROUND(AVERAGE(F31,J31,N31,R31),0))) -> 86
A32: 21 | B32: CABO, JEREM | F32: 75 | J32: 75 | N32: 75 | R32: 85 | V32: =IF(OR(F32="",J32="",N32="",R32="",),"",IF(ISERROR(ROUND(AVERAGE(F32,J32,N32,R32),0)),"",ROUND(AVERAGE(F32,J32,N32,R32),0))) -> 78
A33: 22 | B33: ='INPUT DATA'!B33:D33 -> 0 | V33: =IF(OR(F33="",J33="",N33="",R33="",),"",IF(ISERROR(ROUND(AVERAGE(F33,J33,N33,R33),0)),"",ROUND(AVERAGE(F33,J33,N33,R33),0)))
A34: 23 | B34: ='INPUT DATA'!B34:D34 -> 0 | V34: =IF(OR(F34="",J34="",N34="",R34="",),"",IF(ISERROR(ROUND(AVERAGE(F34,J34,N34,R34),0)),"",ROUND(AVERAGE(F34,J34,N34,R34),0)))
A35: 24 | B35: ='INPUT DATA'!B35:D35 -> 0 | V35: =IF(OR(F35="",J35="",N35="",R35="",),"",IF(ISERROR(ROUND(AVERAGE(F35,J35,N35,R35),0)),"",ROUND(AVERAGE(F35,J35,N35,R35),0)))
A36: 25 | B36: ='INPUT DATA'!B36:D36 -> 0 | V36: =IF(OR(F36="",J36="",N36="",R36="",),"",IF(ISERROR(ROUND(AVERAGE(F36,J36,N36,R36),0)),"",ROUND(AVERAGE(F36,J36,N36,R36),0)))
A37: 26 | B37: ='INPUT DATA'!B37:D37 -> 0 | V37: =IF(OR(F37="",J37="",N37="",R37="",),"",IF(ISERROR(ROUND(AVERAGE(F37,J37,N37,R37),0)),"",ROUND(AVERAGE(F37,J37,N37,R37),0)))
A38: 27 | B38: ='INPUT DATA'!B38:D38 -> 0 | V38: =IF(OR(F38="",J38="",N38="",R38="",),"",IF(ISERROR(ROUND(AVERAGE(F38,J38,N38,R38),0)),"",ROUND(AVERAGE(F38,J38,N38,R38),0)))
A39: 28 | B39: ='INPUT DATA'!B39:D39 -> 0 | V39: =IF(OR(F39="",J39="",N39="",R39="",),"",IF(ISERROR(ROUND(AVERAGE(F39,J39,N39,R39),0)),"",ROUND(AVERAGE(F39,J39,N39,R39),0)))
A40: 29 | B40: ='INPUT DATA'!B40:D40 -> 0 | V40: =IF(OR(F40="",J40="",N40="",R40="",),"",IF(ISERROR(ROUND(AVERAGE(F40,J40,N40,R40),0)),"",ROUND(AVERAGE(F40,J40,N40,R40),0)))
A41: 30 | B41: ='INPUT DATA'!B41:D41 -> 0 | V41: =IF(OR(F41="",J41="",N41="",R41="",),"",IF(ISERROR(ROUND(AVERAGE(F41,J41,N41,R41),0)),"",ROUND(AVERAGE(F41,J41,N41,R41),0)))
A42: 31 | B42: ='INPUT DATA'!B42:D42 -> 0 | V42: =IF(OR(F42="",J42="",N42="",R42="",),"",IF(ISERROR(ROUND(AVERAGE(F42,J42,N42,R42),0)),"",ROUND(AVERAGE(F42,J42,N42,R42),0)))
A43: 32 | B43: ='INPUT DATA'!B43:D43 -> 0 | V43: =IF(OR(F43="",J43="",N43="",R43="",),"",IF(ISERROR(ROUND(AVERAGE(F43,J43,N43,R43),0)),"",ROUND(AVERAGE(F43,J43,N43,R43),0)))
A44: 33 | B44: ='INPUT DATA'!B44:D44 -> 0 | V44: =IF(OR(F44="",J44="",N44="",R44="",),"",IF(ISERROR(ROUND(AVERAGE(F44,J44,N44,R44),0)),"",ROUND(AVERAGE(F44,J44,N44,R44),0)))
... A50: 39 | B50: ='INPUT DATA'!B50:D50 -> 0 | V50: =IF(OR(F50="",J50="",N50="",R50="",),"",IF(ISERROR(ROUND(AVERAGE(F50,J50,N50,R50),0)),"",ROUND(AVERAGE(F50,J50,N50,R50),0)))
B51: FEMALE
A52: 1 | B52: ='INPUT DATA'!B53:D53 -> ANGCOY, PRINCESS NAILLE T. | F52: 85 | J52: 86 | N52: 85 | R52: 83 | V52: =IF(OR(F52="",J52="",N52="",R52="",),"",IF(ISERROR(ROUND(AVERAGE(F52,J52,N52,R52),0)),"",ROUND(AVERAGE(F52,J52,N52,R52),0))) -> 85
A53: 2 | B53: ='INPUT DATA'!B54:D54 -> BIMOS, SHEILLA KATE O. | F53: 92 | J53: 85 | N53: 86 | R53: 90 | V53: =IF(OR(F53="",J53="",N53="",R53="",),"",IF(ISERROR(ROUND(AVERAGE(F53,J53,N53,R53),0)),"",ROUND(AVERAGE(F53,J53,N53,R53),0))) -> 88
A54: 3 | B54: ='INPUT DATA'!B55:D55 -> BONGABONG, DWEYN ZHAIRA A. | F54: 88 | J54: 88 | N54: 90 | R54: 90 | V54: =IF(OR(F54="",J54="",N54="",R54="",),"",IF(ISERROR(ROUND(AVERAGE(F54,J54,N54,R54),0)),"",ROUND(AVERAGE(F54,J54,N54,R54),0))) -> 89
A55: 4 | B55: ='INPUT DATA'!B56:D56 -> CABEL, LOURENE A. | F55: 91 | J55: 91 | N55: 92 | R55: 93 | V55: =IF(OR(F55="",J55="",N55="",R55="",),"",IF(ISERROR(ROUND(AVERAGE(F55,J55,N55,R55),0)),"",ROUND(AVERAGE(F55,J55,N55,R55),0))) -> 92
A56: 5 | B56: ='INPUT DATA'!B57:D57 -> CAMIGAO, DHENISE CLARE V. | F56: 87 | J56: 87 | N56: 85 | R56: 85 | V56: =IF(OR(F56="",J56="",N56="",R56="",),"",IF(ISERROR(ROUND(AVERAGE(F56,J56,N56,R56),0)),"",ROUND(AVERAGE(F56,J56,N56,R56),0))) -> 86
A57: 6 | B57: ='INPUT DATA'!B58:D58 -> CARISMA, NATHALIA MAE M. | F57: 88 | J57: 86 | N57: 87 | R57: 87 | V57: =IF(OR(F57="",J57="",N57="",R57="",),"",IF(ISERROR(ROUND(AVERAGE(F57,J57,N57,R57),0)),"",ROUND(AVERAGE(F57,J57,N57,R57),0))) -> 87
A58: 7 | B58: ='INPUT DATA'!B59:D59 -> CLARO, REANZ P. | F58: 86 | J58: 84 | N58: 85 | R58: 85 | V58: =IF(OR(F58="",J58="",N58="",R58="",),"",IF(ISERROR(ROUND(AVERAGE(F58,J58,N58,R58),0)),"",ROUND(AVERAGE(F58,J58,N58,R58),0))) -> 85
A59: 8 | B59: ='INPUT DATA'!B60:D60 -> FRANCISCO, YSABELLA BEATRICE B. | F59: 91 | J59: 93 | N59: 94 | R59: 95 | V59: =IF(OR(F59="",J59="",N59="",R59="",),"",IF(ISERROR(ROUND(AVERAGE(F59,J59,N59,R59),0)),"",ROUND(AVERAGE(F59,J59,N59,R59),0))) -> 93
A60: 9 | B60: ='INPUT DATA'!B61:D61 -> GALDO, ALYSSA RHIAN P. | F60: 90 | V60: =IF(OR(F60="",J60="",N60="",R60="",),"",IF(ISERROR(ROUND(AVERAGE(F60,J60,N60,R60),0)),"",ROUND(AVERAGE(F60,J60,N60,R60),0)))
A61: 10 | B61: ='INPUT DATA'!B62:D62 -> HURAÑO, RIOMI M. | F61: 87 | J61: 88 | N61: 90 | R61: 90 | V61: =IF(OR(F61="",J61="",N61="",R61="",),"",IF(ISERROR(ROUND(AVERAGE(F61,J61,N61,R61),0)),"",ROUND(AVERAGE(F61,J61,N61,R61),0))) -> 89
A62: 11 | B62: ='INPUT DATA'!B63:D63 -> LAGUNA, WELLAIZA O. | F62: 86 | V62: =IF(OR(F62="",J62="",N62="",R62="",),"",IF(ISERROR(ROUND(AVERAGE(F62,J62,N62,R62),0)),"",ROUND(AVERAGE(F62,J62,N62,R62),0)))
A63: 12 | B63: ='INPUT DATA'!B64:D64 -> LAZAGA, PRINCESS JEAN O. | F63: 85 | J63: 87 | N63: 89 | R63: 90 | V63: =IF(OR(F63="",J63="",N63="",R63="",),"",IF(ISERROR(ROUND(AVERAGE(F63,J63,N63,R63),0)),"",ROUND(AVERAGE(F63,J63,N63,R63),0))) -> 88
A64: 13 | B64: ='INPUT DATA'!B65:D65 -> LIBRES, MIKYLLA B. | F64: 82 | J64: 78 | N64: 80 | R64: 78 | V64: =IF(OR(F64="",J64="",N64="",R64="",),"",IF(ISERROR(ROUND(AVERAGE(F64,J64,N64,R64),0)),"",ROUND(AVERAGE(F64,J64,N64,R64),0))) -> 80
A65: 14 | B65: ='INPUT DATA'!B66:D66 -> LIM, LENNIE GRACE S. | F65: 92 | J65: 86 | N65: 87 | R65: 88 | V65: =IF(OR(F65="",J65="",N65="",R65="",),"",IF(ISERROR(ROUND(AVERAGE(F65,J65,N65,R65),0)),"",ROUND(AVERAGE(F65,J65,N65,R65),0))) -> 88
A66: 15 | B66: ='INPUT DATA'!B67:D67 -> MASAYON, RHEA JANE L. | F66: 80 | J66: 76 | N66: 73 | R66: 75 | V66: =IF(OR(F66="",J66="",N66="",R66="",),"",IF(ISERROR(ROUND(AVERAGE(F66,J66,N66,R66),0)),"",ROUND(AVERAGE(F66,J66,N66,R66),0))) -> 76
A67: 16 | B67: ='INPUT DATA'!B68:D68 -> MORANCIL, JENEVI A. | F67: 90 | J67: 88 | N67: 90 | R67: 90 | V67: =IF(OR(F67="",J67="",N67="",R67="",),"",IF(ISERROR(ROUND(AVERAGE(F67,J67,N67,R67),0)),"",ROUND(AVERAGE(F67,J67,N67,R67),0))) -> 90
A68: 17 | B68: ='INPUT DATA'!B69:D69 -> PATRICIO, MICHA ELLA P. | F68: 77 | J68: 71 | N68: 77 | R68: 80 | V68: =IF(OR(F68="",J68="",N68="",R68="",),"",IF(ISERROR(ROUND(AVERAGE(F68,J68,N68,R68),0)),"",ROUND(AVERAGE(F68,J68,N68,R68),0))) -> 76
A69: 18 | B69: ='INPUT DATA'!B70:D70 -> PELINGON , ASHLEY C. | F69: 86 | J69: 83 | N69: 84 | R69: 85 | V69: =IF(OR(F69="",J69="",N69="",R69="",),"",IF(ISERROR(ROUND(AVERAGE(F69,J69,N69,R69),0)),"",ROUND(AVERAGE(F69,J69,N69,R69),0))) -> 85
A70: 19 | B70: ='INPUT DATA'!B71:D71 -> PEREZ, MERCY JEAN T. | F70: 81 | J70: 75 | N70: 77 | R70: 77 | V70: =IF(OR(F70="",J70="",N70="",R70="",),"",IF(ISERROR(ROUND(AVERAGE(F70,J70,N70,R70),0)),"",ROUND(AVERAGE(F70,J70,N70,R70),0))) -> 78
A71: 20 | B71: ='INPUT DATA'!B72:D72 -> PINGOT, RHEA L. | F71: 81 | J71: 73 | N71: 70 | R71: 70 | V71: =IF(OR(F71="",J71="",N71="",R71="",),"",IF(ISERROR(ROUND(AVERAGE(F71,J71,N71,R71),0)),"",ROUND(AVERAGE(F71,J71,N71,R71),0))) -> 74
A72: 21 | B72: ='INPUT DATA'!B73:D73 -> QUILAT, FERRA MAE | F72: 79 | J72: 70 | N72: 72 | R72: 77 | V72: =IF(OR(F72="",J72="",N72="",R72="",),"",IF(ISERROR(ROUND(AVERAGE(F72,J72,N72,R72),0)),"",ROUND(AVERAGE(F72,J72,N72,R72),0))) -> 75
A73: 22 | B73: ='INPUT DATA'!B74:D74 -> ROSALES, RYZA MAE C. | F73: 84 | J73: 80 | N73: 84 | R73: 86 | V73: =IF(OR(F73="",J73="",N73="",R73="",),"",IF(ISERROR(ROUND(AVERAGE(F73,J73,N73,R73),0)),"",ROUND(AVERAGE(F73,J73,N73,R73),0))) -> 84
A74: 23 | B74: ='INPUT DATA'!B75:D75 -> 0 | V74: =IF(OR(F74="",J74="",N74="",R74="",),"",IF(ISERROR(ROUND(AVERAGE(F74,J74,N74,R74),0)),"",ROUND(AVERAGE(F74,J74,N74,R74),0)))
A75: 24 | B75: ='INPUT DATA'!B76:D76 -> 0 | V75: =IF(OR(F75="",J75="",N75="",R75="",),"",IF(ISERROR(ROUND(AVERAGE(F75,J75,N75,R75),0)),"",ROUND(AVERAGE(F75,J75,N75,R75),0)))
A76: 25 | B76: ='INPUT DATA'!B77:D77 -> 0 | V76: =IF(OR(F76="",J76="",N76="",R76="",),"",IF(ISERROR(ROUND(AVERAGE(F76,J76,N76,R76),0)),"",ROUND(AVERAGE(F76,J76,N76,R76),0)))
A77: 26 | B77: ='INPUT DATA'!B78:D78 -> 0 | V77: =IF(OR(F77="",J77="",N77="",R77="",),"",IF(ISERROR(ROUND(AVERAGE(F77,J77,N77,R77),0)),"",ROUND(AVERAGE(F77,J77,N77,R77),0)))
A78: 27 | B78: ='INPUT DATA'!B79:D79 -> 0 | V78: =IF(OR(F78="",J78="",N78="",R78="",),"",IF(ISERROR(ROUND(AVERAGE(F78,J78,N78,R78),0)),"",ROUND(AVERAGE(F78,J78,N78,R78),0)))
A79: 28 | B79: ='INPUT DATA'!B80:D80 -> 0 | V79: =IF(OR(F79="",J79="",N79="",R79="",),"",IF(ISERROR(ROUND(AVERAGE(F79,J79,N79,R79),0)),"",ROUND(AVERAGE(F79,J79,N79,R79),0)))
A80: 29 | B80: ='INPUT DATA'!B81:D81 -> 0 | V80: =IF(OR(F80="",J80="",N80="",R80="",),"",IF(ISERROR(ROUND(AVERAGE(F80,J80,N80,R80),0)),"",ROUND(AVERAGE(F80,J80,N80,R80),0)))
A81: 30 | B81: ='INPUT DATA'!B82:D82 -> 0 | V81: =IF(OR(F81="",J81="",N81="",R81="",),"",IF(ISERROR(ROUND(AVERAGE(F81,J81,N81,R81),0)),"",ROUND(AVERAGE(F81,J81,N81,R81),0)))
A82: 31 | B82: ='INPUT DATA'!B83:D83 -> 0 | V82: =IF(OR(F82="",J82="",N82="",R82="",),"",IF(ISERROR(ROUND(AVERAGE(F82,J82,N82,R82),0)),"",ROUND(AVERAGE(F82,J82,N82,R82),0)))
A83: 32 | B83: ='INPUT DATA'!B84:D84 -> 0 | V83: =IF(OR(F83="",J83="",N83="",R83="",),"",IF(ISERROR(ROUND(AVERAGE(F83,J83,N83,R83),0)),"",ROUND(AVERAGE(F83,J83,N83,R83),0)))
A84: 33 | B84: ='INPUT DATA'!B85:D85 -> 0 | V84: =IF(OR(F84="",J84="",N84="",R84="",),"",IF(ISERROR(ROUND(AVERAGE(F84,J84,N84,R84),0)),"",ROUND(AVERAGE(F84,J84,N84,R84),0)))
A85: 34 | B85: ='INPUT DATA'!B86:D86 -> 0 | V85: =IF(OR(F85="",J85="",N85="",R85="",),"",IF(ISERROR(ROUND(AVERAGE(F85,J85,N85,R85),0)),"",ROUND(AVERAGE(F85,J85,N85,R85),0)))
A86: 35 | B86: ='INPUT DATA'!B87:D87 -> 0 | V86: =IF(OR(F86="",J86="",N86="",R86="",),"",IF(ISERROR(ROUND(AVERAGE(F86,J86,N86,R86),0)),"",ROUND(AVERAGE(F86,J86,N86,R86),0)))

Sheet ARTS
A1: Summary of Quarterly Grades
C5: REGION | G5: XI | L5: DIVISION | O5: PANABO CITY
B6: SCHOOL NAME | G6: QUEZON NATIONAL HIGH SCHOOL | S6: SCHOOL ID | W6: 316405
B7: LEARNERS' NAMES | F7: GRADE & SECTION: | K7: ='INPUT DATA'!K7 -> 8 - ARIES | S7: SCHOOL YEAR: | W7: ='INPUT DATA'!AG5 -> 2025 - 2026
F8: TEACHER: | K8: ='MUSIC-ARTS'!K8 -> JUVELYN MATUTIS | S8: SUBJECT: | W8: ARTS
F9: ARTS | J9: ARTS | N9: ARTS | R9: ARTS | V9: ARTS
F10: 1st Quarter | J10: 2nd Quarter | N10: 3rd Quarter | R10: 4th Quarter | V10: FINAL GRADE
B11: MALE
A12: 1 | B12: ='INPUT DATA'!B12:D12 -> ANUBLING, REGIE C. | V12: =IF(OR(F12="",J12="",N12="",R12="",),"",IF(ISERROR(ROUND(AVERAGE(F12,J12,N12,R12),0)),"",ROUND(AVERAGE(F12,J12,N12,R12),0)))
A13: 2 | B13: ='INPUT DATA'!B13:D13 -> BANGCOY, JOHN PAUL P. | V13: =IF(OR(F13="",J13="",N13="",R13="",),"",IF(ISERROR(ROUND(AVERAGE(F13,J13,N13,R13),0)),"",ROUND(AVERAGE(F13,J13,N13,R13),0)))
A14: 3 | B14: ='INPUT DATA'!B14:D14 -> BARRIENTOS, JOHN PAUL M. | V14: =IF(OR(F14="",J14="",N14="",R14="",),"",IF(ISERROR(ROUND(AVERAGE(F14,J14,N14,R14),0)),"",ROUND(AVERAGE(F14,J14,N14,R14),0)))
A15: 4 | B15: ='INPUT DATA'!B15:D15 -> BRIGOLE, ROMEL | V15: =IF(OR(F15="",J15="",N15="",R15="",),"",IF(ISERROR(ROUND(AVERAGE(F15,J15,N15,R15),0)),"",ROUND(AVERAGE(F15,J15,N15,R15),0)))
A16: 5 | B16: ='INPUT DATA'!B16:D16 -> BULAHAN,ROVIC L. | V16: =IF(OR(F16="",J16="",N16="",R16="",),"",IF(ISERROR(ROUND(AVERAGE(F16,J16,N16,R16),0)),"",ROUND(AVERAGE(F16,J16,N16,R16),0)))
A17: 6 | B17: ='INPUT DATA'!B17:D17 -> CIJAS, ROLIE JR. A. | V17: =IF(OR(F17="",J17="",N17="",R17="",),"",IF(ISERROR(ROUND(AVERAGE(F17,J17,N17,R17),0)),"",ROUND(AVERAGE(F17,J17,N17,R17),0)))
A18: 7 | B18: ='INPUT DATA'!B18:D18 -> GARCIA, DAVE P. | V18: =IF(OR(F18="",J18="",N18="",R18="",),"",IF(ISERROR(ROUND(AVERAGE(F18,J18,N18,R18),0)),"",ROUND(AVERAGE(F18,J18,N18,R18),0)))
A19: 8 | B19: ='INPUT DATA'!B19:D19 -> GONZALES, JAMES A. | D19: 0 | V19: =IF(OR(F19="",J19="",N19="",R19="",),"",IF(ISERROR(ROUND(AVERAGE(F19,J19,N19,R19),0)),"",ROUND(AVERAGE(F19,J19,N19,R19),0)))
A20: 9 | B20: ='INPUT DATA'!B20:D20 -> LAGUNA, J.B. B. | V20: =IF(OR(F20="",J20="",N20="",R20="",),"",IF(ISERROR(ROUND(AVERAGE(F20,J20,N20,R20),0)),"",ROUND(AVERAGE(F20,J20,N20,R20),0)))
A21: 10 | B21: ='INPUT DATA'!B21:D21 -> LARODA, STEVEN S. | V21: =IF(OR(F21="",J21="",N21="",R21="",),"",IF(ISERROR(ROUND(AVERAGE(F21,J21,N21,R21),0)),"",ROUND(AVERAGE(F21,J21,N21,R21),0)))
A22: 11 | B22: ='INPUT DATA'!B22:D22 -> MERINO, SEDRIK R. | D22: 0 | V22: =IF(OR(F22="",J22="",N22="",R22="",),"",IF(ISERROR(ROUND(AVERAGE(F22,J22,N22,R22),0)),"",ROUND(AVERAGE(F22,J22,N22,R22),0)))
A23: 12 | B23: ='INPUT DATA'!B23:D23 -> MONTERAS, VINCENT S. | V23: =IF(OR(F23="",J23="",N23="",R23="",),"",IF(ISERROR(ROUND(AVERAGE(F23,J23,N23,R23),0)),"",ROUND(AVERAGE(F23,J23,N23,R23),0)))
A24: 13 | B24: ='INPUT DATA'!B24:D24 -> NACAWILI, ANDRIE L. | V24: =IF(OR(F24="",J24="",N24="",R24="",),"",IF(ISERROR(ROUND(AVERAGE(F24,J24,N24,R24),0)),"",ROUND(AVERAGE(F24,J24,N24,R24),0)))
A25: 14 | B25: ='INPUT DATA'!B25:D25 -> OLIVERIO, CYREL JAY G. | V25: =IF(OR(F25="",J25="",N25="",R25="",),"",IF(ISERROR(ROUND(AVERAGE(F25,J25,N25,R25),0)),"",ROUND(AVERAGE(F25,J25,N25,R25),0)))
A26: 15 | B26: ='INPUT DATA'!B26:D26 -> ORBITA,BRENN JOHN A. | V26: =IF(OR(F26="",J26="",N26="",R26="",),"",IF(ISERROR(ROUND(AVERAGE(F26,J26,N26,R26),0)),"",ROUND(AVERAGE(F26,J26,N26,R26),0)))
A27: 16 | B27: ='INPUT DATA'!B27:D27 -> PAINLO,SHERWIN V. | V27: =IF(OR(F27="",J27="",N27="",R27="",),"",IF(ISERROR(ROUND(AVERAGE(F27,J27,N27,R27),0)),"",ROUND(AVERAGE(F27,J27,N27,R27),0)))
A28: 17 | B28: ='INPUT DATA'!B28:D28 -> RAMIREZ, MATTEO JOHN DAVE D. | V28: =IF(OR(F28="",J28="",N28="",R28="",),"",IF(ISERROR(ROUND(AVERAGE(F28,J28,N28,R28),0)),"",ROUND(AVERAGE(F28,J28,N28,R28),0)))
A29: 18 | B29: ='INPUT DATA'!B29:D29 -> SIGUIRA, JASTINE B. | V29: =IF(OR(F29="",J29="",N29="",R29="",),"",IF(ISERROR(ROUND(AVERAGE(F29,J29,N29,R29),0)),"",ROUND(AVERAGE(F29,J29,N29,R29),0)))
A30: 19 | B30: ='INPUT DATA'!B30:D30 -> TAA, JHONVINZ Y. | V30: =IF(OR(F30="",J30="",N30="",R30="",),"",IF(ISERROR(ROUND(AVERAGE(F30,J30,N30,R30),0)),"",ROUND(AVERAGE(F30,J30,N30,R30),0)))
A31: 20 | B31: ='INPUT DATA'!B31:D31 -> ZOILO, JOHN LORENCE M. | V31: =IF(OR(F31="",J31="",N31="",R31="",),"",IF(ISERROR(ROUND(AVERAGE(F31,J31,N31,R31),0)),"",ROUND(AVERAGE(F31,J31,N31,R31),0)))
A32: 21 | B32: ='INPUT DATA'!B32:D32 -> 0 | V32: =IF(OR(F32="",J32="",N32="",R32="",),"",IF(ISERROR(ROUND(AVERAGE(F32,J32,N32,R32),0)),"",ROUND(AVERAGE(F32,J32,N32,R32),0)))
A33: 22 | B33: ='INPUT DATA'!B33:D33 -> 0 | V33: =IF(OR(F33="",J33="",N33="",R33="",),"",IF(ISERROR(ROUND(AVERAGE(F33,J33,N33,R33),0)),"",ROUND(AVERAGE(F33,J33,N33,R33),0)))
A34: 23 | B34: ='INPUT DATA'!B34:D34 -> 0 | V34: =IF(OR(F34="",J34="",N34="",R34="",),"",IF(ISERROR(ROUND(AVERAGE(F34,J34,N34,R34),0)),"",ROUND(AVERAGE(F34,J34,N34,R34),0)))
... A50: 39 | B50: ='INPUT DATA'!B50:D50 -> 0 | V50: =IF(OR(F50="",J50="",N50="",R50="",),"",IF(ISERROR(ROUND(AVERAGE(F50,J50,N50,R50),0)),"",ROUND(AVERAGE(F50,J50,N50,R50),0)))
B51: FEMALE
A52: 1 | B52: ='INPUT DATA'!B53:D53 -> ANGCOY, PRINCESS NAILLE T. | V52: =IF(OR(F52="",J52="",N52="",R52="",),"",IF(ISERROR(ROUND(AVERAGE(F52,J52,N52,R52),0)),"",ROUND(AVERAGE(F52,J52,N52,R52),0)))
A53: 2 | B53: ='INPUT DATA'!B54:D54 -> BIMOS, SHEILLA KATE O. | V53: =IF(OR(F53="",J53="",N53="",R53="",),"",IF(ISERROR(ROUND(AVERAGE(F53,J53,N53,R53),0)),"",ROUND(AVERAGE(F53,J53,N53,R53),0)))
A54: 3 | B54: ='INPUT DATA'!B55:D55 -> BONGABONG, DWEYN ZHAIRA A. | V54: =IF(OR(F54="",J54="",N54="",R54="",),"",IF(ISERROR(ROUND(AVERAGE(F54,J54,N54,R54),0)),"",ROUND(AVERAGE(F54,J54,N54,R54),0)))
A55: 4 | B55: ='INPUT DATA'!B56:D56 -> CABEL, LOURENE A. | V55: =IF(OR(F55="",J55="",N55="",R55="",),"",IF(ISERROR(ROUND(AVERAGE(F55,J55,N55,R55),0)),"",ROUND(AVERAGE(F55,J55,N55,R55),0)))
A56: 5 | B56: ='INPUT DATA'!B57:D57 -> CAMIGAO, DHENISE CLARE V. | V56: =IF(OR(F56="",J56="",N56="",R56="",),"",IF(ISERROR(ROUND(AVERAGE(F56,J56,N56,R56),0)),"",ROUND(AVERAGE(F56,J56,N56,R56),0)))
A57: 6 | B57: ='INPUT DATA'!B58:D58 -> CARISMA, NATHALIA MAE M. | V57: =IF(OR(F57="",J57="",N57="",R57="",),"",IF(ISERROR(ROUND(AVERAGE(F57,J57,N57,R57),0)),"",ROUND(AVERAGE(F57,J57,N57,R57),0)))
A58: 7 | B58: ='INPUT DATA'!B59:D59 -> CLARO, REANZ P. | V58: =IF(OR(F58="",J58="",N58="",R58="",),"",IF(ISERROR(ROUND(AVERAGE(F58,J58,N58,R58),0)),"",ROUND(AVERAGE(F58,J58,N58,R58),0)))
A59: 8 | B59: ='INPUT DATA'!B60:D60 -> FRANCISCO, YSABELLA BEATRICE B. | V59: =IF(OR(F59="",J59="",N59="",R59="",),"",IF(ISERROR(ROUND(AVERAGE(F59,J59,N59,R59),0)),"",ROUND(AVERAGE(F59,J59,N59,R59),0)))
A60: 9 | B60: ='INPUT DATA'!B61:D61 -> GALDO, ALYSSA RHIAN P. | V60: =IF(OR(F60="",J60="",N60="",R60="",),"",IF(ISERROR(ROUND(AVERAGE(F60,J60,N60,R60),0)),"",ROUND(AVERAGE(F60,J60,N60,R60),0)))
A61: 10 | B61: ='INPUT DATA'!B62:D62 -> HURAÑO, RIOMI M. | V61: =IF(OR(F61="",J61="",N61="",R61="",),"",IF(ISERROR(ROUND(AVERAGE(F61,J61,N61,R61),0)),"",ROUND(AVERAGE(F61,J61,N61,R61),0)))
A62: 11 | B62: ='INPUT DATA'!B63:D63 -> LAGUNA, WELLAIZA O. | V62: =IF(OR(F62="",J62="",N62="",R62="",),"",IF(ISERROR(ROUND(AVERAGE(F62,J62,N62,R62),0)),"",ROUND(AVERAGE(F62,J62,N62,R62),0)))
A63: 12 | B63: ='INPUT DATA'!B64:D64 -> LAZAGA, PRINCESS JEAN O. | V63: =IF(OR(F63="",J63="",N63="",R63="",),"",IF(ISERROR(ROUND(AVERAGE(F63,J63,N63,R63),0)),"",ROUND(AVERAGE(F63,J63,N63,R63),0)))
... A86: 35 | B86: ='INPUT DATA'!B87:D87 -> 0 | V86: =IF(OR(F86="",J86="",N86="",R86="",),"",IF(ISERROR(ROUND(AVERAGE(F86,J86,N86,R86),0)),"",ROUND(AVERAGE(F86,J86,N86,R86),0)))

Sheet PE-HEALTH
A1: Summary of Quarterly Grades
C5: REGION | G5: XI | L5: DIVISION | O5: PANABO CITY
B6: SCHOOL NAME | G6: QUEZON NATIONAL HIGH SCHOOL | S6: SCHOOL ID | W6: 316405
B7: LEARNERS' NAMES | F7: GRADE & SECTION: | K7: =ARTS!K7 -> 8 - ARIES | S7: SCHOOL YEAR: | W7: =ARTS!W7 -> 2025 - 2026
F8: TEACHER: | K8: =ARTS!K8 -> JUVELYN MATUTIS | S8: SUBJECT: | W8: PE AND HEALTH
F9: PE AND HEALTH | J9: PE AND HEALTH | N9: PE AND HEALTH | R9: PE AND HEALTH | V9: PE AND HEALTH
F10: 1st Quarter | J10: 2nd Quarter | N10: 3rd Quarter | R10: 4th Quarter | V10: FINAL GRADE
B11: MALE
A12: 1 | B12: ='INPUT DATA'!B12:D12 -> ANUBLING, REGIE C. | F12: 80 | J12: 75 | N12: 78 | R12: 90 | V12: =IF(OR(F12="",J12="",N12="",R12="",),"",IF(ISERROR(ROUND(AVERAGE(F12,J12,N12,R12),0)),"",ROUND(AVERAGE(F12,J12,N12,R12),0))) -> 81
A13: 2 | B13: ='INPUT DATA'!B13:D13 -> BANGCOY, JOHN PAUL P. | F13: 76 | V13: =IF(OR(F13="",J13="",N13="",R13="",),"",IF(ISERROR(ROUND(AVERAGE(F13,J13,N13,R13),0)),"",ROUND(AVERAGE(F13,J13,N13,R13),0)))
A14: 3 | B14: ='INPUT DATA'!B14:D14 -> BARRIENTOS, JOHN PAUL M. | F14: 91 | J14: 87 | N14: 88 | R14: 95 | V14: =IF(OR(F14="",J14="",N14="",R14="",),"",IF(ISERROR(ROUND(AVERAGE(F14,J14,N14,R14),0)),"",ROUND(AVERAGE(F14,J14,N14,R14),0))) -> 90
A15: 4 | B15: ='INPUT DATA'!B15:D15 -> BRIGOLE, ROMEL | F15: 65 | J15: 65 | N15: 65 | R15: 70 | V15: =IF(OR(F15="",J15="",N15="",R15="",),"",IF(ISERROR(ROUND(AVERAGE(F15,J15,N15,R15),0)),"",ROUND(AVERAGE(F15,J15,N15,R15),0))) -> 66
A16: 5 | B16: ='INPUT DATA'!B16:D16 -> BULAHAN,ROVIC L. | F16: 89 | J16: 87 | N16: 88 | R16: 95 | V16: =IF(OR(F16="",J16="",N16="",R16="",),"",IF(ISERROR(ROUND(AVERAGE(F16,J16,N16,R16),0)),"",ROUND(AVERAGE(F16,J16,N16,R16),0))) -> 90
A17: 6 | B17: ='INPUT DATA'!B17:D17 -> CIJAS, ROLIE JR. A. | F17: 90 | J17: 89 | N17: 90 | R17: 90 | V17: =IF(OR(F17="",J17="",N17="",R17="",),"",IF(ISERROR(ROUND(AVERAGE(F17,J17,N17,R17),0)),"",ROUND(AVERAGE(F17,J17,N17,R17),0))) -> 90
A18: 7 | B18: ='INPUT DATA'!B18:D18 -> GARCIA, DAVE P. | F18: 84 | J18: 84 | N18: 83 | R18: 90 | V18: =IF(OR(F18="",J18="",N18="",R18="",),"",IF(ISERROR(ROUND(AVERAGE(F18,J18,N18,R18),0)),"",ROUND(AVERAGE(F18,J18,N18,R18),0))) -> 85
A19: 8 | B19: ='INPUT DATA'!B19:D19 -> GONZALES, JAMES A. | D19: 0 | F19: 82 | J19: 85 | N19: 85 | R19: 90 | V19: =IF(OR(F19="",J19="",N19="",R19="",),"",IF(ISERROR(ROUND(AVERAGE(F19,J19,N19,R19),0)),"",ROUND(AVERAGE(F19,J19,N19,R19),0))) -> 86
A20: 9 | B20: ='INPUT DATA'!B20:D20 -> LAGUNA, J.B. B. | F20: 90 | J20: 87 | N20: 85 | R20: 95 | V20: =IF(OR(F20="",J20="",N20="",R20="",),"",IF(ISERROR(ROUND(AVERAGE(F20,J20,N20,R20),0)),"",ROUND(AVERAGE(F20,J20,N20,R20),0))) -> 89
A21: 10 | B21: ='INPUT DATA'!B21:D21 -> LARODA, STEVEN S. | F21: 86 | J21: 84 | N21: 80 | R21: 90 | V21: =IF(OR(F21="",J21="",N21="",R21="",),"",IF(ISERROR(ROUND(AVERAGE(F21,J21,N21,R21),0)),"",ROUND(AVERAGE(F21,J21,N21,R21),0))) -> 85
A22: 11 | B22: ='INPUT DATA'!B22:D22 -> MERINO, SEDRIK R. | D22: 0 | F22: 85 | J22: 72 | N22: 70 | R22: 70 | V22: =IF(OR(F22="",J22="",N22="",R22="",),"",IF(ISERROR(ROUND(AVERAGE(F22,J22,N22,R22),0)),"",ROUND(AVERAGE(F22,J22,N22,R22),0))) -> 74
A23: 12 | B23: ='INPUT DATA'!B23:D23 -> MONTERAS, VINCENT S. | F23: 89 | J23: 80 | N23: 80 | R23: 78 | V23: =IF(OR(F23="",J23="",N23="",R23="",),"",IF(ISERROR(ROUND(AVERAGE(F23,J23,N23,R23),0)),"",ROUND(AVERAGE(F23,J23,N23,R23),0))) -> 82
A24: 13 | B24: ='INPUT DATA'!B24:D24 -> NACAWILI, ANDRIE L. | F24: 86 | J24: 87 | N24: 87 | R24: 90 | V24: =IF(OR(F24="",J24="",N24="",R24="",),"",IF(ISERROR(ROUND(AVERAGE(F24,J24,N24,R24),0)),"",ROUND(AVERAGE(F24,J24,N24,R24),0))) -> 88
A25: 14 | B25: ='INPUT DATA'!B25:D25 -> OLIVERIO, CYREL JAY G. | F25: 79 | J25: 73 | N25: 77 | R25: 70 | V25: =IF(OR(F25="",J25="",N25="",R25="",),"",IF(ISERROR(ROUND(AVERAGE(F25,J25,N25,R25),0)),"",ROUND(AVERAGE(F25,J25,N25,R25),0))) -> 75
A26: 15 | B26: ='INPUT DATA'!B26:D26 -> ORBITA,BRENN JOHN A. | F26: 85 | J26: 85 | N26: 85 | R26: 90 | V26: =IF(OR(F26="",J26="",N26="",R26="",),"",IF(ISERROR(ROUND(AVERAGE(F26,J26,N26,R26),0)),"",ROUND(AVERAGE(F26,J26,N26,R26),0))) -> 86
A27: 16 | B27: ='INPUT DATA'!B27:D27 -> PAINLO,SHERWIN V. | F27: 93 | J27: 89 | N27: 90 | R27: 95 | V27: =IF(OR(F27="",J27="",N27="",R27="",),"",IF(ISERROR(ROUND(AVERAGE(F27,J27,N27,R27),0)),"",ROUND(AVERAGE(F27,J27,N27,R27),0))) -> 92
A28: 17 | B28: ='INPUT DATA'!B28:D28 -> RAMIREZ, MATTEO JOHN DAVE D. | F28: 60 | V28: =IF(OR(F28="",J28="",N28="",R28="",),"",IF(ISERROR(ROUND(AVERAGE(F28,J28,N28,R28),0)),"",ROUND(AVERAGE(F28,J28,N28,R28),0)))
A29: 18 | B29: ='INPUT DATA'!B29:D29 -> SIGUIRA, JASTINE B. | F29: 74 | V29: =IF(OR(F29="",J29="",N29="",R29="",),"",IF(ISERROR(ROUND(AVERAGE(F29,J29,N29,R29),0)),"",ROUND(AVERAGE(F29,J29,N29,R29),0)))
A30: 19 | B30: ='INPUT DATA'!B30:D30 -> TAA, JHONVINZ Y. | F30: 84 | J30: 77 | N30: 79 | R30: 80 | V30: =IF(OR(F30="",J30="",N30="",R30="",),"",IF(ISERROR(ROUND(AVERAGE(F30,J30,N30,R30),0)),"",ROUND(AVERAGE(F30,J30,N30,R30),0))) -> 80
A31: 20 | B31: ='INPUT DATA'!B31:D31 -> ZOILO, JOHN LORENCE M. | F31: 82 | J31: 85 | N31: 86 | R31: 90 | V31: =IF(OR(F31="",J31="",N31="",R31="",),"",IF(ISERROR(ROUND(AVERAGE(F31,J31,N31,R31),0)),"",ROUND(AVERAGE(F31,J31,N31,R31),0))) -> 86
A32: 21 | B32: CABO, JEREM | F32: 75 | J32: 75 | N32: 75 | R32: 90 | V32: =IF(OR(F32="",J32="",N32="",R32="",),"",IF(ISERROR(ROUND(AVERAGE(F32,J32,N32,R32),0)),"",ROUND(AVERAGE(F32,J32,N32,R32),0))) -> 79
A33: 22 | B33: ='INPUT DATA'!B33:D33 -> 0 | V33: =IF(OR(F33="",J33="",N33="",R33="",),"",IF(ISERROR(ROUND(AVERAGE(F33,J33,N33,R33),0)),"",ROUND(AVERAGE(F33,J33,N33,R33),0)))
A34: 23 | B34: ='INPUT DATA'!B34:D34 -> 0 | V34: =IF(OR(F34="",J34="",N34="",R34="",),"",IF(ISERROR(ROUND(AVERAGE(F34,J34,N34,R34),0)),"",ROUND(AVERAGE(F34,J34,N34,R34),0)))
A35: 24 | B35: ='INPUT DATA'!B35:D35 -> 0 | V35: =IF(OR(F35="",J35="",N35="",R35="",),"",IF(ISERROR(ROUND(AVERAGE(F35,J35,N35,R35),0)),"",ROUND(AVERAGE(F35,J35,N35,R35),0)))
A36: 25 | B36: ='INPUT DATA'!B36:D36 -> 0 | V36: =IF(OR(F36="",J36="",N36="",R36="",),"",IF(ISERROR(ROUND(AVERAGE(F36,J36,N36,R36),0)),"",ROUND(AVERAGE(F36,J36,N36,R36),0)))
A37: 26 | B37: ='INPUT DATA'!B37:D37 -> 0 | V37: =IF(OR(F37="",J37="",N37="",R37="",),"",IF(ISERROR(ROUND(AVERAGE(F37,J37,N37,R37),0)),"",ROUND(AVERAGE(F37,J37,N37,R37),0)))
A38: 27 | B38: ='INPUT DATA'!B38:D38 -> 0 | V38: =IF(OR(F38="",J38="",N38="",R38="",),"",IF(ISERROR(ROUND(AVERAGE(F38,J38,N38,R38),0)),"",ROUND(AVERAGE(F38,J38,N38,R38),0)))
A39: 28 | B39: ='INPUT DATA'!B39:D39 -> 0 | V39: =IF(OR(F39="",J39="",N39="",R39="",),"",IF(ISERROR(ROUND(AVERAGE(F39,J39,N39,R39),0)),"",ROUND(AVERAGE(F39,J39,N39,R39),0)))
A40: 29 | B40: ='INPUT DATA'!B40:D40 -> 0 | V40: =IF(OR(F40="",J40="",N40="",R40="",),"",IF(ISERROR(ROUND(AVERAGE(F40,J40,N40,R40),0)),"",ROUND(AVERAGE(F40,J40,N40,R40),0)))
A41: 30 | B41: ='INPUT DATA'!B41:D41 -> 0 | V41: =IF(OR(F41="",J41="",N41="",R41="",),"",IF(ISERROR(ROUND(AVERAGE(F41,J41,N41,R41),0)),"",ROUND(AVERAGE(F41,J41,N41,R41),0)))
A42: 31 | B42: ='INPUT DATA'!B42:D42 -> 0 | V42: =IF(OR(F42="",J42="",N42="",R42="",),"",IF(ISERROR(ROUND(AVERAGE(F42,J42,N42,R42),0)),"",ROUND(AVERAGE(F42,J42,N42,R42),0)))
A43: 32 | B43: ='INPUT DATA'!B43:D43 -> 0 | V43: =IF(OR(F43="",J43="",N43="",R43="",),"",IF(ISERROR(ROUND(AVERAGE(F43,J43,N43,R43),0)),"",ROUND(AVERAGE(F43,J43,N43,R43),0)))
A44: 33 | B44: ='INPUT DATA'!B44:D44 -> 0 | V44: =IF(OR(F44="",J44="",N44="",R44="",),"",IF(ISERROR(ROUND(AVERAGE(F44,J44,N44,R44),0)),"",ROUND(AVERAGE(F44,J44,N44,R44),0)))
... A50: 39 | B50: ='INPUT DATA'!B50:D50 -> 0 | V50: =IF(OR(F50="",J50="",N50="",R50="",),"",IF(ISERROR(ROUND(AVERAGE(F50,J50,N50,R50),0)),"",ROUND(AVERAGE(F50,J50,N50,R50),0)))
B51: FEMALE
A52: 1 | B52: ='INPUT DATA'!B53:D53 -> ANGCOY, PRINCESS NAILLE T. | F52: 90 | J52: 86 | N52: 85 | R52: 95 | V52: =IF(OR(F52="",J52="",N52="",R52="",),"",IF(ISERROR(ROUND(AVERAGE(F52,J52,N52,R52),0)),"",ROUND(AVERAGE(F52,J52,N52,R52),0))) -> 89
A53: 2 | B53: ='INPUT DATA'!B54:D54 -> BIMOS, SHEILLA KATE O. | F53: 88 | J53: 87 | N53: 87 | R53: 95 | V53: =IF(OR(F53="",J53="",N53="",R53="",),"",IF(ISERROR(ROUND(AVERAGE(F53,J53,N53,R53),0)),"",ROUND(AVERAGE(F53,J53,N53,R53),0))) -> 89
A54: 3 | B54: ='INPUT DATA'!B55:D55 -> BONGABONG, DWEYN ZHAIRA A. | F54: 96 | J54: 89 | N54: 90 | R54: 91 | V54: =IF(OR(F54="",J54="",N54="",R54="",),"",IF(ISERROR(ROUND(AVERAGE(F54,J54,N54,R54),0)),"",ROUND(AVERAGE(F54,J54,N54,R54),0))) -> 92
A55: 4 | B55: ='INPUT DATA'!B56:D56 -> CABEL, LOURENE A. | F55: 93 | J55: 93 | N55: 92 | R55: 93 | V55: =IF(OR(F55="",J55="",N55="",R55="",),"",IF(ISERROR(ROUND(AVERAGE(F55,J55,N55,R55),0)),"",ROUND(AVERAGE(F55,J55,N55,R55),0))) -> 93
A56: 5 | B56: ='INPUT DATA'!B57:D57 -> CAMIGAO, DHENISE CLARE V. | F56: 94 | J56: 89 | N56: 85 | R56: 95 | V56: =IF(OR(F56="",J56="",N56="",R56="",),"",IF(ISERROR(ROUND(AVERAGE(F56,J56,N56,R56),0)),"",ROUND(AVERAGE(F56,J56,N56,R56),0))) -> 91
A57: 6 | B57: ='INPUT DATA'!B58:D58 -> CARISMA, NATHALIA MAE M. | F57: 87 | J57: 90 | N57: 88 | R57: 95 | V57: =IF(OR(F57="",J57="",N57="",R57="",),"",IF(ISERROR(ROUND(AVERAGE(F57,J57,N57,R57),0)),"",ROUND(AVERAGE(F57,J57,N57,R57),0))) -> 90
A58: 7 | B58: ='INPUT DATA'!B59:D59 -> CLARO, REANZ P. | F58: 89 | J58: 87 | N58: 87 | R58: 95 | V58: =IF(OR(F58="",J58="",N58="",R58="",),"",IF(ISERROR(ROUND(AVERAGE(F58,J58,N58,R58),0)),"",ROUND(AVERAGE(F58,J58,N58,R58),0))) -> 90
A59: 8 | B59: ='INPUT DATA'!B60:D60 -> FRANCISCO, YSABELLA BEATRICE B. | F59: 95 | J59: 93 | N59: 93 | R59: 95 | V59: =IF(OR(F59="",J59="",N59="",R59="",),"",IF(ISERROR(ROUND(AVERAGE(F59,J59,N59,R59),0)),"",ROUND(AVERAGE(F59,J59,N59,R59),0))) -> 94
A60: 9 | B60: ='INPUT DATA'!B61:D61 -> GALDO, ALYSSA RHIAN P. | F60: 89 | V60: =IF(OR(F60="",J60="",N60="",R60="",),"",IF(ISERROR(ROUND(AVERAGE(F60,J60,N60,R60),0)),"",ROUND(AVERAGE(F60,J60,N60,R60),0)))
A61: 10 | B61: ='INPUT DATA'!B62:D62 -> HURAÑO, RIOMI M. | F61: 91 | J61: 90 | N61: 90 | R61: 95 | V61: =IF(OR(F61="",J61="",N61="",R61="",),"",IF(ISERROR(ROUND(AVERAGE(F61,J61,N61,R61),0)),"",ROUND(AVERAGE(F61,J61,N61,R61),0))) -> 92
A62: 11 | B62: ='INPUT DATA'!B63:D63 -> LAGUNA, WELLAIZA O. | F62: 87 | V62: =IF(OR(F62="",J62="",N62="",R62="",),"",IF(ISERROR(ROUND(AVERAGE(F62,J62,N62,R62),0)),"",ROUND(AVERAGE(F62,J62,N62,R62),0)))
A63: 12 | B63: ='INPUT DATA'!B64:D64 -> LAZAGA, PRINCESS JEAN O. | F63: 90 | J63: 89 | N63: 89 | R63: 95 | V63: =IF(OR(F63="",J63="",N63="",R63="",),"",IF(ISERROR(ROUND(AVERAGE(F63,J63,N63,R63),0)),"",ROUND(AVERAGE(F63,J63,N63,R63),0))) -> 91
A64: 13 | B64: ='INPUT DATA'!B65:D65 -> LIBRES, MIKYLLA B. | F64: 83 | J64: 78 | N64: 80 | R64: 90 | V64: =IF(OR(F64="",J64="",N64="",R64="",),"",IF(ISERROR(ROUND(AVERAGE(F64,J64,N64,R64),0)),"",ROUND(AVERAGE(F64,J64,N64,R64),0))) -> 83
A65: 14 | B65: ='INPUT DATA'!B66:D66 -> LIM, LENNIE GRACE S. | F65: 92 | J65: 86 | N65: 88 | R65: 95 | V65: =IF(OR(F65="",J65="",N65="",R65="",),"",IF(ISERROR(ROUND(AVERAGE(F65,J65,N65,R65),0)),"",ROUND(AVERAGE(F65,J65,N65,R65),0))) -> 90
A66: 15 | B66: ='INPUT DATA'!B67:D67 -> MASAYON, RHEA JANE L. | F66: 81 | J66: 76 | N66: 75 | R66: 90 | V66: =IF(OR(F66="",J66="",N66="",R66="",),"",IF(ISERROR(ROUND(AVERAGE(F66,J66,N66,R66),0)),"",ROUND(AVERAGE(F66,J66,N66,R66),0))) -> 81
A67: 16 | B67: ='INPUT DATA'!B68:D68 -> MORANCIL, JENEVI A. | F67: 89 | J67: 90 | N67: 90 | R67: 95 | V67: =IF(OR(F67="",J67="",N67="",R67="",),"",IF(ISERROR(ROUND(AVERAGE(F67,J67,N67,R67),0)),"",ROUND(AVERAGE(F67,J67,N67,R67),0))) -> 91
A68: 17 | B68: ='INPUT DATA'!B69:D69 -> PATRICIO, MICHA ELLA P. | F68: 81 | J68: 73 | N68: 80 | R68: 90 | V68: =IF(OR(F68="",J68="",N68="",R68="",),"",IF(ISERROR(ROUND(AVERAGE(F68,J68,N68,R68),0)),"",ROUND(AVERAGE(F68,J68,N68,R68),0))) -> 81
A69: 18 | B69: ='INPUT DATA'!B70:D70 -> PELINGON , ASHLEY C. | F69: 88 | J69: 84 | N69: 85 | R69: 90 | V69: =IF(OR(F69="",J69="",N69="",R69="",),"",IF(ISERROR(ROUND(AVERAGE(F69,J69,N69,R69),0)),"",ROUND(AVERAGE(F69,J69,N69,R69),0))) -> 87
A70: 19 | B70: ='INPUT DATA'!B71:D71 -> PEREZ, MERCY JEAN T. | F70: 83 | J70: 77 | N70: 77 | R70: 90 | V70: =IF(OR(F70="",J70="",N70="",R70="",),"",IF(ISERROR(ROUND(AVERAGE(F70,J70,N70,R70),0)),"",ROUND(AVERAGE(F70,J70,N70,R70),0))) -> 82
A71: 20 | B71: ='INPUT DATA'!B72:D72 -> PINGOT, RHEA L. | F71: 81 | J71: 73 | N71: 72 | R71: 70 | V71: =IF(OR(F71="",J71="",N71="",R71="",),"",IF(ISERROR(ROUND(AVERAGE(F71,J71,N71,R71),0)),"",ROUND(AVERAGE(F71,J71,N71,R71),0))) -> 74
A72: 21 | B72: ='INPUT DATA'!B73:D73 -> QUILAT, FERRA MAE | F72: 78 | J72: 70 | N72: 73 | R72: 77 | V72: =IF(OR(F72="",J72="",N72="",R72="",),"",IF(ISERROR(ROUND(AVERAGE(F72,J72,N72,R72),0)),"",ROUND(AVERAGE(F72,J72,N72,R72),0))) -> 75
A73: 22 | B73: ='INPUT DATA'!B74:D74 -> ROSALES, RYZA MAE C. | F73: 91 | J73: 84 | N73: 87 | R73: 90 | V73: =IF(OR(F73="",J73="",N73="",R73="",),"",IF(ISERROR(ROUND(AVERAGE(F73,J73,N73,R73),0)),"",ROUND(AVERAGE(F73,J73,N73,R73),0))) -> 88
A74: 23 | B74: ='INPUT DATA'!B75:D75 -> 0 | V74: =IF(OR(F74="",J74="",N74="",R74="",),"",IF(ISERROR(ROUND(AVERAGE(F74,J74,N74,R74),0)),"",ROUND(AVERAGE(F74,J74,N74,R74),0)))
A75: 24 | B75: ='INPUT DATA'!B76:D76 -> 0 | V75: =IF(OR(F75="",J75="",N75="",R75="",),"",IF(ISERROR(ROUND(AVERAGE(F75,J75,N75,R75),0)),"",ROUND(AVERAGE(F75,J75,N75,R75),0)))
A76: 25 | B76: ='INPUT DATA'!B77:D77 -> 0
A77: 26 | B77: ='INPUT DATA'!B78:D78 -> 0
A78: 27 | B78: ='INPUT DATA'!B79:D79 -> 0
A79: 28 | B79: ='INPUT DATA'!B80:D80 -> 0
A80: 29 | B80: ='INPUT DATA'!B81:D81 -> 0
A81: 30 | B81: ='INPUT DATA'!B82:D82 -> 0
A82: 31 | B82: ='INPUT DATA'!B83:D83 -> 0
A83: 32 | B83: ='INPUT DATA'!B84:D84 -> 0
A84: 33 | B84: ='INPUT DATA'!B85:D85 -> 0
A85: 34 | B85: ='INPUT DATA'!B86:D86 -> 0
A86: 35 | B86: ='INPUT DATA'!B87:D87 -> 0

Sheet HEALTH
A1: Summary of Quarterly Grades
C5: REGION | G5: XI | L5: DIVISION | O5: PANABO CITY
B6: SCHOOL NAME | G6: QUEZON NATIONAL HIGH SCHOOL | S6: SCHOOL ID | W6: 316405
B7: LEARNERS' NAMES | F7: GRADE & SECTION: | K7: ='PE-HEALTH'!K7 -> 8 - ARIES | S7: SCHOOL YEAR: | W7: ='PE-HEALTH'!W7 -> 2025 - 2026
F8: TEACHER: | K8: ='PE-HEALTH'!K8 -> JUVELYN MATUTIS | S8: SUBJECT: | W8: HEALTH
F9: HEALTH | J9: HEALTH | N9: HEALTH | R9: HEALTH | V9: HEALTH
F10: 1st Quarter | J10: 2nd Quarter | N10: 3rd Quarter | R10: 4th Quarter | V10: FINAL GRADE
B11: MALE
A12: 1 | B12: ='INPUT DATA'!B12:D12 -> ANUBLING, REGIE C. | V12: =IF(OR(F12="",J12="",N12="",R12="",),"",IF(ISERROR(ROUND(AVERAGE(F12,J12,N12,R12),0)),"",ROUND(AVERAGE(F12,J12,N12,R12),0)))
A13: 2 | B13: ='INPUT DATA'!B13:D13 -> BANGCOY, JOHN PAUL P. | V13: =IF(OR(F13="",J13="",N13="",R13="",),"",IF(ISERROR(ROUND(AVERAGE(F13,J13,N13,R13),0)),"",ROUND(AVERAGE(F13,J13,N13,R13),0)))
A14: 3 | B14: ='INPUT DATA'!B14:D14 -> BARRIENTOS, JOHN PAUL M. | V14: =IF(OR(F14="",J14="",N14="",R14="",),"",IF(ISERROR(ROUND(AVERAGE(F14,J14,N14,R14),0)),"",ROUND(AVERAGE(F14,J14,N14,R14),0)))
A15: 4 | B15: ='INPUT DATA'!B15:D15 -> BRIGOLE, ROMEL | V15: =IF(OR(F15="",J15="",N15="",R15="",),"",IF(ISERROR(ROUND(AVERAGE(F15,J15,N15,R15),0)),"",ROUND(AVERAGE(F15,J15,N15,R15),0)))
A16: 5 | B16: ='INPUT DATA'!B16:D16 -> BULAHAN,ROVIC L. | V16: =IF(OR(F16="",J16="",N16="",R16="",),"",IF(ISERROR(ROUND(AVERAGE(F16,J16,N16,R16),0)),"",ROUND(AVERAGE(F16,J16,N16,R16),0)))
A17: 6 | B17: ='INPUT DATA'!B17:D17 -> CIJAS, ROLIE JR. A. | V17: =IF(OR(F17="",J17="",N17="",R17="",),"",IF(ISERROR(ROUND(AVERAGE(F17,J17,N17,R17),0)),"",ROUND(AVERAGE(F17,J17,N17,R17),0)))
A18: 7 | B18: ='INPUT DATA'!B18:D18 -> GARCIA, DAVE P. | V18: =IF(OR(F18="",J18="",N18="",R18="",),"",IF(ISERROR(ROUND(AVERAGE(F18,J18,N18,R18),0)),"",ROUND(AVERAGE(F18,J18,N18,R18),0)))
A19: 8 | B19: ='INPUT DATA'!B19:D19 -> GONZALES, JAMES A. | D19: 0 | V19: =IF(OR(F19="",J19="",N19="",R19="",),"",IF(ISERROR(ROUND(AVERAGE(F19,J19,N19,R19),0)),"",ROUND(AVERAGE(F19,J19,N19,R19),0)))
A20: 9 | B20: ='INPUT DATA'!B20:D20 -> LAGUNA, J.B. B. | V20: =IF(OR(F20="",J20="",N20="",R20="",),"",IF(ISERROR(ROUND(AVERAGE(F20,J20,N20,R20),0)),"",ROUND(AVERAGE(F20,J20,N20,R20),0)))
A21: 10 | B21: ='INPUT DATA'!B21:D21 -> LARODA, STEVEN S. | V21: =IF(OR(F21="",J21="",N21="",R21="",),"",IF(ISERROR(ROUND(AVERAGE(F21,J21,N21,R21),0)),"",ROUND(AVERAGE(F21,J21,N21,R21),0)))
A22: 11 | B22: ='INPUT DATA'!B22:D22 -> MERINO, SEDRIK R. | D22: 0 | V22: =IF(OR(F22="",J22="",N22="",R22="",),"",IF(ISERROR(ROUND(AVERAGE(F22,J22,N22,R22),0)),"",ROUND(AVERAGE(F22,J22,N22,R22),0)))
A23: 12 | B23: ='INPUT DATA'!B23:D23 -> MONTERAS, VINCENT S. | V23: =IF(OR(F23="",J23="",N23="",R23="",),"",IF(ISERROR(ROUND(AVERAGE(F23,J23,N23,R23),0)),"",ROUND(AVERAGE(F23,J23,N23,R23),0)))
A24: 13 | B24: ='INPUT DATA'!B24:D24 -> NACAWILI, ANDRIE L. | V24: =IF(OR(F24="",J24="",N24="",R24="",),"",IF(ISERROR(ROUND(AVERAGE(F24,J24,N24,R24),0)),"",ROUND(AVERAGE(F24,J24,N24,R24),0)))
A25: 14 | B25: ='INPUT DATA'!B25:D25 -> OLIVERIO, CYREL JAY G. | V25: =IF(OR(F25="",J25="",N25="",R25="",),"",IF(ISERROR(ROUND(AVERAGE(F25,J25,N25,R25),0)),"",ROUND(AVERAGE(F25,J25,N25,R25),0)))
A26: 15 | B26: ='INPUT DATA'!B26:D26 -> ORBITA,BRENN JOHN A. | V26: =IF(OR(F26="",J26="",N26="",R26="",),"",IF(ISERROR(ROUND(AVERAGE(F26,J26,N26,R26),0)),"",ROUND(AVERAGE(F26,J26,N26,R26),0)))
A27: 16 | B27: ='INPUT DATA'!B27:D27 -> PAINLO,SHERWIN V. | V27: =IF(OR(F27="",J27="",N27="",R27="",),"",IF(ISERROR(ROUND(AVERAGE(F27,J27,N27,R27),0)),"",ROUND(AVERAGE(F27,J27,N27,R27),0)))
A28: 17 | B28: ='INPUT DATA'!B28:D28 -> RAMIREZ, MATTEO JOHN DAVE D. | V28: =IF(OR(F28="",J28="",N28="",R28="",),"",IF(ISERROR(ROUND(AVERAGE(F28,J28,N28,R28),0)),"",ROUND(AVERAGE(F28,J28,N28,R28),0)))
A29: 18 | B29: ='INPUT DATA'!B29:D29 -> SIGUIRA, JASTINE B. | V29: =IF(OR(F29="",J29="",N29="",R29="",),"",IF(ISERROR(ROUND(AVERAGE(F29,J29,N29,R29),0)),"",ROUND(AVERAGE(F29,J29,N29,R29),0)))
A30: 19 | B30: ='INPUT DATA'!B30:D30 -> TAA, JHONVINZ Y. | V30: =IF(OR(F30="",J30="",N30="",R30="",),"",IF(ISERROR(ROUND(AVERAGE(F30,J30,N30,R30),0)),"",ROUND(AVERAGE(F30,J30,N30,R30),0)))
A31: 20 | B31: ='INPUT DATA'!B31:D31 -> ZOILO, JOHN LORENCE M. | V31: =IF(OR(F31="",J31="",N31="",R31="",),"",IF(ISERROR(ROUND(AVERAGE(F31,J31,N31,R31),0)),"",ROUND(AVERAGE(F31,J31,N31,R31),0)))
A32: 21 | B32: ='INPUT DATA'!B32:D32 -> 0 | V32: =IF(OR(F32="",J32="",N32="",R32="",),"",IF(ISERROR(ROUND(AVERAGE(F32,J32,N32,R32),0)),"",ROUND(AVERAGE(F32,J32,N32,R32),0)))
A33: 22 | B33: ='INPUT DATA'!B33:D33 -> 0 | V33: =IF(OR(F33="",J33="",N33="",R33="",),"",IF(ISERROR(ROUND(AVERAGE(F33,J33,N33,R33),0)),"",ROUND(AVERAGE(F33,J33,N33,R33),0)))
A34: 23 | B34: ='INPUT DATA'!B34:D34 -> 0 | V34: =IF(OR(F34="",J34="",N34="",R34="",),"",IF(ISERROR(ROUND(AVERAGE(F34,J34,N34,R34),0)),"",ROUND(AVERAGE(F34,J34,N34,R34),0)))
... A50: 39 | B50: ='INPUT DATA'!B50:D50 -> 0 | V50: =IF(OR(F50="",J50="",N50="",R50="",),"",IF(ISERROR(ROUND(AVERAGE(F50,J50,N50,R50),0)),"",ROUND(AVERAGE(F50,J50,N50,R50),0)))
B51: FEMALE
A52: 1 | B52: ='INPUT DATA'!B53:D53 -> ANGCOY, PRINCESS NAILLE T. | V52: =IF(OR(F52="",J52="",N52="",R52="",),"",IF(ISERROR(ROUND(AVERAGE(F52,J52,N52,R52),0)),"",ROUND(AVERAGE(F52,J52,N52,R52),0)))
A53: 2 | B53: ='INPUT DATA'!B54:D54 -> BIMOS, SHEILLA KATE O. | V53: =IF(OR(F53="",J53="",N53="",R53="",),"",IF(ISERROR(ROUND(AVERAGE(F53,J53,N53,R53),0)),"",ROUND(AVERAGE(F53,J53,N53,R53),0)))
A54: 3 | B54: ='INPUT DATA'!B55:D55 -> BONGABONG, DWEYN ZHAIRA A. | V54: =IF(OR(F54="",J54="",N54="",R54="",),"",IF(ISERROR(ROUND(AVERAGE(F54,J54,N54,R54),0)),"",ROUND(AVERAGE(F54,J54,N54,R54),0)))
A55: 4 | B55: ='INPUT DATA'!B56:D56 -> CABEL, LOURENE A. | V55: =IF(OR(F55="",J55="",N55="",R55="",),"",IF(ISERROR(ROUND(AVERAGE(F55,J55,N55,R55),0)),"",ROUND(AVERAGE(F55,J55,N55,R55),0)))
A56: 5 | B56: ='INPUT DATA'!B57:D57 -> CAMIGAO, DHENISE CLARE V. | V56: =IF(OR(F56="",J56="",N56="",R56="",),"",IF(ISERROR(ROUND(AVERAGE(F56,J56,N56,R56),0)),"",ROUND(AVERAGE(F56,J56,N56,R56),0)))
A57: 6 | B57: ='INPUT DATA'!B58:D58 -> CARISMA, NATHALIA MAE M. | V57: =IF(OR(F57="",J57="",N57="",R57="",),"",IF(ISERROR(ROUND(AVERAGE(F57,J57,N57,R57),0)),"",ROUND(AVERAGE(F57,J57,N57,R57),0)))
A58: 7 | B58: ='INPUT DATA'!B59:D59 -> CLARO, REANZ P. | V58: =IF(OR(F58="",J58="",N58="",R58="",),"",IF(ISERROR(ROUND(AVERAGE(F58,J58,N58,R58),0)),"",ROUND(AVERAGE(F58,J58,N58,R58),0)))
A59: 8 | B59: ='INPUT DATA'!B60:D60 -> FRANCISCO, YSABELLA BEATRICE B. | V59: =IF(OR(F59="",J59="",N59="",R59="",),"",IF(ISERROR(ROUND(AVERAGE(F59,J59,N59,R59),0)),"",ROUND(AVERAGE(F59,J59,N59,R59),0)))
A60: 9 | B60: ='INPUT DATA'!B61:D61 -> GALDO, ALYSSA RHIAN P. | V60: =IF(OR(F60="",J60="",N60="",R60="",),"",IF(ISERROR(ROUND(AVERAGE(F60,J60,N60,R60),0)),"",ROUND(AVERAGE(F60,J60,N60,R60),0)))
A61: 10 | B61: ='INPUT DATA'!B62:D62 -> HURAÑO, RIOMI M. | V61: =IF(OR(F61="",J61="",N61="",R61="",),"",IF(ISERROR(ROUND(AVERAGE(F61,J61,N61,R61),0)),"",ROUND(AVERAGE(F61,J61,N61,R61),0)))
A62: 11 | B62: ='INPUT DATA'!B63:D63 -> LAGUNA, WELLAIZA O. | V62: =IF(OR(F62="",J62="",N62="",R62="",),"",IF(ISERROR(ROUND(AVERAGE(F62,J62,N62,R62),0)),"",ROUND(AVERAGE(F62,J62,N62,R62),0)))
A63: 12 | B63: ='INPUT DATA'!B64:D64 -> LAZAGA, PRINCESS JEAN O. | V63: =IF(OR(F63="",J63="",N63="",R63="",),"",IF(ISERROR(ROUND(AVERAGE(F63,J63,N63,R63),0)),"",ROUND(AVERAGE(F63,J63,N63,R63),0)))
... A75: 24 | B75: ='INPUT DATA'!B76:D76 -> 0 | V75: =IF(OR(F75="",J75="",N75="",R75="",),"",IF(ISERROR(ROUND(AVERAGE(F75,J75,N75,R75),0)),"",ROUND(AVERAGE(F75,J75,N75,R75),0)))
A76: 25 | B76: ='INPUT DATA'!B77:D77 -> 0
A77: 26 | B77: ='INPUT DATA'!B78:D78 -> 0
A78: 27 | B78: ='INPUT DATA'!B79:D79 -> 0
A79: 28 | B79: ='INPUT DATA'!B80:D80 -> 0
A80: 29 | B80: ='INPUT DATA'!B81:D81 -> 0
A81: 30 | B81: ='INPUT DATA'!B82:D82 -> 0
A82: 31 | B82: ='INPUT DATA'!B83:D83 -> 0
A83: 32 | B83: ='INPUT DATA'!B84:D84 -> 0
A84: 33 | B84: ='INPUT DATA'!B85:D85 -> 0
A85: 34 | B85: ='INPUT DATA'!B86:D86 -> 0
A86: 35 | B86: ='INPUT DATA'!B87:D87 -> 0

Sheet  MAPEH FINAL
A1: MAPEH Final Grades
C5: REGION | G5: XI | L5: DIVISION | O5: PANABO CITY
B6: SCHOOL NAME | G6: QUEZON NATIONAL HIGH SCHOOL | S6: SCHOOL ID | W6: 316405
B7: LEARNERS' NAMES | F7: GRADE & SECTION: | K7: =HEALTH!K7 -> 8 - ARIES | S7: SCHOOL YEAR: | W7: =HEALTH!W7 -> 2025 - 2026
F8: TEACHER: | K8: =HEALTH!K8 -> JUVELYN MATUTIS | S8: SUBJECT: | W8: MAPEH
F9: MAPEH | J9: MAPEH | N9: MAPEH | R9: MAPEH | V9: FINAL | Z9: REMARK
F10: 1st Quarter | J10: 2nd Quarter | N10: 3rd Quarter | R10: 4th Quarter | V10: GRADE
B11: MALE
A12: 1 | B12: ='INPUT DATA'!B12:D12 -> ANUBLING, REGIE C. | F12: 81 | J12: 75 | N12: 77 | R12: 85 | V12: =IF(OR(F12="",J12="",N12="",R12=""),"",IF(ISERROR(ROUND(AVERAGE(F12,J12,N12,R12),0)),"",ROUND(AVERAGE(F12,J12,N12,R12),0))) -> 80 | Z12: =IF(OR($F12="",$J12="",$N12="",$R12="",$V12=""),"",IF($V12>=75,"PASSED","FAILED")) -> PASSED
A13: 2 | B13: ='INPUT DATA'!B13:D13 -> BANGCOY, JOHN PAUL P. | F13: 76 | J13: 72 | N13: 65 | R13: 65 | V13: =IF(OR(F13="",J13="",N13="",R13=""),"",IF(ISERROR(ROUND(AVERAGE(F13,J13,N13,R13),0)),"",ROUND(AVERAGE(F13,J13,N13,R13),0))) -> 70 | Z13: =IF(OR($F13="",$J13="",$N13="",$R13="",$V13=""),"",IF($V13>=75,"PASSED","FAILED")) -> FAILED
A14: 3 | B14: ='INPUT DATA'!B14:D14 -> BARRIENTOS, JOHN PAUL M. | F14: 88 | J14: 86 | N14: 88 | R14: 91 | V14: =IF(OR(F14="",J14="",N14="",R14=""),"",IF(ISERROR(ROUND(AVERAGE(F14,J14,N14,R14),0)),"",ROUND(AVERAGE(F14,J14,N14,R14),0))) -> 88 | Z14: =IF(OR($F14="",$J14="",$N14="",$R14="",$V14=""),"",IF($V14>=75,"PASSED","FAILED")) -> PASSED
A15: 4 | B15: ='INPUT DATA'!B15:D15 -> BRIGOLE, ROMEL | F15: 65 | J15: 65 | N15: 65 | R15: 70 | V15: =IF(OR(F15="",J15="",N15="",R15=""),"",IF(ISERROR(ROUND(AVERAGE(F15,J15,N15,R15),0)),"",ROUND(AVERAGE(F15,J15,N15,R15),0))) -> 66 | Z15: =IF(OR($F15="",$J15="",$N15="",$R15="",$V15=""),"",IF($V15>=75,"PASSED","FAILED")) -> FAILED
A16: 5 | B16: ='INPUT DATA'!B16:D16 -> BULAHAN,ROVIC L. | F16: 89 | J16: 87 | N16: 88 | R16: 92 | V16: =IF(OR(F16="",J16="",N16="",R16=""),"",IF(ISERROR(ROUND(AVERAGE(F16,J16,N16,R16),0)),"",ROUND(AVERAGE(F16,J16,N16,R16),0))) -> 89 | Z16: =IF(OR($F16="",$J16="",$N16="",$R16="",$V16=""),"",IF($V16>=75,"PASSED","FAILED")) -> PASSED
A17: 6 | B17: ='INPUT DATA'!B17:D17 -> CIJAS, ROLIE JR. A. | F17: 87 | J17: 88 | N17: 90 | R17: 90 | V17: =IF(OR(F17="",J17="",N17="",R17=""),"",IF(ISERROR(ROUND(AVERAGE(F17,J17,N17,R17),0)),"",ROUND(AVERAGE(F17,J17,N17,R17),0))) -> 89 | Z17: =IF(OR($F17="",$J17="",$N17="",$R17="",$V17=""),"",IF($V17>=75,"PASSED","FAILED")) -> PASSED
A18: 7 | B18: ='INPUT DATA'!B18:D18 -> GARCIA, DAVE P. | F18: 82 | J18: 82 | N18: 82 | R18: 86 | V18: =IF(OR(F18="",J18="",N18="",R18=""),"",IF(ISERROR(ROUND(AVERAGE(F18,J18,N18,R18),0)),"",ROUND(AVERAGE(F18,J18,N18,R18),0))) -> 83 | Z18: =IF(OR($F18="",$J18="",$N18="",$R18="",$V18=""),"",IF($V18>=75,"PASSED","FAILED")) -> PASSED
A19: 8 | B19: ='INPUT DATA'!B19:D19 -> GONZALES, JAMES A. | D19: 0 | F19: 82 | J19: 84 | N19: 85 | R19: 87 | V19: =IF(OR(F19="",J19="",N19="",R19=""),"",IF(ISERROR(ROUND(AVERAGE(F19,J19,N19,R19),0)),"",ROUND(AVERAGE(F19,J19,N19,R19),0))) -> 85 | Z19: =IF(OR($F19="",$J19="",$N19="",$R19="",$V19=""),"",IF($V19>=75,"PASSED","FAILED")) -> PASSED
A20: 9 | B20: ='INPUT DATA'!B20:D20 -> LAGUNA, J.B. B. | F20: 88 | J20: 86 | N20: 85 | R20: 91 | V20: =IF(OR(F20="",J20="",N20="",R20=""),"",IF(ISERROR(ROUND(AVERAGE(F20,J20,N20,R20),0)),"",ROUND(AVERAGE(F20,J20,N20,R20),0))) -> 88 | Z20: =IF(OR($F20="",$J20="",$N20="",$R20="",$V20=""),"",IF($V20>=75,"PASSED","FAILED")) -> PASSED
A21: 10 | B21: ='INPUT DATA'!B21:D21 -> LARODA, STEVEN S. | F21: 85 | J21: 81 | N21: 80 | R21: 85 | V21: =IF(OR(F21="",J21="",N21="",R21=""),"",IF(ISERROR(ROUND(AVERAGE(F21,J21,N21,R21),0)),"",ROUND(AVERAGE(F21,J21,N21,R21),0))) -> 83 | Z21: =IF(OR($F21="",$J21="",$N21="",$R21="",$V21=""),"",IF($V21>=75,"PASSED","FAILED")) -> PASSED
A22: 11 | B22: ='INPUT DATA'!B22:D22 -> MERINO, SEDRIK R. | D22: 0 | F22: 83 | J22: 71 | N22: 70 | R22: 70 | V22: =IF(OR(F22="",J22="",N22="",R22=""),"",IF(ISERROR(ROUND(AVERAGE(F22,J22,N22,R22),0)),"",ROUND(AVERAGE(F22,J22,N22,R22),0))) -> 74 | Z22: =IF(OR($F22="",$J22="",$N22="",$R22="",$V22=""),"",IF($V22>=75,"PASSED","FAILED")) -> FAILED
A23: 12 | B23: ='INPUT DATA'!B23:D23 -> MONTERAS, VINCENT S. | F23: 87 | J23: 79 | N23: 80 | R23: 78 | V23: =IF(OR(F23="",J23="",N23="",R23=""),"",IF(ISERROR(ROUND(AVERAGE(F23,J23,N23,R23),0)),"",ROUND(AVERAGE(F23,J23,N23,R23),0))) -> 81 | Z23: =IF(OR($F23="",$J23="",$N23="",$R23="",$V23=""),"",IF($V23>=75,"PASSED","FAILED")) -> PASSED
A24: 13 | B24: ='INPUT DATA'!B24:D24 -> NACAWILI, ANDRIE L. | F24: 84 | J24: 85 | N24: 86 | R24: 88 | V24: =IF(OR(F24="",J24="",N24="",R24=""),"",IF(ISERROR(ROUND(AVERAGE(F24,J24,N24,R24),0)),"",ROUND(AVERAGE(F24,J24,N24,R24),0))) -> 86 | Z24: =IF(OR($F24="",$J24="",$N24="",$R24="",$V24=""),"",IF($V24>=75,"PASSED","FAILED")) -> PASSED
A25: 14 | B25: ='INPUT DATA'!B25:D25 -> OLIVERIO, CYREL JAY G. | F25: 78 | J25: 72 | N25: 76 | R25: 70 | V25: =IF(OR(F25="",J25="",N25="",R25=""),"",IF(ISERROR(ROUND(AVERAGE(F25,J25,N25,R25),0)),"",ROUND(AVERAGE(F25,J25,N25,R25),0))) -> 74 | Z25: =IF(OR($F25="",$J25="",$N25="",$R25="",$V25=""),"",IF($V25>=75,"PASSED","FAILED")) -> FAILED
A26: 15 | B26: ='INPUT DATA'!B26:D26 -> ORBITA,BRENN JOHN A. | F26: 83 | J26: 83 | N26: 84 | R26: 87 | V26: =IF(OR(F26="",J26="",N26="",R26=""),"",IF(ISERROR(ROUND(AVERAGE(F26,J26,N26,R26),0)),"",ROUND(AVERAGE(F26,J26,N26,R26),0))) -> 84 | Z26: =IF(OR($F26="",$J26="",$N26="",$R26="",$V26=""),"",IF($V26>=75,"PASSED","FAILED")) -> PASSED
A27: 16 | B27: ='INPUT DATA'!B27:D27 -> PAINLO,SHERWIN V. | F27: 91 | J27: 89 | N27: 90 | R27: 93 | V27: =IF(OR(F27="",J27="",N27="",R27=""),"",IF(ISERROR(ROUND(AVERAGE(F27,J27,N27,R27),0)),"",ROUND(AVERAGE(F27,J27,N27,R27),0))) -> 91 | Z27: =IF(OR($F27="",$J27="",$N27="",$R27="",$V27=""),"",IF($V27>=75,"PASSED","FAILED")) -> PASSED
A28: 17 | B28: ='INPUT DATA'!B28:D28 -> RAMIREZ, MATTEO JOHN DAVE D. | F28: 67 | J28: 70 | R28: =IF(OR('MUSIC-ARTS'!R28="",ARTS!R28="",'PE-HEALTH'!R28="",HEALTH!R28=""),"",IF(ISERROR(ROUND(AVERAGE('MUSIC-ARTS'!R28,ARTS!R28,'PE-HEALTH'!R28,HEALTH!R28),0)),"",ROUND(AVERAGE('MUSIC-ARTS'!R28,ARTS!R28,'PE-HEALTH'!R28,HEALTH!R28),0))) | V28: =IF(OR(F28="",J28="",N28="",R28=""),"",IF(ISERROR(ROUND(AVERAGE(F28,J28,N28,R28),0)),"",ROUND(AVERAGE(F28,J28,N28,R28),0))) | Z28: =IF(OR($F28="",$J28="",$N28="",$R28="",$V28=""),"",IF($V28>=75,"PASSED","FAILED"))
A29: 18 | B29: ='INPUT DATA'!B29:D29 -> SIGUIRA, JASTINE B. | F29: 74 | J29: 70 | R29: =IF(OR('MUSIC-ARTS'!R29="",ARTS!R29="",'PE-HEALTH'!R29="",HEALTH!R29=""),"",IF(ISERROR(ROUND(AVERAGE('MUSIC-ARTS'!R29,ARTS!R29,'PE-HEALTH'!R29,HEALTH!R29),0)),"",ROUND(AVERAGE('MUSIC-ARTS'!R29,ARTS!R29,'PE-HEALTH'!R29,HEALTH!R29),0))) | V29: =IF(OR(F29="",J29="",N29="",R29=""),"",IF(ISERROR(ROUND(AVERAGE(F29,J29,N29,R29),0)),"",ROUND(AVERAGE(F29,J29,N29,R29),0))) | Z29: =IF(OR($F29="",$J29="",$N29="",$R29="",$V29=""),"",IF($V29>=75,"PASSED","FAILED"))
A30: 19 | B30: ='INPUT DATA'!B30:D30 -> TAA, JHONVINZ Y. | F30: 81 | J30: 76 | N30: 78 | R30: 78 | V30: =IF(OR(F30="",J30="",N30="",R30=""),"",IF(ISERROR(ROUND(AVERAGE(F30,J30,N30,R30),0)),"",ROUND(AVERAGE(F30,J30,N30,R30),0))) -> 78 | Z30: =IF(OR($F30="",$J30="",$N30="",$R30="",$V30=""),"",IF($V30>=75,"PASSED","FAILED")) -> PASSED
A31: 20 | B31: ='INPUT DATA'!B31:D31 -> ZOILO, JOHN LORENCE M. | F31: 83 | J31: 85 | N31: 86 | R31: 89 | V31: =IF(OR(F31="",J31="",N31="",R31=""),"",IF(ISERROR(ROUND(AVERAGE(F31,J31,N31,R31),0)),"",ROUND(AVERAGE(F31,J31,N31,R31),0))) -> 86 | Z31: =IF(OR($F31="",$J31="",$N31="",$R31="",$V31=""),"",IF($V31>=75,"PASSED","FAILED")) -> PASSED
A32: 21 | B32: CABO, JEREM | F32: 75 | J32: 75 | N32: 75 | R32: 88 | V32: =IF(OR(F32="",J32="",N32="",R32=""),"",IF(ISERROR(ROUND(AVERAGE(F32,J32,N32,R32),0)),"",ROUND(AVERAGE(F32,J32,N32,R32),0))) -> 78 | Z32: =IF(OR($F32="",$J32="",$N32="",$R32="",$V32=""),"",IF($V32>=75,"PASSED","FAILED")) -> PASSED
A33: 22 | B33: ='INPUT DATA'!B33:D33 -> 0 | F33: =IF(OR('MUSIC-ARTS'!F33="",ARTS!F33="",'PE-HEALTH'!F33="",HEALTH!F33=""),"",IF(ISERROR(ROUND(AVERAGE('MUSIC-ARTS'!F33,ARTS!F33,'PE-HEALTH'!F33,HEALTH!F33),0)),"",ROUND(AVERAGE('MUSIC-ARTS'!F33,ARTS!F33,'PE-HEALTH'!F33,HEALTH!F33),0))) | J33: =IF(OR('MUSIC-ARTS'!J33="",ARTS!J33="",'PE-HEALTH'!J33="",HEALTH!J33=""),"",IF(ISERROR(ROUND(AVERAGE('MUSIC-ARTS'!J33,ARTS!J33,'PE-HEALTH'!J33,HEALTH!J33),0)),"",ROUND(AVERAGE('MUSIC-ARTS'!J33,ARTS!J33,'PE-HEALTH'!J33,HEALTH!J33),0))) | N33: =IF(OR('MUSIC-ARTS'!N33="",ARTS!N33="",'PE-HEALTH'!N33="",HEALTH!N33=""),"",IF(ISERROR(ROUND(AVERAGE('MUSIC-ARTS'!N33,ARTS!N33,'PE-HEALTH'!N33,HEALTH!N33),0)),"",ROUND(AVERAGE('MUSIC-ARTS'!N33,ARTS!N33,'PE-HEALTH'!N33,HEALTH!N33),0))) | R33: =IF(OR('MUSIC-ARTS'!R33="",ARTS!R33="",'PE-HEALTH'!R33="",HEALTH!R33=""),"",IF(ISERROR(ROUND(AVERAGE('MUSIC-ARTS'!R33,ARTS!R33,'PE-HEALTH'!R33,HEALTH!R33),0)),"",ROUND(AVERAGE('MUSIC-ARTS'!R33,ARTS!R33,'PE-HEALTH'!R33,HEALTH!R33),0))) | V33: =IF(OR(F33="",J33="",N33="",R33=""),"",IF(ISERROR(ROUND(AVERAGE(F33,J33,N33,R33),0)),"",ROUND(AVERAGE(F33,J33,N33,R33),0))) | Z33: =IF(OR($F33="",$J33="",$N33="",$R33="",$V33=""),"",IF($V33>=75,"PASSED","FAILED"))
A34: 23 | B34: ='INPUT DATA'!B34:D34 -> 0 | F34: =IF(OR('MUSIC-ARTS'!F34="",ARTS!F34="",'PE-HEALTH'!F34="",HEALTH!F34=""),"",IF(ISERROR(ROUND(AVERAGE('MUSIC-ARTS'!F34,ARTS!F34,'PE-HEALTH'!F34,HEALTH!F34),0)),"",ROUND(AVERAGE('MUSIC-ARTS'!F34,ARTS!F34,'PE-HEALTH'!F34,HEALTH!F34),0))) | J34: =IF(OR('MUSIC-ARTS'!J34="",ARTS!J34="",'PE-HEALTH'!J34="",HEALTH!J34=""),"",IF(ISERROR(ROUND(AVERAGE('MUSIC-ARTS'!J34,ARTS!J34,'PE-HEALTH'!J34,HEALTH!J34),0)),"",ROUND(AVERAGE('MUSIC-ARTS'!J34,ARTS!J34,'PE-HEALTH'!J34,HEALTH!J34),0))) | N34: =IF(OR('MUSIC-ARTS'!N34="",ARTS!N34="",'PE-HEALTH'!N34="",HEALTH!N34=""),"",IF(ISERROR(ROUND(AVERAGE('MUSIC-ARTS'!N34,ARTS!N34,'PE-HEALTH'!N34,HEALTH!N34),0)),"",ROUND(AVERAGE('MUSIC-ARTS'!N34,ARTS!N34,'PE-HEALTH'!N34,HEALTH!N34),0))) | R34: =IF(OR('MUSIC-ARTS'!R34="",ARTS!R34="",'PE-HEALTH'!R34="",HEALTH!R34=""),"",IF(ISERROR(ROUND(AVERAGE('MUSIC-ARTS'!R34,ARTS!R34,'PE-HEALTH'!R34,HEALTH!R34),0)),"",ROUND(AVERAGE('MUSIC-ARTS'!R34,ARTS!R34,'PE-HEALTH'!R34,HEALTH!R34),0))) | V34: =IF(OR(F34="",J34="",N34="",R34=""),"",IF(ISERROR(ROUND(AVERAGE(F34,J34,N34,R34),0)),"",ROUND(AVERAGE(F34,J34,N34,R34),0))) | Z34: =IF(OR($F34="",$J34="",$N34="",$R34="",$V34=""),"",IF($V34>=75,"PASSED","FAILED"))
A35: 24 | B35: ='INPUT DATA'!B35:D35 -> 0 | F35: =IF(OR('MUSIC-ARTS'!F35="",ARTS!F35="",'PE-HEALTH'!F35="",HEALTH!F35=""),"",IF(ISERROR(ROUND(AVERAGE('MUSIC-ARTS'!F35,ARTS!F35,'PE-HEALTH'!F35,HEALTH!F35),0)),"",ROUND(AVERAGE('MUSIC-ARTS'!F35,ARTS!F35,'PE-HEALTH'!F35,HEALTH!F35),0))) | J35: =IF(OR('MUSIC-ARTS'!J35="",ARTS!J35="",'PE-HEALTH'!J35="",HEALTH!J35=""),"",IF(ISERROR(ROUND(AVERAGE('MUSIC-ARTS'!J35,ARTS!J35,'PE-HEALTH'!J35,HEALTH!J35),0)),"",ROUND(AVERAGE('MUSIC-ARTS'!J35,ARTS!J35,'PE-HEALTH'!J35,HEALTH!J35),0))) | N35: =IF(OR('MUSIC-ARTS'!N35="",ARTS!N35="",'PE-HEALTH'!N35="",HEALTH!N35=""),"",IF(ISERROR(ROUND(AVERAGE('MUSIC-ARTS'!N35,ARTS!N35,'PE-HEALTH'!N35,HEALTH!N35),0)),"",ROUND(AVERAGE('MUSIC-ARTS'!N35,ARTS!N35,'PE-HEALTH'!N35,HEALTH!N35),0))) | R35: =IF(OR('MUSIC-ARTS'!R35="",ARTS!R35="",'PE-HEALTH'!R35="",HEALTH!R35=""),"",IF(ISERROR(ROUND(AVERAGE('MUSIC-ARTS'!R35,ARTS!R35,'PE-HEALTH'!R35,HEALTH!R35),0)),"",ROUND(AVERAGE('MUSIC-ARTS'!R35,ARTS!R35,'PE-HEALTH'!R35,HEALTH!R35),0))) | V35: =IF(OR(F35="",J35="",N35="",R35=""),"",IF(ISERROR(ROUND(AVERAGE(F35,J35,N35,R35),0)),"",ROUND(AVERAGE(F35,J35,N35,R35),0))) | Z35: =IF(OR($F35="",$J35="",$N35="",$R35="",$V35=""),"",IF($V35>=75,"PASSED","FAILED"))
A36: 25 | B36: ='INPUT DATA'!B36:D36 -> 0 | F36: =IF(OR('MUSIC-ARTS'!F36="",ARTS!F36="",'PE-HEALTH'!F36="",HEALTH!F36=""),"",IF(ISERROR(ROUND(AVERAGE('MUSIC-ARTS'!F36,ARTS!F36,'PE-HEALTH'!F36,HEALTH!F36),0)),"",ROUND(AVERAGE('MUSIC-ARTS'!F36,ARTS!F36,'PE-HEALTH'!F36,HEALTH!F36),0))) | J36: =IF(OR('MUSIC-ARTS'!J36="",ARTS!J36="",'PE-HEALTH'!J36="",HEALTH!J36=""),"",IF(ISERROR(ROUND(AVERAGE('MUSIC-ARTS'!J36,ARTS!J36,'PE-HEALTH'!J36,HEALTH!J36),0)),"",ROUND(AVERAGE('MUSIC-ARTS'!J36,ARTS!J36,'PE-HEALTH'!J36,HEALTH!J36),0))) | N36: =IF(OR('MUSIC-ARTS'!N36="",ARTS!N36="",'PE-HEALTH'!N36="",HEALTH!N36=""),"",IF(ISERROR(ROUND(AVERAGE('MUSIC-ARTS'!N36,ARTS!N36,'PE-HEALTH'!N36,HEALTH!N36),0)),"",ROUND(AVERAGE('MUSIC-ARTS'!N36,ARTS!N36,'PE-HEALTH'!N36,HEALTH!N36),0))) | R36: =IF(OR('MUSIC-ARTS'!R36="",ARTS!R36="",'PE-HEALTH'!R36="",HEALTH!R36=""),"",IF(ISERROR(ROUND(AVERAGE('MUSIC-ARTS'!R36,ARTS!R36,'PE-HEALTH'!R36,HEALTH!R36),0)),"",ROUND(AVERAGE('MUSIC-ARTS'!R36,ARTS!R36,'PE-HEALTH'!R36,HEALTH!R36),0))) | V36: =IF(OR(F36="",J36="",N36="",R36=""),"",IF(ISERROR(ROUND(AVERAGE(F36,J36,N36,R36),0)),"",ROUND(AVERAGE(F36,J36,N36,R36),0))) | Z36: =IF(OR($F36="",$J36="",$N36="",$R36="",$V36=""),"",IF($V36>=75,"PASSED","FAILED"))
A37: 26 | B37: ='INPUT DATA'!B37:D37 -> 0 | F37: =IF(OR('MUSIC-ARTS'!F37="",ARTS!F37="",'PE-HEALTH'!F37="",HEALTH!F37=""),"",IF(ISERROR(ROUND(AVERAGE('MUSIC-ARTS'!F37,ARTS!F37,'PE-HEALTH'!F37,HEALTH!F37),0)),"",ROUND(AVERAGE('MUSIC-ARTS'!F37,ARTS!F37,'PE-HEALTH'!F37,HEALTH!F37),0))) | J37: =IF(OR('MUSIC-ARTS'!J37="",ARTS!J37="",'PE-HEALTH'!J37="",HEALTH!J37=""),"",IF(ISERROR(ROUND(AVERAGE('MUSIC-ARTS'!J37,ARTS!J37,'PE-HEALTH'!J37,HEALTH!J37),0)),"",ROUND(AVERAGE('MUSIC-ARTS'!J37,ARTS!J37,'PE-HEALTH'!J37,HEALTH!J37),0))) | N37: =IF(OR('MUSIC-ARTS'!N37="",ARTS!N37="",'PE-HEALTH'!N37="",HEALTH!N37=""),"",IF(ISERROR(ROUND(AVERAGE('MUSIC-ARTS'!N37,ARTS!N37,'PE-HEALTH'!N37,HEALTH!N37),0)),"",ROUND(AVERAGE('MUSIC-ARTS'!N37,ARTS!N37,'PE-HEALTH'!N37,HEALTH!N37),0))) | R37: =IF(OR('MUSIC-ARTS'!R37="",ARTS!R37="",'PE-HEALTH'!R37="",HEALTH!R37=""),"",IF(ISERROR(ROUND(AVERAGE('MUSIC-ARTS'!R37,ARTS!R37,'PE-HEALTH'!R37,HEALTH!R37),0)),"",ROUND(AVERAGE('MUSIC-ARTS'!R37,ARTS!R37,'PE-HEALTH'!R37,HEALTH!R37),0))) | V37: =IF(OR(F37="",J37="",N37="",R37=""),"",IF(ISERROR(ROUND(AVERAGE(F37,J37,N37,R37),0)),"",ROUND(AVERAGE(F37,J37,N37,R37),0))) | Z37: =IF(OR($F37="",$J37="",$N37="",$R37="",$V37=""),"",IF($V37>=75,"PASSED","FAILED"))
A38: 27 | B38: ='INPUT DATA'!B38:D38 -> 0 | F38: =IF(OR('MUSIC-ARTS'!F38="",ARTS!F38="",'PE-HEALTH'!F38="",HEALTH!F38=""),"",IF(ISERROR(ROUND(AVERAGE('MUSIC-ARTS'!F38,ARTS!F38,'PE-HEALTH'!F38,HEALTH!F38),0)),"",ROUND(AVERAGE('MUSIC-ARTS'!F38,ARTS!F38,'PE-HEALTH'!F38,HEALTH!F38),0))) | J38: =IF(OR('MUSIC-ARTS'!J38="",ARTS!J38="",'PE-HEALTH'!J38="",HEALTH!J38=""),"",IF(ISERROR(ROUND(AVERAGE('MUSIC-ARTS'!J38,ARTS!J38,'PE-HEALTH'!J38,HEALTH!J38),0)),"",ROUND(AVERAGE('MUSIC-ARTS'!J38,ARTS!J38,'PE-HEALTH'!J38,HEALTH!J38),0))) | N38: =IF(OR('MUSIC-ARTS'!N38="",ARTS!N38="",'PE-HEALTH'!N38="",HEALTH!N38=""),"",IF(ISERROR(ROUND(AVERAGE('MUSIC-ARTS'!N38,ARTS!N38,'PE-HEALTH'!N38,HEALTH!N38),0)),"",ROUND(AVERAGE('MUSIC-ARTS'!N38,ARTS!N38,'PE-HEALTH'!N38,HEALTH!N38),0))) | R38: =IF(OR('MUSIC-ARTS'!R38="",ARTS!R38="",'PE-HEALTH'!R38="",HEALTH!R38=""),"",IF(ISERROR(ROUND(AVERAGE('MUSIC-ARTS'!R38,ARTS!R38,'PE-HEALTH'!R38,HEALTH!R38),0)),"",ROUND(AVERAGE('MUSIC-ARTS'!R38,ARTS!R38,'PE-HEALTH'!R38,HEALTH!R38),0))) | V38: =IF(OR(F38="",J38="",N38="",R38=""),"",IF(ISERROR(ROUND(AVERAGE(F38,J38,N38,R38),0)),"",ROUND(AVERAGE(F38,J38,N38,R38),0))) | Z38: =IF(OR($F38="",$J38="",$N38="",$R38="",$V38=""),"",IF($V38>=75,"PASSED","FAILED"))
A39: 28 | B39: ='INPUT DATA'!B39:D39 -> 0 | F39: =IF(OR('MUSIC-ARTS'!F39="",ARTS!F39="",'PE-HEALTH'!F39="",HEALTH!F39=""),"",IF(ISERROR(ROUND(AVERAGE('MUSIC-ARTS'!F39,ARTS!F39,'PE-HEALTH'!F39,HEALTH!F39),0)),"",ROUND(AVERAGE('MUSIC-ARTS'!F39,ARTS!F39,'PE-HEALTH'!F39,HEALTH!F39),0))) | J39: =IF(OR('MUSIC-ARTS'!J39="",ARTS!J39="",'PE-HEALTH'!J39="",HEALTH!J39=""),"",IF(ISERROR(ROUND(AVERAGE('MUSIC-ARTS'!J39,ARTS!J39,'PE-HEALTH'!J39,HEALTH!J39),0)),"",ROUND(AVERAGE('MUSIC-ARTS'!J39,ARTS!J39,'PE-HEALTH'!J39,HEALTH!J39),0))) | N39: =IF(OR('MUSIC-ARTS'!N39="",ARTS!N39="",'PE-HEALTH'!N39="",HEALTH!N39=""),"",IF(ISERROR(ROUND(AVERAGE('MUSIC-ARTS'!N39,ARTS!N39,'PE-HEALTH'!N39,HEALTH!N39),0)),"",ROUND(AVERAGE('MUSIC-ARTS'!N39,ARTS!N39,'PE-HEALTH'!N39,HEALTH!N39),0))) | R39: =IF(OR('MUSIC-ARTS'!R39="",ARTS!R39="",'PE-HEALTH'!R39="",HEALTH!R39=""),"",IF(ISERROR(ROUND(AVERAGE('MUSIC-ARTS'!R39,ARTS!R39,'PE-HEALTH'!R39,HEALTH!R39),0)),"",ROUND(AVERAGE('MUSIC-ARTS'!R39,ARTS!R39,'PE-HEALTH'!R39,HEALTH!R39),0))) | V39: =IF(OR(F39="",J39="",N39="",R39=""),"",IF(ISERROR(ROUND(AVERAGE(F39,J39,N39,R39),0)),"",ROUND(AVERAGE(F39,J39,N39,R39),0))) | Z39: =IF(OR($F39="",$J39="",$N39="",$R39="",$V39=""),"",IF($V39>=75,"PASSED","FAILED"))
A40: 29 | B40: ='INPUT DATA'!B40:D40 -> 0 | F40: =IF(OR('MUSIC-ARTS'!F40="",ARTS!F40="",'PE-HEALTH'!F40="",HEALTH!F40=""),"",IF(ISERROR(ROUND(AVERAGE('MUSIC-ARTS'!F40,ARTS!F40,'PE-HEALTH'!F40,HEALTH!F40),0)),"",ROUND(AVERAGE('MUSIC-ARTS'!F40,ARTS!F40,'PE-HEALTH'!F40,HEALTH!F40),0))) | J40: =IF(OR('MUSIC-ARTS'!J40="",ARTS!J40="",'PE-HEALTH'!J40="",HEALTH!J40=""),"",IF(ISERROR(ROUND(AVERAGE('MUSIC-ARTS'!J40,ARTS!J40,'PE-HEALTH'!J40,HEALTH!J40),0)),"",ROUND(AVERAGE('MUSIC-ARTS'!J40,ARTS!J40,'PE-HEALTH'!J40,HEALTH!J40),0))) | N40: =IF(OR('MUSIC-ARTS'!N40="",ARTS!N40="",'PE-HEALTH'!N40="",HEALTH!N40=""),"",IF(ISERROR(ROUND(AVERAGE('MUSIC-ARTS'!N40,ARTS!N40,'PE-HEALTH'!N40,HEALTH!N40),0)),"",ROUND(AVERAGE('MUSIC-ARTS'!N40,ARTS!N40,'PE-HEALTH'!N40,HEALTH!N40),0))) | R40: =IF(OR('MUSIC-ARTS'!R40="",ARTS!R40="",'PE-HEALTH'!R40="",HEALTH!R40=""),"",IF(ISERROR(ROUND(AVERAGE('MUSIC-ARTS'!R40,ARTS!R40,'PE-HEALTH'!R40,HEALTH!R40),0)),"",ROUND(AVERAGE('MUSIC-ARTS'!R40,ARTS!R40,'PE-HEALTH'!R40,HEALTH!R40),0))) | V40: =IF(OR(F40="",J40="",N40="",R40=""),"",IF(ISERROR(ROUND(AVERAGE(F40,J40,N40,R40),0)),"",ROUND(AVERAGE(F40,J40,N40,R40),0))) | Z40: =IF(OR($F40="",$J40="",$N40="",$R40="",$V40=""),"",IF($V40>=75,"PASSED","FAILED"))
A41: 30 | B41: ='INPUT DATA'!B41:D41 -> 0 | F41: =IF(OR('MUSIC-ARTS'!F41="",ARTS!F41="",'PE-HEALTH'!F41="",HEALTH!F41=""),"",IF(ISERROR(ROUND(AVERAGE('MUSIC-ARTS'!F41,ARTS!F41,'PE-HEALTH'!F41,HEALTH!F41),0)),"",ROUND(AVERAGE('MUSIC-ARTS'!F41,ARTS!F41,'PE-HEALTH'!F41,HEALTH!F41),0))) | J41: =IF(OR('MUSIC-ARTS'!J41="",ARTS!J41="",'PE-HEALTH'!J41="",HEALTH!J41=""),"",IF(ISERROR(ROUND(AVERAGE('MUSIC-ARTS'!J41,ARTS!J41,'PE-HEALTH'!J41,HEALTH!J41),0)),"",ROUND(AVERAGE('MUSIC-ARTS'!J41,ARTS!J41,'PE-HEALTH'!J41,HEALTH!J41),0))) | N41: =IF(OR('MUSIC-ARTS'!N41="",ARTS!N41="",'PE-HEALTH'!N41="",HEALTH!N41=""),"",IF(ISERROR(ROUND(AVERAGE('MUSIC-ARTS'!N41,ARTS!N41,'PE-HEALTH'!N41,HEALTH!N41),0)),"",ROUND(AVERAGE('MUSIC-ARTS'!N41,ARTS!N41,'PE-HEALTH'!N41,HEALTH!N41),0))) | R41: =IF(OR('MUSIC-ARTS'!R41="",ARTS!R41="",'PE-HEALTH'!R41="",HEALTH!R41=""),"",IF(ISERROR(ROUND(AVERAGE('MUSIC-ARTS'!R41,ARTS!R41,'PE-HEALTH'!R41,HEALTH!R41),0)),"",ROUND(AVERAGE('MUSIC-ARTS'!R41,ARTS!R41,'PE-HEALTH'!R41,HEALTH!R41),0))) | V41: =IF(OR(F41="",J41="",N41="",R41=""),"",IF(ISERROR(ROUND(AVERAGE(F41,J41,N41,R41),0)),"",ROUND(AVERAGE(F41,J41,N41,R41),0))) | Z41: =IF(OR($F41="",$J41="",$N41="",$R41="",$V41=""),"",IF($V41>=75,"PASSED","FAILED"))
A42: 31 | B42: ='INPUT DATA'!B42:D42 -> 0 | F42: =IF(OR('MUSIC-ARTS'!F42="",ARTS!F42="",'PE-HEALTH'!F42="",HEALTH!F42=""),"",IF(ISERROR(ROUND(AVERAGE('MUSIC-ARTS'!F42,ARTS!F42,'PE-HEALTH'!F42,HEALTH!F42),0)),"",ROUND(AVERAGE('MUSIC-ARTS'!F42,ARTS!F42,'PE-HEALTH'!F42,HEALTH!F42),0))) | J42: =IF(OR('MUSIC-ARTS'!J42="",ARTS!J42="",'PE-HEALTH'!J42="",HEALTH!J42=""),"",IF(ISERROR(ROUND(AVERAGE('MUSIC-ARTS'!J42,ARTS!J42,'PE-HEALTH'!J42,HEALTH!J42),0)),"",ROUND(AVERAGE('MUSIC-ARTS'!J42,ARTS!J42,'PE-HEALTH'!J42,HEALTH!J42),0))) | N42: =IF(OR('MUSIC-ARTS'!N42="",ARTS!N42="",'PE-HEALTH'!N42="",HEALTH!N42=""),"",IF(ISERROR(ROUND(AVERAGE('MUSIC-ARTS'!N42,ARTS!N42,'PE-HEALTH'!N42,HEALTH!N42),0)),"",ROUND(AVERAGE('MUSIC-ARTS'!N42,ARTS!N42,'PE-HEALTH'!N42,HEALTH!N42),0))) | R42: =IF(OR('MUSIC-ARTS'!R42="",ARTS!R42="",'PE-HEALTH'!R42="",HEALTH!R42=""),"",IF(ISERROR(ROUND(AVERAGE('MUSIC-ARTS'!R42,ARTS!R42,'PE-HEALTH'!R42,HEALTH!R42),0)),"",ROUND(AVERAGE('MUSIC-ARTS'!R42,ARTS!R42,'PE-HEALTH'!R42,HEALTH!R42),0))) | V42: =IF(OR(F42="",J42="",N42="",R42=""),"",IF(ISERROR(ROUND(AVERAGE(F42,J42,N42,R42),0)),"",ROUND(AVERAGE(F42,J42,N42,R42),0))) | Z42: =IF(OR($F42="",$J42="",$N42="",$R42="",$V42=""),"",IF($V42>=75,"PASSED","FAILED"))
A43: 32 | B43: ='INPUT DATA'!B43:D43 -> 0 | F43: =IF(OR('MUSIC-ARTS'!F43="",ARTS!F43="",'PE-HEALTH'!F43="",HEALTH!F43=""),"",IF(ISERROR(ROUND(AVERAGE('MUSIC-ARTS'!F43,ARTS!F43,'PE-HEALTH'!F43,HEALTH!F43),0)),"",ROUND(AVERAGE('MUSIC-ARTS'!F43,ARTS!F43,'PE-HEALTH'!F43,HEALTH!F43),0))) | J43: =IF(OR('MUSIC-ARTS'!J43="",ARTS!J43="",'PE-HEALTH'!J43="",HEALTH!J43=""),"",IF(ISERROR(ROUND(AVERAGE('MUSIC-ARTS'!J43,ARTS!J43,'PE-HEALTH'!J43,HEALTH!J43),0)),"",ROUND(AVERAGE('MUSIC-ARTS'!J43,ARTS!J43,'PE-HEALTH'!J43,HEALTH!J43),0))) | N43: =IF(OR('MUSIC-ARTS'!N43="",ARTS!N43="",'PE-HEALTH'!N43="",HEALTH!N43=""),"",IF(ISERROR(ROUND(AVERAGE('MUSIC-ARTS'!N43,ARTS!N43,'PE-HEALTH'!N43,HEALTH!N43),0)),"",ROUND(AVERAGE('MUSIC-ARTS'!N43,ARTS!N43,'PE-HEALTH'!N43,HEALTH!N43),0))) | R43: =IF(OR('MUSIC-ARTS'!R43="",ARTS!R43="",'PE-HEALTH'!R43="",HEALTH!R43=""),"",IF(ISERROR(ROUND(AVERAGE('MUSIC-ARTS'!R43,ARTS!R43,'PE-HEALTH'!R43,HEALTH!R43),0)),"",ROUND(AVERAGE('MUSIC-ARTS'!R43,ARTS!R43,'PE-HEALTH'!R43,HEALTH!R43),0))) | V43: =IF(OR(F43="",J43="",N43="",R43=""),"",IF(ISERROR(ROUND(AVERAGE(F43,J43,N43,R43),0)),"",ROUND(AVERAGE(F43,J43,N43,R43),0))) | Z43: =IF(OR($F43="",$J43="",$N43="",$R43="",$V43=""),"",IF($V43>=75,"PASSED","FAILED"))
A44: 33 | B44: ='INPUT DATA'!B44:D44 -> 0 | F44: =IF(OR('MUSIC-ARTS'!F44="",ARTS!F44="",'PE-HEALTH'!F44="",HEALTH!F44=""),"",IF(ISERROR(ROUND(AVERAGE('MUSIC-ARTS'!F44,ARTS!F44,'PE-HEALTH'!F44,HEALTH!F44),0)),"",ROUND(AVERAGE('MUSIC-ARTS'!F44,ARTS!F44,'PE-HEALTH'!F44,HEALTH!F44),0))) | J44: =IF(OR('MUSIC-ARTS'!J44="",ARTS!J44="",'PE-HEALTH'!J44="",HEALTH!J44=""),"",IF(ISERROR(ROUND(AVERAGE('MUSIC-ARTS'!J44,ARTS!J44,'PE-HEALTH'!J44,HEALTH!J44),0)),"",ROUND(AVERAGE('MUSIC-ARTS'!J44,ARTS!J44,'PE-HEALTH'!J44,HEALTH!J44),0))) | N44: =IF(OR('MUSIC-ARTS'!N44="",ARTS!N44="",'PE-HEALTH'!N44="",HEALTH!N44=""),"",IF(ISERROR(ROUND(AVERAGE('MUSIC-ARTS'!N44,ARTS!N44,'PE-HEALTH'!N44,HEALTH!N44),0)),"",ROUND(AVERAGE('MUSIC-ARTS'!N44,ARTS!N44,'PE-HEALTH'!N44,HEALTH!N44),0))) | R44: =IF(OR('MUSIC-ARTS'!R44="",ARTS!R44="",'PE-HEALTH'!R44="",HEALTH!R44=""),"",IF(ISERROR(ROUND(AVERAGE('MUSIC-ARTS'!R44,ARTS!R44,'PE-HEALTH'!R44,HEALTH!R44),0)),"",ROUND(AVERAGE('MUSIC-ARTS'!R44,ARTS!R44,'PE-HEALTH'!R44,HEALTH!R44),0))) | V44: =IF(OR(F44="",J44="",N44="",R44=""),"",IF(ISERROR(ROUND(AVERAGE(F44,J44,N44,R44),0)),"",ROUND(AVERAGE(F44,J44,N44,R44),0))) | Z44: =IF(OR($F44="",$J44="",$N44="",$R44="",$V44=""),"",IF($V44>=75,"PASSED","FAILED"))
... A50: 39 | B50: ='INPUT DATA'!B50:D50 -> 0 | F50: =IF(OR('MUSIC-ARTS'!F50="",ARTS!F50="",'PE-HEALTH'!F50="",HEALTH!F50=""),"",IF(ISERROR(ROUND(AVERAGE('MUSIC-ARTS'!F50,ARTS!F50,'PE-HEALTH'!F50,HEALTH!F50),0)),"",ROUND(AVERAGE('MUSIC-ARTS'!F50,ARTS!F50,'PE-HEALTH'!F50,HEALTH!F50),0))) | J50: =IF(OR('MUSIC-ARTS'!J50="",ARTS!J50="",'PE-HEALTH'!J50="",HEALTH!J50=""),"",IF(ISERROR(ROUND(AVERAGE('MUSIC-ARTS'!J50,ARTS!J50,'PE-HEALTH'!J50,HEALTH!J50),0)),"",ROUND(AVERAGE('MUSIC-ARTS'!J50,ARTS!J50,'PE-HEALTH'!J50,HEALTH!J50),0))) | N50: =IF(OR('MUSIC-ARTS'!N50="",ARTS!N50="",'PE-HEALTH'!N50="",HEALTH!N50=""),"",IF(ISERROR(ROUND(AVERAGE('MUSIC-ARTS'!N50,ARTS!N50,'PE-HEALTH'!N50,HEALTH!N50),0)),"",ROUND(AVERAGE('MUSIC-ARTS'!N50,ARTS!N50,'PE-HEALTH'!N50,HEALTH!N50),0))) | R50: =IF(OR('MUSIC-ARTS'!R50="",ARTS!R50="",'PE-HEALTH'!R50="",HEALTH!R50=""),"",IF(ISERROR(ROUND(AVERAGE('MUSIC-ARTS'!R50,ARTS!R50,'PE-HEALTH'!R50,HEALTH!R50),0)),"",ROUND(AVERAGE('MUSIC-ARTS'!R50,ARTS!R50,'PE-HEALTH'!R50,HEALTH!R50),0))) | V50: =IF(OR(F50="",J50="",N50="",R50=""),"",IF(ISERROR(ROUND(AVERAGE(F50,J50,N50,R50),0)),"",ROUND(AVERAGE(F50,J50,N50,R50),0))) | Z50: =IF(OR($F50="",$J50="",$N50="",$R50="",$V50=""),"",IF($V50>=75,"PASSED","FAILED"))
B51: FEMALE | J51: =IF(OR('MUSIC-ARTS'!J51="",ARTS!J51="",'PE-HEALTH'!J51="",HEALTH!J51=""),"",IF(ISERROR(ROUND(AVERAGE('MUSIC-ARTS'!J51,ARTS!J51,'PE-HEALTH'!J51,HEALTH!J51),0)),"",ROUND(AVERAGE('MUSIC-ARTS'!J51,ARTS!J51,'PE-HEALTH'!J51,HEALTH!J51),0))) | V51: =IF(OR(F51="",J51="",N51="",R51=""),"",IF(ISERROR(ROUND(AVERAGE(F51,J51,N51,R51),0)),"",ROUND(AVERAGE(F51,J51,N51,R51),0))) | Z51: =IF(OR($F51="",$J51="",$N51="",$R51="",$V51=""),"",IF($V51>=75,"PASSED","FAILED"))
A52: 1 | B52: ='INPUT DATA'!B53:D53 -> ANGCOY, PRINCESS NAILLE T. | F52: 88 | J52: 86 | N52: 85 | R52: 89 | V52: =IF(OR(F52="",J52="",N52="",R52=""),"",IF(ISERROR(ROUND(AVERAGE(F52,J52,N52,R52),0)),"",ROUND(AVERAGE(F52,J52,N52,R52),0))) -> 87 | Z52: =IF(OR($F52="",$J52="",$N52="",$R52="",$V52=""),"",IF($V52>=75,"PASSED","FAILED")) -> PASSED
A53: 2 | B53: ='INPUT DATA'!B54:D54 -> BIMOS, SHEILLA KATE O. | F53: 90 | J53: 86 | N53: 87 | R53: 93 | V53: =IF(OR(F53="",J53="",N53="",R53=""),"",IF(ISERROR(ROUND(AVERAGE(F53,J53,N53,R53),0)),"",ROUND(AVERAGE(F53,J53,N53,R53),0))) -> 89 | Z53: =IF(OR($F53="",$J53="",$N53="",$R53="",$V53=""),"",IF($V53>=75,"PASSED","FAILED")) -> PASSED
A54: 3 | B54: ='INPUT DATA'!B55:D55 -> BONGABONG, DWEYN ZHAIRA A. | F54: 92 | J54: 89 | N54: 90 | R54: 91 | V54: =IF(OR(F54="",J54="",N54="",R54=""),"",IF(ISERROR(ROUND(AVERAGE(F54,J54,N54,R54),0)),"",ROUND(AVERAGE(F54,J54,N54,R54),0))) -> 91 | Z54: =IF(OR($F54="",$J54="",$N54="",$R54="",$V54=""),"",IF($V54>=75,"PASSED","FAILED")) -> PASSED
A55: 4 | B55: ='INPUT DATA'!B56:D56 -> CABEL, LOURENE A. | F55: 92 | J55: 92 | N55: 92 | R55: 93 | V55: =IF(OR(F55="",J55="",N55="",R55=""),"",IF(ISERROR(ROUND(AVERAGE(F55,J55,N55,R55),0)),"",ROUND(AVERAGE(F55,J55,N55,R55),0))) -> 92 | Z55: =IF(OR($F55="",$J55="",$N55="",$R55="",$V55=""),"",IF($V55>=75,"PASSED","FAILED")) -> PASSED
A56: 5 | B56: ='INPUT DATA'!B57:D57 -> CAMIGAO, DHENISE CLARE V. | F56: 91 | J56: 88 | N56: 85 | R56: 90 | V56: =IF(OR(F56="",J56="",N56="",R56=""),"",IF(ISERROR(ROUND(AVERAGE(F56,J56,N56,R56),0)),"",ROUND(AVERAGE(F56,J56,N56,R56),0))) -> 89 | Z56: =IF(OR($F56="",$J56="",$N56="",$R56="",$V56=""),"",IF($V56>=75,"PASSED","FAILED")) -> PASSED
A57: 6 | B57: ='INPUT DATA'!B58:D58 -> CARISMA, NATHALIA MAE M. | F57: 88 | J57: 88 | N57: 88 | R57: 91 | V57: =IF(OR(F57="",J57="",N57="",R57=""),"",IF(ISERROR(ROUND(AVERAGE(F57,J57,N57,R57),0)),"",ROUND(AVERAGE(F57,J57,N57,R57),0))) -> 89 | Z57: =IF(OR($F57="",$J57="",$N57="",$R57="",$V57=""),"",IF($V57>=75,"PASSED","FAILED")) -> PASSED
A58: 7 | B58: ='INPUT DATA'!B59:D59 -> CLARO, REANZ P. | F58: 88 | J58: 86 | N58: 86 | R58: 90 | V58: =IF(OR(F58="",J58="",N58="",R58=""),"",IF(ISERROR(ROUND(AVERAGE(F58,J58,N58,R58),0)),"",ROUND(AVERAGE(F58,J58,N58,R58),0))) -> 88 | Z58: =IF(OR($F58="",$J58="",$N58="",$R58="",$V58=""),"",IF($V58>=75,"PASSED","FAILED")) -> PASSED
A59: 8 | B59: ='INPUT DATA'!B60:D60 -> FRANCISCO, YSABELLA BEATRICE B. | F59: 93 | J59: 93 | N59: 94 | R59: 95 | V59: =IF(OR(F59="",J59="",N59="",R59=""),"",IF(ISERROR(ROUND(AVERAGE(F59,J59,N59,R59),0)),"",ROUND(AVERAGE(F59,J59,N59,R59),0))) -> 94 | Z59: =IF(OR($F59="",$J59="",$N59="",$R59="",$V59=""),"",IF($V59>=75,"PASSED","FAILED")) -> PASSED
A60: 9 | B60: ='INPUT DATA'!B61:D61 -> GALDO, ALYSSA RHIAN P. | F60: 90 | J60: 88 | R60: =IF(OR('MUSIC-ARTS'!R60="",ARTS!R60="",'PE-HEALTH'!R60="",HEALTH!R60=""),"",IF(ISERROR(ROUND(AVERAGE('MUSIC-ARTS'!R60,ARTS!R60,'PE-HEALTH'!R60,HEALTH!R60),0)),"",ROUND(AVERAGE('MUSIC-ARTS'!R60,ARTS!R60,'PE-HEALTH'!R60,HEALTH!R60),0))) | V60: =IF(OR(F60="",J60="",N60="",R60=""),"",IF(ISERROR(ROUND(AVERAGE(F60,J60,N60,R60),0)),"",ROUND(AVERAGE(F60,J60,N60,R60),0))) | Z60: =IF(OR($F60="",$J60="",$N60="",$R60="",$V60=""),"",IF($V60>=75,"PASSED","FAILED"))
A61: 10 | B61: ='INPUT DATA'!B62:D62 -> HURAÑO, RIOMI M. | F61: 89 | J61: 89 | N61: 90 | R61: 93 | V61: =IF(OR(F61="",J61="",N61="",R61=""),"",IF(ISERROR(ROUND(AVERAGE(F61,J61,N61,R61),0)),"",ROUND(AVERAGE(F61,J61,N61,R61),0))) -> 90 | Z61: =IF(OR($F61="",$J61="",$N61="",$R61="",$V61=""),"",IF($V61>=75,"PASSED","FAILED")) -> PASSED
A62: 11 | B62: ='INPUT DATA'!B63:D63 -> LAGUNA, WELLAIZA O. | F62: 87 | J62: 88 | N62: =IF(OR('MUSIC-ARTS'!N62="",ARTS!N62="",'PE-HEALTH'!N62="",HEALTH!N62=""),"",IF(ISERROR(ROUND(AVERAGE('MUSIC-ARTS'!N62,ARTS!N62,'PE-HEALTH'!N62,HEALTH!N62),0)),"",ROUND(AVERAGE('MUSIC-ARTS'!N62,ARTS!N62,'PE-HEALTH'!N62,HEALTH!N62),0))) | R62: =IF(OR('MUSIC-ARTS'!R62="",ARTS!R62="",'PE-HEALTH'!R62="",HEALTH!R62=""),"",IF(ISERROR(ROUND(AVERAGE('MUSIC-ARTS'!R62,ARTS!R62,'PE-HEALTH'!R62,HEALTH!R62),0)),"",ROUND(AVERAGE('MUSIC-ARTS'!R62,ARTS!R62,'PE-HEALTH'!R62,HEALTH!R62),0))) | V62: =IF(OR(F62="",J62="",N62="",R62=""),"",IF(ISERROR(ROUND(AVERAGE(F62,J62,N62,R62),0)),"",ROUND(AVERAGE(F62,J62,N62,R62),0))) | Z62: =IF(OR($F62="",$J62="",$N62="",$R62="",$V62=""),"",IF($V62>=75,"PASSED","FAILED"))
A63: 12 | B63: ='INPUT DATA'!B64:D64 -> LAZAGA, PRINCESS JEAN O. | F63: 88 | J63: 88 | N63: 89 | R63: 93 | V63: =IF(OR(F63="",J63="",N63="",R63=""),"",IF(ISERROR(ROUND(AVERAGE(F63,J63,N63,R63),0)),"",ROUND(AVERAGE(F63,J63,N63,R63),0))) -> 90 | Z63: =IF(OR($F63="",$J63="",$N63="",$R63="",$V63=""),"",IF($V63>=75,"PASSED","FAILED")) -> PASSED
A64: 13 | B64: ='INPUT DATA'!B65:D65 -> LIBRES, MIKYLLA B. | F64: 83 | J64: 78 | N64: 80 | R64: 84 | V64: =IF(OR(F64="",J64="",N64="",R64=""),"",IF(ISERROR(ROUND(AVERAGE(F64,J64,N64,R64),0)),"",ROUND(AVERAGE(F64,J64,N64,R64),0))) -> 81 | Z64: =IF(OR($F64="",$J64="",$N64="",$R64="",$V64=""),"",IF($V64>=75,"PASSED","FAILED")) -> PASSED
A65: 14 | B65: ='INPUT DATA'!B66:D66 -> LIM, LENNIE GRACE S. | F65: 92 | J65: 86 | N65: 88 | R65: 92 | V65: =IF(OR(F65="",J65="",N65="",R65=""),"",IF(ISERROR(ROUND(AVERAGE(F65,J65,N65,R65),0)),"",ROUND(AVERAGE(F65,J65,N65,R65),0))) -> 90 | Z65: =IF(OR($F65="",$J65="",$N65="",$R65="",$V65=""),"",IF($V65>=75,"PASSED","FAILED")) -> PASSED
A66: 15 | B66: ='INPUT DATA'!B67:D67 -> MASAYON, RHEA JANE L. | F66: 81 | J66: 76 | N66: 74 | R66: 83 | V66: =IF(OR(F66="",J66="",N66="",R66=""),"",IF(ISERROR(ROUND(AVERAGE(F66,J66,N66,R66),0)),"",ROUND(AVERAGE(F66,J66,N66,R66),0))) -> 79 | Z66: =IF(OR($F66="",$J66="",$N66="",$R66="",$V66=""),"",IF($V66>=75,"PASSED","FAILED")) -> PASSED
A67: 16 | B67: ='INPUT DATA'!B68:D68 -> MORANCIL, JENEVI A. | F67: 90 | J67: 89 | N67: 90 | R67: 93 | V67: =IF(OR(F67="",J67="",N67="",R67=""),"",IF(ISERROR(ROUND(AVERAGE(F67,J67,N67,R67),0)),"",ROUND(AVERAGE(F67,J67,N67,R67),0))) -> 91 | Z67: =IF(OR($F67="",$J67="",$N67="",$R67="",$V67=""),"",IF($V67>=75,"PASSED","FAILED")) -> PASSED
A68: 17 | B68: ='INPUT DATA'!B69:D69 -> PATRICIO, MICHA ELLA P. | F68: 79 | J68: 72 | N68: 79 | R68: 85 | V68: =IF(OR(F68="",J68="",N68="",R68=""),"",IF(ISERROR(ROUND(AVERAGE(F68,J68,N68,R68),0)),"",ROUND(AVERAGE(F68,J68,N68,R68),0))) -> 79 | Z68: =IF(OR($F68="",$J68="",$N68="",$R68="",$V68=""),"",IF($V68>=75,"PASSED","FAILED")) -> PASSED
A69: 18 | B69: ='INPUT DATA'!B70:D70 -> PELINGON , ASHLEY C. | F69: 87 | J69: 84 | N69: 85 | R69: 88 | V69: =IF(OR(F69="",J69="",N69="",R69=""),"",IF(ISERROR(ROUND(AVERAGE(F69,J69,N69,R69),0)),"",ROUND(AVERAGE(F69,J69,N69,R69),0))) -> 86 | Z69: =IF(OR($F69="",$J69="",$N69="",$R69="",$V69=""),"",IF($V69>=75,"PASSED","FAILED")) -> PASSED
A70: 19 | B70: ='INPUT DATA'!B71:D71 -> PEREZ, MERCY JEAN T. | F70: 82 | J70: 76 | N70: 77 | R70: 84 | V70: =IF(OR(F70="",J70="",N70="",R70=""),"",IF(ISERROR(ROUND(AVERAGE(F70,J70,N70,R70),0)),"",ROUND(AVERAGE(F70,J70,N70,R70),0))) -> 80 | Z70: =IF(OR($F70="",$J70="",$N70="",$R70="",$V70=""),"",IF($V70>=75,"PASSED","FAILED")) -> PASSED
A71: 20 | B71: ='INPUT DATA'!B72:D72 -> PINGOT, RHEA L. | F71: 81 | J71: 73 | N71: 71 | R71: 70 | V71: =IF(OR(F71="",J71="",N71="",R71=""),"",IF(ISERROR(ROUND(AVERAGE(F71,J71,N71,R71),0)),"",ROUND(AVERAGE(F71,J71,N71,R71),0))) -> 74 | Z71: =IF(OR($F71="",$J71="",$N71="",$R71="",$V71=""),"",IF($V71>=75,"PASSED","FAILED")) -> FAILED
A72: 21 | B72: ='INPUT DATA'!B73:D73 -> QUILAT, FERRA MAE | F72: 79 | J72: 70 | N72: 73 | R72: 77 | V72: =IF(OR(F72="",J72="",N72="",R72=""),"",IF(ISERROR(ROUND(AVERAGE(F72,J72,N72,R72),0)),"",ROUND(AVERAGE(F72,J72,N72,R72),0))) -> 75 | Z72: =IF(OR($F72="",$J72="",$N72="",$R72="",$V72=""),"",IF($V72>=75,"PASSED","FAILED")) -> PASSED
A73: 22 | B73: ='INPUT DATA'!B74:D74 -> ROSALES, RYZA MAE C. | F73: 88 | J73: 82 | N73: 86 | R73: 88 | V73: =IF(OR(F73="",J73="",N73="",R73=""),"",IF(ISERROR(ROUND(AVERAGE(F73,J73,N73,R73),0)),"",ROUND(AVERAGE(F73,J73,N73,R73),0))) -> 86 | Z73: =IF(OR($F73="",$J73="",$N73="",$R73="",$V73=""),"",IF($V73>=75,"PASSED","FAILED")) -> PASSED
A74: 23 | B74: ='INPUT DATA'!B75:D75 -> 0 | F74: =IF(OR('MUSIC-ARTS'!F74="",ARTS!F74="",'PE-HEALTH'!F74="",HEALTH!F74=""),"",IF(ISERROR(ROUND(AVERAGE('MUSIC-ARTS'!F74,ARTS!F74,'PE-HEALTH'!F74,HEALTH!F74),0)),"",ROUND(AVERAGE('MUSIC-ARTS'!F74,ARTS!F74,'PE-HEALTH'!F74,HEALTH!F74),0))) | J74: =IF(OR('MUSIC-ARTS'!J74="",ARTS!J74="",'PE-HEALTH'!J74="",HEALTH!J74=""),"",IF(ISERROR(ROUND(AVERAGE('MUSIC-ARTS'!J74,ARTS!J74,'PE-HEALTH'!J74,HEALTH!J74),0)),"",ROUND(AVERAGE('MUSIC-ARTS'!J74,ARTS!J74,'PE-HEALTH'!J74,HEALTH!J74),0))) | N74: =IF(OR('MUSIC-ARTS'!N74="",ARTS!N74="",'PE-HEALTH'!N74="",HEALTH!N74=""),"",IF(ISERROR(ROUND(AVERAGE('MUSIC-ARTS'!N74,ARTS!N74,'PE-HEALTH'!N74,HEALTH!N74),0)),"",ROUND(AVERAGE('MUSIC-ARTS'!N74,ARTS!N74,'PE-HEALTH'!N74,HEALTH!N74),0))) | R74: =IF(OR('MUSIC-ARTS'!R74="",ARTS!R74="",'PE-HEALTH'!R74="",HEALTH!R74=""),"",IF(ISERROR(ROUND(AVERAGE('MUSIC-ARTS'!R74,ARTS!R74,'PE-HEALTH'!R74,HEALTH!R74),0)),"",ROUND(AVERAGE('MUSIC-ARTS'!R74,ARTS!R74,'PE-HEALTH'!R74,HEALTH!R74),0))) | V74: =IF(OR(F74="",J74="",N74="",R74=""),"",IF(ISERROR(ROUND(AVERAGE(F74,J74,N74,R74),0)),"",ROUND(AVERAGE(F74,J74,N74,R74),0))) | Z74: =IF(OR($F74="",$J74="",$N74="",$R74="",$V74=""),"",IF($V74>=75,"PASSED","FAILED"))
A75: 24 | B75: ='INPUT DATA'!B76:D76 -> 0 | F75: =IF(OR('MUSIC-ARTS'!F75="",ARTS!F75="",'PE-HEALTH'!F75="",HEALTH!F75=""),"",IF(ISERROR(ROUND(AVERAGE('MUSIC-ARTS'!F75,ARTS!F75,'PE-HEALTH'!F75,HEALTH!F75),0)),"",ROUND(AVERAGE('MUSIC-ARTS'!F75,ARTS!F75,'PE-HEALTH'!F75,HEALTH!F75),0))) | J75: =IF(OR('MUSIC-ARTS'!J75="",ARTS!J75="",'PE-HEALTH'!J75="",HEALTH!J75=""),"",IF(ISERROR(ROUND(AVERAGE('MUSIC-ARTS'!J75,ARTS!J75,'PE-HEALTH'!J75,HEALTH!J75),0)),"",ROUND(AVERAGE('MUSIC-ARTS'!J75,ARTS!J75,'PE-HEALTH'!J75,HEALTH!J75),0))) | N75: =IF(OR('MUSIC-ARTS'!N75="",ARTS!N75="",'PE-HEALTH'!N75="",HEALTH!N75=""),"",IF(ISERROR(ROUND(AVERAGE('MUSIC-ARTS'!N75,ARTS!N75,'PE-HEALTH'!N75,HEALTH!N75),0)),"",ROUND(AVERAGE('MUSIC-ARTS'!N75,ARTS!N75,'PE-HEALTH'!N75,HEALTH!N75),0))) | R75: =IF(OR('MUSIC-ARTS'!R75="",ARTS!R75="",'PE-HEALTH'!R75="",HEALTH!R75=""),"",IF(ISERROR(ROUND(AVERAGE('MUSIC-ARTS'!R75,ARTS!R75,'PE-HEALTH'!R75,HEALTH!R75),0)),"",ROUND(AVERAGE('MUSIC-ARTS'!R75,ARTS!R75,'PE-HEALTH'!R75,HEALTH!R75),0))) | V75: =IF(OR(F75="",J75="",N75="",R75=""),"",IF(ISERROR(ROUND(AVERAGE(F75,J75,N75,R75),0)),"",ROUND(AVERAGE(F75,J75,N75,R75),0))) | Z75: =IF(OR($F75="",$J75="",$N75="",$R75="",$V75=""),"",IF($V75>=75,"PASSED","FAILED"))
A76: 25 | B76: ='INPUT DATA'!B77:D77 -> 0 | F76: =IF(OR('MUSIC-ARTS'!F76="",ARTS!F76="",'PE-HEALTH'!F76="",HEALTH!F76=""),"",IF(ISERROR(ROUND(AVERAGE('MUSIC-ARTS'!F76,ARTS!F76,'PE-HEALTH'!F76,HEALTH!F76),0)),"",ROUND(AVERAGE('MUSIC-ARTS'!F76,ARTS!F76,'PE-HEALTH'!F76,HEALTH!F76),0))) | J76: =IF(OR('MUSIC-ARTS'!J76="",ARTS!J76="",'PE-HEALTH'!J76="",HEALTH!J76=""),"",IF(ISERROR(ROUND(AVERAGE('MUSIC-ARTS'!J76,ARTS!J76,'PE-HEALTH'!J76,HEALTH!J76),0)),"",ROUND(AVERAGE('MUSIC-ARTS'!J76,ARTS!J76,'PE-HEALTH'!J76,HEALTH!J76),0))) | N76: =IF(OR('MUSIC-ARTS'!N76="",ARTS!N76="",'PE-HEALTH'!N76="",HEALTH!N76=""),"",IF(ISERROR(ROUND(AVERAGE('MUSIC-ARTS'!N76,ARTS!N76,'PE-HEALTH'!N76,HEALTH!N76),0)),"",ROUND(AVERAGE('MUSIC-ARTS'!N76,ARTS!N76,'PE-HEALTH'!N76,HEALTH!N76),0))) | R76: =IF(OR('MUSIC-ARTS'!R76="",ARTS!R76="",'PE-HEALTH'!R76="",HEALTH!R76=""),"",IF(ISERROR(ROUND(AVERAGE('MUSIC-ARTS'!R76,ARTS!R76,'PE-HEALTH'!R76,HEALTH!R76),0)),"",ROUND(AVERAGE('MUSIC-ARTS'!R76,ARTS!R76,'PE-HEALTH'!R76,HEALTH!R76),0))) | V76: =IF(OR(F76="",J76="",N76="",R76=""),"",IF(ISERROR(ROUND(AVERAGE(F76,J76,N76,R76),0)),"",ROUND(AVERAGE(F76,J76,N76,R76),0))) | Z76: =IF(OR($F76="",$J76="",$N76="",$R76="",$V76=""),"",IF($V76>=75,"PASSED","FAILED"))
A77: 26 | B77: ='INPUT DATA'!B78:D78 -> 0 | F77: =IF(OR('MUSIC-ARTS'!F77="",ARTS!F77="",'PE-HEALTH'!F77="",HEALTH!F77=""),"",IF(ISERROR(ROUND(AVERAGE('MUSIC-ARTS'!F77,ARTS!F77,'PE-HEALTH'!F77,HEALTH!F77),0)),"",ROUND(AVERAGE('MUSIC-ARTS'!F77,ARTS!F77,'PE-HEALTH'!F77,HEALTH!F77),0))) | J77: =IF(OR('MUSIC-ARTS'!J77="",ARTS!J77="",'PE-HEALTH'!J77="",HEALTH!J77=""),"",IF(ISERROR(ROUND(AVERAGE('MUSIC-ARTS'!J77,ARTS!J77,'PE-HEALTH'!J77,HEALTH!J77),0)),"",ROUND(AVERAGE('MUSIC-ARTS'!J77,ARTS!J77,'PE-HEALTH'!J77,HEALTH!J77),0))) | N77: =IF(OR('MUSIC-ARTS'!N77="",ARTS!N77="",'PE-HEALTH'!N77="",HEALTH!N77=""),"",IF(ISERROR(ROUND(AVERAGE('MUSIC-ARTS'!N77,ARTS!N77,'PE-HEALTH'!N77,HEALTH!N77),0)),"",ROUND(AVERAGE('MUSIC-ARTS'!N77,ARTS!N77,'PE-HEALTH'!N77,HEALTH!N77),0))) | R77: =IF(OR('MUSIC-ARTS'!R77="",ARTS!R77="",'PE-HEALTH'!R77="",HEALTH!R77=""),"",IF(ISERROR(ROUND(AVERAGE('MUSIC-ARTS'!R77,ARTS!R77,'PE-HEALTH'!R77,HEALTH!R77),0)),"",ROUND(AVERAGE('MUSIC-ARTS'!R77,ARTS!R77,'PE-HEALTH'!R77,HEALTH!R77),0))) | V77: =IF(OR(F77="",J77="",N77="",R77=""),"",IF(ISERROR(ROUND(AVERAGE(F77,J77,N77,R77),0)),"",ROUND(AVERAGE(F77,J77,N77,R77),0))) | Z77: =IF(OR($F77="",$J77="",$N77="",$R77="",$V77=""),"",IF($V77>=75,"PASSED","FAILED"))
A78: 27 | B78: ='INPUT DATA'!B79:D79 -> 0 | F78: =IF(OR('MUSIC-ARTS'!F78="",ARTS!F78="",'PE-HEALTH'!F78="",HEALTH!F78=""),"",IF(ISERROR(ROUND(AVERAGE('MUSIC-ARTS'!F78,ARTS!F78,'PE-HEALTH'!F78,HEALTH!F78),0)),"",ROUND(AVERAGE('MUSIC-ARTS'!F78,ARTS!F78,'PE-HEALTH'!F78,HEALTH!F78),0))) | J78: =IF(OR('MUSIC-ARTS'!J78="",ARTS!J78="",'PE-HEALTH'!J78="",HEALTH!J78=""),"",IF(ISERROR(ROUND(AVERAGE('MUSIC-ARTS'!J78,ARTS!J78,'PE-HEALTH'!J78,HEALTH!J78),0)),"",ROUND(AVERAGE('MUSIC-ARTS'!J78,ARTS!J78,'PE-HEALTH'!J78,HEALTH!J78),0))) | N78: =IF(OR('MUSIC-ARTS'!N78="",ARTS!N78="",'PE-HEALTH'!N78="",HEALTH!N78=""),"",IF(ISERROR(ROUND(AVERAGE('MUSIC-ARTS'!N78,ARTS!N78,'PE-HEALTH'!N78,HEALTH!N78),0)),"",ROUND(AVERAGE('MUSIC-ARTS'!N78,ARTS!N78,'PE-HEALTH'!N78,HEALTH!N78),0))) | R78: =IF(OR('MUSIC-ARTS'!R78="",ARTS!R78="",'PE-HEALTH'!R78="",HEALTH!R78=""),"",IF(ISERROR(ROUND(AVERAGE('MUSIC-ARTS'!R78,ARTS!R78,'PE-HEALTH'!R78,HEALTH!R78),0)),"",ROUND(AVERAGE('MUSIC-ARTS'!R78,ARTS!R78,'PE-HEALTH'!R78,HEALTH!R78),0))) | V78: =IF(OR(F78="",J78="",N78="",R78=""),"",IF(ISERROR(ROUND(AVERAGE(F78,J78,N78,R78),0)),"",ROUND(AVERAGE(F78,J78,N78,R78),0))) | Z78: =IF(OR($F78="",$J78="",$N78="",$R78="",$V78=""),"",IF($V78>=75,"PASSED","FAILED"))
A79: 28 | B79: ='INPUT DATA'!B80:D80 -> 0 | F79: =IF(OR('MUSIC-ARTS'!F79="",ARTS!F79="",'PE-HEALTH'!F79="",HEALTH!F79=""),"",IF(ISERROR(ROUND(AVERAGE('MUSIC-ARTS'!F79,ARTS!F79,'PE-HEALTH'!F79,HEALTH!F79),0)),"",ROUND(AVERAGE('MUSIC-ARTS'!F79,ARTS!F79,'PE-HEALTH'!F79,HEALTH!F79),0))) | J79: =IF(OR('MUSIC-ARTS'!J79="",ARTS!J79="",'PE-HEALTH'!J79="",HEALTH!J79=""),"",IF(ISERROR(ROUND(AVERAGE('MUSIC-ARTS'!J79,ARTS!J79,'PE-HEALTH'!J79,HEALTH!J79),0)),"",ROUND(AVERAGE('MUSIC-ARTS'!J79,ARTS!J79,'PE-HEALTH'!J79,HEALTH!J79),0))) | N79: =IF(OR('MUSIC-ARTS'!N79="",ARTS!N79="",'PE-HEALTH'!N79="",HEALTH!N79=""),"",IF(ISERROR(ROUND(AVERAGE('MUSIC-ARTS'!N79,ARTS!N79,'PE-HEALTH'!N79,HEALTH!N79),0)),"",ROUND(AVERAGE('MUSIC-ARTS'!N79,ARTS!N79,'PE-HEALTH'!N79,HEALTH!N79),0))) | R79: =IF(OR('MUSIC-ARTS'!R79="",ARTS!R79="",'PE-HEALTH'!R79="",HEALTH!R79=""),"",IF(ISERROR(ROUND(AVERAGE('MUSIC-ARTS'!R79,ARTS!R79,'PE-HEALTH'!R79,HEALTH!R79),0)),"",ROUND(AVERAGE('MUSIC-ARTS'!R79,ARTS!R79,'PE-HEALTH'!R79,HEALTH!R79),0))) | V79: =IF(OR(F79="",J79="",N79="",R79=""),"",IF(ISERROR(ROUND(AVERAGE(F79,J79,N79,R79),0)),"",ROUND(AVERAGE(F79,J79,N79,R79),0))) | Z79: =IF(OR($F79="",$J79="",$N79="",$R79="",$V79=""),"",IF($V79>=75,"PASSED","FAILED"))
A80: 29 | B80: ='INPUT DATA'!B81:D81 -> 0 | F80: =IF(OR('MUSIC-ARTS'!F80="",ARTS!F80="",'PE-HEALTH'!F80="",HEALTH!F80=""),"",IF(ISERROR(ROUND(AVERAGE('MUSIC-ARTS'!F80,ARTS!F80,'PE-HEALTH'!F80,HEALTH!F80),0)),"",ROUND(AVERAGE('MUSIC-ARTS'!F80,ARTS!F80,'PE-HEALTH'!F80,HEALTH!F80),0))) | J80: =IF(OR('MUSIC-ARTS'!J80="",ARTS!J80="",'PE-HEALTH'!J80="",HEALTH!J80=""),"",IF(ISERROR(ROUND(AVERAGE('MUSIC-ARTS'!J80,ARTS!J80,'PE-HEALTH'!J80,HEALTH!J80),0)),"",ROUND(AVERAGE('MUSIC-ARTS'!J80,ARTS!J80,'PE-HEALTH'!J80,HEALTH!J80),0))) | N80: =IF(OR('MUSIC-ARTS'!N80="",ARTS!N80="",'PE-HEALTH'!N80="",HEALTH!N80=""),"",IF(ISERROR(ROUND(AVERAGE('MUSIC-ARTS'!N80,ARTS!N80,'PE-HEALTH'!N80,HEALTH!N80),0)),"",ROUND(AVERAGE('MUSIC-ARTS'!N80,ARTS!N80,'PE-HEALTH'!N80,HEALTH!N80),0))) | R80: =IF(OR('MUSIC-ARTS'!R80="",ARTS!R80="",'PE-HEALTH'!R80="",HEALTH!R80=""),"",IF(ISERROR(ROUND(AVERAGE('MUSIC-ARTS'!R80,ARTS!R80,'PE-HEALTH'!R80,HEALTH!R80),0)),"",ROUND(AVERAGE('MUSIC-ARTS'!R80,ARTS!R80,'PE-HEALTH'!R80,HEALTH!R80),0))) | V80: =IF(OR(F80="",J80="",N80="",R80=""),"",IF(ISERROR(ROUND(AVERAGE(F80,J80,N80,R80),0)),"",ROUND(AVERAGE(F80,J80,N80,R80),0))) | Z80: =IF(OR($F80="",$J80="",$N80="",$R80="",$V80=""),"",IF($V80>=75,"PASSED","FAILED"))
A81: 30 | B81: ='INPUT DATA'!B82:D82 -> 0 | F81: =IF(OR('MUSIC-ARTS'!F81="",ARTS!F81="",'PE-HEALTH'!F81="",HEALTH!F81=""),"",IF(ISERROR(ROUND(AVERAGE('MUSIC-ARTS'!F81,ARTS!F81,'PE-HEALTH'!F81,HEALTH!F81),0)),"",ROUND(AVERAGE('MUSIC-ARTS'!F81,ARTS!F81,'PE-HEALTH'!F81,HEALTH!F81),0))) | J81: =IF(OR('MUSIC-ARTS'!J81="",ARTS!J81="",'PE-HEALTH'!J81="",HEALTH!J81=""),"",IF(ISERROR(ROUND(AVERAGE('MUSIC-ARTS'!J81,ARTS!J81,'PE-HEALTH'!J81,HEALTH!J81),0)),"",ROUND(AVERAGE('MUSIC-ARTS'!J81,ARTS!J81,'PE-HEALTH'!J81,HEALTH!J81),0))) | N81: =IF(OR('MUSIC-ARTS'!N81="",ARTS!N81="",'PE-HEALTH'!N81="",HEALTH!N81=""),"",IF(ISERROR(ROUND(AVERAGE('MUSIC-ARTS'!N81,ARTS!N81,'PE-HEALTH'!N81,HEALTH!N81),0)),"",ROUND(AVERAGE('MUSIC-ARTS'!N81,ARTS!N81,'PE-HEALTH'!N81,HEALTH!N81),0))) | R81: =IF(OR('MUSIC-ARTS'!R81="",ARTS!R81="",'PE-HEALTH'!R81="",HEALTH!R81=""),"",IF(ISERROR(ROUND(AVERAGE('MUSIC-ARTS'!R81,ARTS!R81,'PE-HEALTH'!R81,HEALTH!R81),0)),"",ROUND(AVERAGE('MUSIC-ARTS'!R81,ARTS!R81,'PE-HEALTH'!R81,HEALTH!R81),0))) | V81: =IF(OR(F81="",J81="",N81="",R81=""),"",IF(ISERROR(ROUND(AVERAGE(F81,J81,N81,R81),0)),"",ROUND(AVERAGE(F81,J81,N81,R81),0))) | Z81: =IF(OR($F81="",$J81="",$N81="",$R81="",$V81=""),"",IF($V81>=75,"PASSED","FAILED"))
A82: 31 | B82: ='INPUT DATA'!B83:D83 -> 0 | F82: =IF(OR('MUSIC-ARTS'!F82="",ARTS!F82="",'PE-HEALTH'!F82="",HEALTH!F82=""),"",IF(ISERROR(ROUND(AVERAGE('MUSIC-ARTS'!F82,ARTS!F82,'PE-HEALTH'!F82,HEALTH!F82),0)),"",ROUND(AVERAGE('MUSIC-ARTS'!F82,ARTS!F82,'PE-HEALTH'!F82,HEALTH!F82),0))) | J82: =IF(OR('MUSIC-ARTS'!J82="",ARTS!J82="",'PE-HEALTH'!J82="",HEALTH!J82=""),"",IF(ISERROR(ROUND(AVERAGE('MUSIC-ARTS'!J82,ARTS!J82,'PE-HEALTH'!J82,HEALTH!J82),0)),"",ROUND(AVERAGE('MUSIC-ARTS'!J82,ARTS!J82,'PE-HEALTH'!J82,HEALTH!J82),0))) | N82: =IF(OR('MUSIC-ARTS'!N82="",ARTS!N82="",'PE-HEALTH'!N82="",HEALTH!N82=""),"",IF(ISERROR(ROUND(AVERAGE('MUSIC-ARTS'!N82,ARTS!N82,'PE-HEALTH'!N82,HEALTH!N82),0)),"",ROUND(AVERAGE('MUSIC-ARTS'!N82,ARTS!N82,'PE-HEALTH'!N82,HEALTH!N82),0))) | R82: =IF(OR('MUSIC-ARTS'!R82="",ARTS!R82="",'PE-HEALTH'!R82="",HEALTH!R82=""),"",IF(ISERROR(ROUND(AVERAGE('MUSIC-ARTS'!R82,ARTS!R82,'PE-HEALTH'!R82,HEALTH!R82),0)),"",ROUND(AVERAGE('MUSIC-ARTS'!R82,ARTS!R82,'PE-HEALTH'!R82,HEALTH!R82),0))) | V82: =IF(OR(F82="",J82="",N82="",R82=""),"",IF(ISERROR(ROUND(AVERAGE(F82,J82,N82,R82),0)),"",ROUND(AVERAGE(F82,J82,N82,R82),0))) | Z82: =IF(OR($F82="",$J82="",$N82="",$R82="",$V82=""),"",IF($V82>=75,"PASSED","FAILED"))
A83: 32 | B83: ='INPUT DATA'!B84:D84 -> 0 | F83: =IF(OR('MUSIC-ARTS'!F83="",ARTS!F83="",'PE-HEALTH'!F83="",HEALTH!F83=""),"",IF(ISERROR(ROUND(AVERAGE('MUSIC-ARTS'!F83,ARTS!F83,'PE-HEALTH'!F83,HEALTH!F83),0)),"",ROUND(AVERAGE('MUSIC-ARTS'!F83,ARTS!F83,'PE-HEALTH'!F83,HEALTH!F83),0))) | J83: =IF(OR('MUSIC-ARTS'!J83="",ARTS!J83="",'PE-HEALTH'!J83="",HEALTH!J83=""),"",IF(ISERROR(ROUND(AVERAGE('MUSIC-ARTS'!J83,ARTS!J83,'PE-HEALTH'!J83,HEALTH!J83),0)),"",ROUND(AVERAGE('MUSIC-ARTS'!J83,ARTS!J83,'PE-HEALTH'!J83,HEALTH!J83),0))) | N83: =IF(OR('MUSIC-ARTS'!N83="",ARTS!N83="",'PE-HEALTH'!N83="",HEALTH!N83=""),"",IF(ISERROR(ROUND(AVERAGE('MUSIC-ARTS'!N83,ARTS!N83,'PE-HEALTH'!N83,HEALTH!N83),0)),"",ROUND(AVERAGE('MUSIC-ARTS'!N83,ARTS!N83,'PE-HEALTH'!N83,HEALTH!N83),0))) | R83: =IF(OR('MUSIC-ARTS'!R83="",ARTS!R83="",'PE-HEALTH'!R83="",HEALTH!R83=""),"",IF(ISERROR(ROUND(AVERAGE('MUSIC-ARTS'!R83,ARTS!R83,'PE-HEALTH'!R83,HEALTH!R83),0)),"",ROUND(AVERAGE('MUSIC-ARTS'!R83,ARTS!R83,'PE-HEALTH'!R83,HEALTH!R83),0))) | V83: =IF(OR(F83="",J83="",N83="",R83=""),"",IF(ISERROR(ROUND(AVERAGE(F83,J83,N83,R83),0)),"",ROUND(AVERAGE(F83,J83,N83,R83),0))) | Z83: =IF(OR($F83="",$J83="",$N83="",$R83="",$V83=""),"",IF($V83>=75,"PASSED","FAILED"))
A84: 33 | B84: ='INPUT DATA'!B85:D85 -> 0 | F84: =IF(OR('MUSIC-ARTS'!F84="",ARTS!F84="",'PE-HEALTH'!F84="",HEALTH!F84=""),"",IF(ISERROR(ROUND(AVERAGE('MUSIC-ARTS'!F84,ARTS!F84,'PE-HEALTH'!F84,HEALTH!F84),0)),"",ROUND(AVERAGE('MUSIC-ARTS'!F84,ARTS!F84,'PE-HEALTH'!F84,HEALTH!F84),0))) | J84: =IF(OR('MUSIC-ARTS'!J84="",ARTS!J84="",'PE-HEALTH'!J84="",HEALTH!J84=""),"",IF(ISERROR(ROUND(AVERAGE('MUSIC-ARTS'!J84,ARTS!J84,'PE-HEALTH'!J84,HEALTH!J84),0)),"",ROUND(AVERAGE('MUSIC-ARTS'!J84,ARTS!J84,'PE-HEALTH'!J84,HEALTH!J84),0))) | N84: =IF(OR('MUSIC-ARTS'!N84="",ARTS!N84="",'PE-HEALTH'!N84="",HEALTH!N84=""),"",IF(ISERROR(ROUND(AVERAGE('MUSIC-ARTS'!N84,ARTS!N84,'PE-HEALTH'!N84,HEALTH!N84),0)),"",ROUND(AVERAGE('MUSIC-ARTS'!N84,ARTS!N84,'PE-HEALTH'!N84,HEALTH!N84),0))) | R84: =IF(OR('MUSIC-ARTS'!R84="",ARTS!R84="",'PE-HEALTH'!R84="",HEALTH!R84=""),"",IF(ISERROR(ROUND(AVERAGE('MUSIC-ARTS'!R84,ARTS!R84,'PE-HEALTH'!R84,HEALTH!R84),0)),"",ROUND(AVERAGE('MUSIC-ARTS'!R84,ARTS!R84,'PE-HEALTH'!R84,HEALTH!R84),0))) | V84: =IF(OR(F84="",J84="",N84="",R84=""),"",IF(ISERROR(ROUND(AVERAGE(F84,J84,N84,R84),0)),"",ROUND(AVERAGE(F84,J84,N84,R84),0))) | Z84: =IF(OR($F84="",$J84="",$N84="",$R84="",$V84=""),"",IF($V84>=75,"PASSED","FAILED"))
A85: 34 | B85: ='INPUT DATA'!B86:D86 -> 0 | F85: =IF(OR('MUSIC-ARTS'!F85="",ARTS!F85="",'PE-HEALTH'!F85="",HEALTH!F85=""),"",IF(ISERROR(ROUND(AVERAGE('MUSIC-ARTS'!F85,ARTS!F85,'PE-HEALTH'!F85,HEALTH!F85),0)),"",ROUND(AVERAGE('MUSIC-ARTS'!F85,ARTS!F85,'PE-HEALTH'!F85,HEALTH!F85),0))) | J85: =IF(OR('MUSIC-ARTS'!J85="",ARTS!J85="",'PE-HEALTH'!J85="",HEALTH!J85=""),"",IF(ISERROR(ROUND(AVERAGE('MUSIC-ARTS'!J85,ARTS!J85,'PE-HEALTH'!J85,HEALTH!J85),0)),"",ROUND(AVERAGE('MUSIC-ARTS'!J85,ARTS!J85,'PE-HEALTH'!J85,HEALTH!J85),0))) | N85: =IF(OR('MUSIC-ARTS'!N85="",ARTS!N85="",'PE-HEALTH'!N85="",HEALTH!N85=""),"",IF(ISERROR(ROUND(AVERAGE('MUSIC-ARTS'!N85,ARTS!N85,'PE-HEALTH'!N85,HEALTH!N85),0)),"",ROUND(AVERAGE('MUSIC-ARTS'!N85,ARTS!N85,'PE-HEALTH'!N85,HEALTH!N85),0))) | R85: =IF(OR('MUSIC-ARTS'!R85="",ARTS!R85="",'PE-HEALTH'!R85="",HEALTH!R85=""),"",IF(ISERROR(ROUND(AVERAGE('MUSIC-ARTS'!R85,ARTS!R85,'PE-HEALTH'!R85,HEALTH!R85),0)),"",ROUND(AVERAGE('MUSIC-ARTS'!R85,ARTS!R85,'PE-HEALTH'!R85,HEALTH!R85),0))) | V85: =IF(OR(F85="",J85="",N85="",R85=""),"",IF(ISERROR(ROUND(AVERAGE(F85,J85,N85,R85),0)),"",ROUND(AVERAGE(F85,J85,N85,R85),0))) | Z85: =IF(OR($F85="",$J85="",$N85="",$R85="",$V85=""),"",IF($V85>=75,"PASSED","FAILED"))
A86: 35 | B86: ='INPUT DATA'!B87:D87 -> 0 | F86: =IF(OR('MUSIC-ARTS'!F86="",ARTS!F86="",'PE-HEALTH'!F86="",HEALTH!F86=""),"",IF(ISERROR(ROUND(AVERAGE('MUSIC-ARTS'!F86,ARTS!F86,'PE-HEALTH'!F86,HEALTH!F86),0)),"",ROUND(AVERAGE('MUSIC-ARTS'!F86,ARTS!F86,'PE-HEALTH'!F86,HEALTH!F86),0))) | J86: =IF(OR('MUSIC-ARTS'!J86="",ARTS!J86="",'PE-HEALTH'!J86="",HEALTH!J86=""),"",IF(ISERROR(ROUND(AVERAGE('MUSIC-ARTS'!J86,ARTS!J86,'PE-HEALTH'!J86,HEALTH!J86),0)),"",ROUND(AVERAGE('MUSIC-ARTS'!J86,ARTS!J86,'PE-HEALTH'!J86,HEALTH!J86),0))) | N86: =IF(OR('MUSIC-ARTS'!N86="",ARTS!N86="",'PE-HEALTH'!N86="",HEALTH!N86=""),"",IF(ISERROR(ROUND(AVERAGE('MUSIC-ARTS'!N86,ARTS!N86,'PE-HEALTH'!N86,HEALTH!N86),0)),"",ROUND(AVERAGE('MUSIC-ARTS'!N86,ARTS!N86,'PE-HEALTH'!N86,HEALTH!N86),0))) | R86: =IF(OR('MUSIC-ARTS'!R86="",ARTS!R86="",'PE-HEALTH'!R86="",HEALTH!R86=""),"",IF(ISERROR(ROUND(AVERAGE('MUSIC-ARTS'!R86,ARTS!R86,'PE-HEALTH'!R86,HEALTH!R86),0)),"",ROUND(AVERAGE('MUSIC-ARTS'!R86,ARTS!R86,'PE-HEALTH'!R86,HEALTH!R86),0))) | V86: =IF(OR(F86="",J86="",N86="",R86=""),"",IF(ISERROR(ROUND(AVERAGE(F86,J86,N86,R86),0)),"",ROUND(AVERAGE(F86,J86,N86,R86),0))) | Z86: =IF(OR($F86="",$J86="",$N86="",$R86="",$V86=""),"",IF($V86>=75,"PASSED","FAILED"))

Sheet SUMMARY - FINAL GRADES
B1: FINAL GRADES AND GENERAL AVERAGE
C3: REGION | I3: XI | R3: DIVISION | U3: PANABO CITY | AE3: SCHOOL YEAR | AK3: ='INPUT DATA'!AG5 -> 2025 - 2026
C5: SCHOOL NAME | G5: QUEZON NATIONAL HIGH SCHOOL | R5: SCHOOL ID | U5: 316405 | AE5: GRADE & SECTION | AK5: ='INPUT DATA'!K7 -> 8 - ARIES
A7: NAMES OF LEARNERS | F7: FILIPINO | K7: ENGLISH | P7: MATHEMATICS | U7: SCIENCE | Z7: AP | AE7: VAL ED | AJ7: TLE | AO7: MUSIC AND ARTS | AT7: ARTS | AY7: PE AND HEALTH | BD7: HEALTH | BI7: MAPEH | BO7: Gen. Ave | BP7: RANK | BR7: 1
F8: QUARTER | J8: FINAL GRADE | K8: QUARTER | O8: FINAL GRADE | P8: QUARTER | T8: FINAL GRADE | U8: QUARTER | Y8: FINAL GRADE | Z8: QUARTER | AD8: FINAL GRADE | AE8: QUARTER | AI8: FINAL GRADE | AJ8: QUARTER | AN8: FINAL GRADE | AO8: QUARTER | AS8: FINAL GRADE | AT8: QUARTER | AX8: FINAL GRADE | AY8: QUARTER | BC8: FINAL GRADE | BD8: QUARTER | BH8: FINAL GRADE | BI8: QUARTER | BM8: FINAL GRADE | BR8: 2
F9: 1 | G9: 2 | H9: 3 | I9: 4 | K9: 1 | L9: 2 | M9: 3 | N9: 4 | P9: 1 | Q9: 2 | R9: 3 | S9: 4 | U9: 1 | V9: 2 | W9: 3 | X9: 4 | Z9: 1 | AA9: 2 | AB9: 3 | AC9: 4 | AE9: 1 | AF9: 2 | AG9: 3 | AH9: 4 | AJ9: 1 | AK9: 2 | AL9: 3 | AM9: 4 | AO9: 1 | AP9: 2 | AQ9: 3 | AR9: 4 | AT9: 1 | AU9: 2 | AV9: 3 | AW9: 4 | AY9: 1 | AZ9: 2 | BA9: 3 | BB9: 4 | BD9: 1 | BE9: 2 | BF9: 3 | BG9: 4 | BI9: 1 | BJ9: 2 | BK9: 3 | BL9: 4 | BR9: 3
B10: MALE | BR10: 4
A11: ='INPUT DATA'!A12 -> 1 | B11: ='INPUT DATA'!B12:D12 -> ANUBLING, REGIE C. | F11: =FILIPINO!F12 -> 75 | G11: =FILIPINO!J12 -> 75 | H11: =FILIPINO!N12 -> 78 | I11: =FILIPINO!R12 -> 75 | J11: =FILIPINO!V12 -> 75.75 | K11: =ENGLISH!F12 -> 75 | L11: =ENGLISH!J12 -> 73 | M11: =ENGLISH!N12 -> 76 | N11: =ENGLISH!R12 -> 81 | O11: =ENGLISH!V12 -> 76.25 | P11: =MATHEMATICS!F12 -> 77 | Q11: =MATHEMATICS!J12 -> 79 | R11: =MATHEMATICS!N12 -> 79 | S11: =MATHEMATICS!R12 -> 80 | T11: =MATHEMATICS!V12 -> 78.75 | U11: =SCIENCE!F12 -> 79 | V11: =SCIENCE!J12 -> 80 | W11: =SCIENCE!N12 -> 82 | X11: =SCIENCE!R12 -> 82 | Y11: =SCIENCE!V12 -> 80.75 | Z11: =AP!F12 -> 70 | AA11: =AP!J12 -> 75 | AB11: =AP!N12 -> 77 | AC11: =AP!R12 -> 79 | AD11: =AP!V12 -> 75.25 | AE11: =VALED!F12 -> 80 | AF11: =VALED!J12 -> 80 | AG11: =VALED!N12 -> 80 | AH11: =VALED!R12 -> 80 | AI11: =VALED!V12 -> 80 | AJ11: =TLE!F12 -> 76 | AK11: =TLE!J12 -> 74 | AL11: =TLE!N12 -> 73 | AM11: =TLE!R12 -> 80 | AN11: =TLE!V12 -> 75.75 | AO11: ='MUSIC-ARTS'!F12 -> 81 | AP11: ='MUSIC-ARTS'!J12 -> 75 | AQ11: ='MUSIC-ARTS'!N12 -> 76 | AR11: ='MUSIC-ARTS'!R12 -> 80 | AS11: =IF(OR(AO11="",AP11="",AQ11="",AR11=""),"",IF(ISERROR(ROUND(AVERAGE(AO11,AP11,AQ11,AR11),0)),"",ROUND(AVERAGE(AO11,AP11,AQ11,AR11),0))) -> 78 | AT11: =ARTS!F12 -> 0 | AU11: =ARTS!J12 -> 0 | AV11: =ARTS!N12 -> 0 | AW11: =ARTS!R12 -> 0 | AX11: =IF(OR(AT11="",AU11="",AV11="",AW11=""),"",IF(ISERROR(ROUND(AVERAGE(AT11,AU11,AV11,AW11),0)),"",ROUND(AVERAGE(AT11,AU11,AV11,AW11),0))) -> 0 | AY11: ='PE-HEALTH'!F12 -> 80 | AZ11: ='PE-HEALTH'!J12 -> 75 | BA11: ='PE-HEALTH'!N12 -> 78 | BB11: ='PE-HEALTH'!R12 -> 90 | BC11: =IF(OR(AY11="",AZ11="",BA11="",BB11=""),"",IF(ISERROR(ROUND(AVERAGE(AY11,AZ11,BA11,BB11),0)),"",ROUND(AVERAGE(AY11,AZ11,BA11,BB11),0))) -> 81 | BD11: =HEALTH!F12 -> 0 | BE11: =HEALTH!J12 -> 0 | BF11: =HEALTH!N12 -> 0 | BG11: =HEALTH!R12 -> 0 | BH11: =IF(OR(BD11="",BE11="",BF11="",BG11=""),"",IF(ISERROR(ROUND(AVERAGE(BD11,BE11,BF11,BG11),0)),"",ROUND(AVERAGE(BD11,BE11,BF11,BG11),0))) -> 0 | BI11: =' MAPEH FINAL'!F12 -> 81 | BJ11: =' MAPEH FINAL'!J12 -> 75 | BK11: =' MAPEH FINAL'!N12 -> 77 | BL11: =' MAPEH FINAL'!R12 -> 85 | BM11: =IF(OR(BI11="",BJ11="",BK11="",BL11=""),"",IF(ISERROR(ROUND(AVERAGE(BI11,BJ11,BK11,BL11),0)),"",ROUND(AVERAGE(BI11,BJ11,BK11,BL11),0))) -> 80 | BN11: =IF(ISERROR(J11+O11+T11+Y11+AD11+AI11+AN11+BM11)/8,"",(J11+O11+T11+Y11+AD11+AI11+AN11+BM11)/8) -> 77.8125 | BO11: =IF(ISERROR(ROUND(BN11,0)),"",ROUND(BN11,0)) -> 78 | BP11: =RANK(N11,$N$11:$N$68) -> 24 | BR11: 5 | BS11: 1 | BT11: ANUBLING, REGIE C.
A12: ='INPUT DATA'!A13 -> 2 | B12: ='INPUT DATA'!B13:D13 -> BANGCOY, JOHN PAUL P. | F12: =FILIPINO!F13 -> 60 | G12: =FILIPINO!J13 -> 60 | H12: =FILIPINO!N13 -> 60 | I12: =FILIPINO!R13 -> 60 | J12: =FILIPINO!V13 -> 60 | K12: =ENGLISH!F13 -> 0 | L12: =ENGLISH!J13 -> 0 | M12: =ENGLISH!N13 -> 0 | N12: =ENGLISH!R13 -> 0 | O12: =ENGLISH!V13 -> 0 | P12: =MATHEMATICS!F13 -> 0 | Q12: =MATHEMATICS!J13 -> 0 | R12: =MATHEMATICS!N13 -> 0 | S12: =MATHEMATICS!R13 -> 0 | T12: =MATHEMATICS!V13 -> 0 | U12: =SCIENCE!F13 -> 0 | V12: =SCIENCE!J13 -> 0 | W12: =SCIENCE!N13 -> 0 | X12: =SCIENCE!R13 -> 0 | Y12: =SCIENCE!V13 -> 0 | Z12: =AP!F13 -> 0 | AA12: =AP!J13 -> 0 | AB12: =AP!N13 -> 0 | AC12: =AP!R13 -> 0 | AD12: =AP!V13 -> 0 | AE12: =VALED!F13 -> 70 | AF12: =VALED!J13 -> 70 | AG12: =VALED!N13 -> 70 | AH12: =VALED!R13 -> 70 | AI12: =VALED!V13 -> 70 | AJ12: =TLE!F13 -> 0 | AK12: =TLE!J13 -> 0 | AL12: =TLE!N13 -> 0 | AM12: =TLE!R13 -> 0 | AN12: =TLE!V13 -> 0 | AO12: ='MUSIC-ARTS'!F13 -> 76 | AP12: ='MUSIC-ARTS'!J13 -> 0 | AQ12: ='MUSIC-ARTS'!N13 -> 0 | AR12: ='MUSIC-ARTS'!R13 -> 0 | AS12: =IF(OR(AO12="",AP12="",AQ12="",AR12=""),"",IF(ISERROR(ROUND(AVERAGE(AO12,AP12,AQ12,AR12),0)),"",ROUND(AVERAGE(AO12,AP12,AQ12,AR12),0))) -> 19 | AT12: =ARTS!F13 -> 0 | AU12: =ARTS!J13 -> 0 | AV12: =ARTS!N13 -> 0 | AW12: =ARTS!R13 -> 0 | AX12: =IF(OR(AT12="",AU12="",AV12="",AW12=""),"",IF(ISERROR(ROUND(AVERAGE(AT12,AU12,AV12,AW12),0)),"",ROUND(AVERAGE(AT12,AU12,AV12,AW12),0))) -> 0 | AY12: ='PE-HEALTH'!F13 -> 76 | AZ12: ='PE-HEALTH'!J13 -> 0 | BA12: ='PE-HEALTH'!N13 -> 0 | BB12: ='PE-HEALTH'!R13 -> 0 | BC12: =IF(OR(AY12="",AZ12="",BA12="",BB12=""),"",IF(ISERROR(ROUND(AVERAGE(AY12,AZ12,BA12,BB12),0)),"",ROUND(AVERAGE(AY12,AZ12,BA12,BB12),0))) -> 19 | BD12: =HEALTH!F13 -> 0 | BE12: =HEALTH!J13 -> 0 | BF12: =HEALTH!N13 -> 0 | BG12: =HEALTH!R13 -> 0 | BH12: =IF(OR(BD12="",BE12="",BF12="",BG12=""),"",IF(ISERROR(ROUND(AVERAGE(BD12,BE12,BF12,BG12),0)),"",ROUND(AVERAGE(BD12,BE12,BF12,BG12),0))) -> 0 | BI12: =' MAPEH FINAL'!F13 -> 76 | BJ12: =' MAPEH FINAL'!J13 -> 72 | BK12: =' MAPEH FINAL'!N13 -> 65 | BL12: =' MAPEH FINAL'!R13 -> 65 | BM12: =IF(OR(BI12="",BJ12="",BK12="",BL12=""),"",IF(ISERROR(ROUND(AVERAGE(BI12,BJ12,BK12,BL12),0)),"",ROUND(AVERAGE(BI12,BJ12,BK12,BL12),0))) -> 70 | BN12: =IF(ISERROR(J12+O12+T12+Y12+AD12+AI12+AN12+BM12)/8,"",(J12+O12+T12+Y12+AD12+AI12+AN12+BM12)/8) -> 25 | BO12: =IF(ISERROR(ROUND(BN12,0)),"",ROUND(BN12,0)) -> 25 | BP12: =RANK(N12,$N$11:$N$68) -> 34 | BR12: 6 | BS12: 2 | BT12: BANGCOY, JOHN PAUL P.
A13: ='INPUT DATA'!A14 -> 3 | B13: ='INPUT DATA'!B14:D14 -> BARRIENTOS, JOHN PAUL M. | F13: =FILIPINO!F14 -> 90 | G13: =FILIPINO!J14 -> 85 | H13: =FILIPINO!N14 -> 93 | I13: =FILIPINO!R14 -> 95 | J13: =FILIPINO!V14 -> 90.75 | K13: =ENGLISH!F14 -> 90 | L13: =ENGLISH!J14 -> 86 | M13: =ENGLISH!N14 -> 89 | N13: =ENGLISH!R14 -> 90 | O13: =ENGLISH!V14 -> 88.75 | P13: =MATHEMATICS!F14 -> 86 | Q13: =MATHEMATICS!J14 -> 89 | R13: =MATHEMATICS!N14 -> 90 | S13: =MATHEMATICS!R14 -> 90 | T13: =MATHEMATICS!V14 -> 88.75 | U13: =SCIENCE!F14 -> 90 | V13: =SCIENCE!J14 -> 89 | W13: =SCIENCE!N14 -> 91 | X13: =SCIENCE!R14 -> 92 | Y13: =SCIENCE!V14 -> 90.5 | Z13: =AP!F14 -> 88 | AA13: =AP!J14 -> 86 | AB13: =AP!N14 -> 87 | AC13: =AP!R14 -> 90 | AD13: =AP!V14 -> 87.75 | AE13: =VALED!F14 -> 85 | AF13: =VALED!J14 -> 88 | AG13: =VALED!N14 -> 92 | AH13: =VALED!R14 -> 95 | AI13: =VALED!V14 -> 90 | AJ13: =TLE!F14 -> 81 | AK13: =TLE!J14 -> 86 | AL13: =TLE!N14 -> 90 | AM13: =TLE!R14 -> 92 | AN13: =TLE!V14 -> 87.25 | AO13: ='MUSIC-ARTS'!F14 -> 84 | AP13: ='MUSIC-ARTS'!J14 -> 85 | AQ13: ='MUSIC-ARTS'!N14 -> 88 | AR13: ='MUSIC-ARTS'!R14 -> 87 | AS13: =IF(OR(AO13="",AP13="",AQ13="",AR13=""),"",IF(ISERROR(ROUND(AVERAGE(AO13,AP13,AQ13,AR13),0)),"",ROUND(AVERAGE(AO13,AP13,AQ13,AR13),0))) -> 86 | AT13: =ARTS!F14 -> 0 | AU13: =ARTS!J14 -> 0 | AV13: =ARTS!N14 -> 0 | AW13: =ARTS!R14 -> 0 | AX13: =IF(OR(AT13="",AU13="",AV13="",AW13=""),"",IF(ISERROR(ROUND(AVERAGE(AT13,AU13,AV13,AW13),0)),"",ROUND(AVERAGE(AT13,AU13,AV13,AW13),0))) -> 0 | AY13: ='PE-HEALTH'!F14 -> 91 | AZ13: ='PE-HEALTH'!J14 -> 87 | BA13: ='PE-HEALTH'!N14 -> 88 | BB13: ='PE-HEALTH'!R14 -> 95 | BC13: =IF(OR(AY13="",AZ13="",BA13="",BB13=""),"",IF(ISERROR(ROUND(AVERAGE(AY13,AZ13,BA13,BB13),0)),"",ROUND(AVERAGE(AY13,AZ13,BA13,BB13),0))) -> 90 | BD13: =HEALTH!F14 -> 0 | BE13: =HEALTH!J14 -> 0 | BF13: =HEALTH!N14 -> 0 | BG13: =HEALTH!R14 -> 0 | BH13: =IF(OR(BD13="",BE13="",BF13="",BG13=""),"",IF(ISERROR(ROUND(AVERAGE(BD13,BE13,BF13,BG13),0)),"",ROUND(AVERAGE(BD13,BE13,BF13,BG13),0))) -> 0 | BI13: =' MAPEH FINAL'!F14 -> 88 | BJ13: =' MAPEH FINAL'!J14 -> 86 | BK13: =' MAPEH FINAL'!N14 -> 88 | BL13: =' MAPEH FINAL'!R14 -> 91 | BM13: =IF(OR(BI13="",BJ13="",BK13="",BL13=""),"",IF(ISERROR(ROUND(AVERAGE(BI13,BJ13,BK13,BL13),0)),"",ROUND(AVERAGE(BI13,BJ13,BK13,BL13),0))) -> 88 | BN13: =IF(ISERROR(J13+O13+T13+Y13+AD13+AI13+AN13+BM13)/8,"",(J13+O13+T13+Y13+AD13+AI13+AN13+BM13)/8) -> 88.96875 | BO13: =IF(ISERROR(ROUND(BN13,0)),"",ROUND(BN13,0)) -> 89 | BP13: =RANK(N13,$N$11:$N$68) -> 8 | BR13: 7 | BS13: 3 | BT13: BARRIENTOS, JOHN PAUL M.
A14: ='INPUT DATA'!A15 -> 4 | B14: ='INPUT DATA'!B15:D15 -> BRIGOLE, ROMEL | F14: =FILIPINO!F15 -> 75 | G14: =FILIPINO!J15 -> 75 | H14: =FILIPINO!N15 -> 65 | I14: =FILIPINO!R15 -> 65 | J14: =FILIPINO!V15 -> 70 | K14: =ENGLISH!F15 -> 75 | L14: =ENGLISH!J15 -> 0 | M14: =ENGLISH!N15 -> 0 | N14: =ENGLISH!R15 -> 0 | O14: =ENGLISH!V15 -> 18.75 | P14: =MATHEMATICS!F15 -> 0 | Q14: =MATHEMATICS!J15 -> 0 | R14: =MATHEMATICS!N15 -> 0 | S14: =MATHEMATICS!R15 -> 0 | T14: =MATHEMATICS!V15 -> 0 | U14: =SCIENCE!F15 -> 70 | V14: =SCIENCE!J15 -> 70 | W14: =SCIENCE!N15 -> 70 | X14: =SCIENCE!R15 -> 70 | Y14: =SCIENCE!V15 -> 70 | Z14: =AP!F15 -> 0 | AA14: =AP!J15 -> 0 | AB14: =AP!N15 -> 0 | AC14: =AP!R15 -> 0 | AD14: =AP!V15 -> 0 | AE14: =VALED!F15 -> 70 | AF14: =VALED!J15 -> 70 | AG14: =VALED!N15 -> 70 | AH14: =VALED!R15 -> 70 | AI14: =VALED!V15 -> 70 | AJ14: =TLE!F15 -> 70 | AK14: =TLE!J15 -> 70 | AL14: =TLE!N15 -> 70 | AM14: =TLE!R15 -> 70 | AN14: =TLE!V15 -> 70 | AO14: ='MUSIC-ARTS'!F15 -> 65 | AP14: ='MUSIC-ARTS'!J15 -> 65 | AQ14: ='MUSIC-ARTS'!N15 -> 65 | AR14: ='MUSIC-ARTS'!R15 -> 70 | AS14: =IF(OR(AO14="",AP14="",AQ14="",AR14=""),"",IF(ISERROR(ROUND(AVERAGE(AO14,AP14,AQ14,AR14),0)),"",ROUND(AVERAGE(AO14,AP14,AQ14,AR14),0))) -> 66 | AT14: =ARTS!F15 -> 0 | AU14: =ARTS!J15 -> 0 | AV14: =ARTS!N15 -> 0 | AW14: =ARTS!R15 -> 0 | AX14: =IF(OR(AT14="",AU14="",AV14="",AW14=""),"",IF(ISERROR(ROUND(AVERAGE(AT14,AU14,AV14,AW14),0)),"",ROUND(AVERAGE(AT14,AU14,AV14,AW14),0))) -> 0 | AY14: ='PE-HEALTH'!F15 -> 65 | AZ14: ='PE-HEALTH'!J15 -> 65 | BA14: ='PE-HEALTH'!N15 -> 65 | BB14: ='PE-HEALTH'!R15 -> 70 | BC14: =IF(OR(AY14="",AZ14="",BA14="",BB14=""),"",IF(ISERROR(ROUND(AVERAGE(AY14,AZ14,BA14,BB14),0)),"",ROUND(AVERAGE(AY14,AZ14,BA14,BB14),0))) -> 66 | BD14: =HEALTH!F15 -> 0 | BE14: =HEALTH!J15 -> 0 | BF14: =HEALTH!N15 -> 0 | BG14: =HEALTH!R15 -> 0 | BH14: =IF(OR(BD14="",BE14="",BF14="",BG14=""),"",IF(ISERROR(ROUND(AVERAGE(BD14,BE14,BF14,BG14),0)),"",ROUND(AVERAGE(BD14,BE14,BF14,BG14),0))) -> 0 | BI14: =' MAPEH FINAL'!F15 -> 65 | BJ14: =' MAPEH FINAL'!J15 -> 65 | BK14: =' MAPEH FINAL'!N15 -> 65 | BL14: =' MAPEH FINAL'!R15 -> 70 | BM14: =IF(OR(BI14="",BJ14="",BK14="",BL14=""),"",IF(ISERROR(ROUND(AVERAGE(BI14,BJ14,BK14,BL14),0)),"",ROUND(AVERAGE(BI14,BJ14,BK14,BL14),0))) -> 66 | BN14: =IF(ISERROR(J14+O14+T14+Y14+AD14+AI14+AN14+BM14)/8,"",(J14+O14+T14+Y14+AD14+AI14+AN14+BM14)/8) -> 45.59375 | BO14: =IF(ISERROR(ROUND(BN14,0)),"",ROUND(BN14,0)) -> 46 | BP14: =RANK(N14,$N$11:$N$68) -> 34 | BR14: 8 | BS14: 4 | BT14: BRIGOLE, ROMEL
A15: ='INPUT DATA'!A16 -> 5 | B15: ='INPUT DATA'!B16:D16 -> BULAHAN,ROVIC L. | F15: =FILIPINO!F16 -> 91 | G15: =FILIPINO!J16 -> 92 | H15: =FILIPINO!N16 -> 89 | I15: =FILIPINO!R16 -> 91 | J15: =FILIPINO!V16 -> 90.75 | K15: =ENGLISH!F16 -> 88 | L15: =ENGLISH!J16 -> 83 | M15: =ENGLISH!N16 -> 92 | N15: =ENGLISH!R16 -> 92 | O15: =ENGLISH!V16 -> 88.75 | P15: =MATHEMATICS!F16 -> 82 | Q15: =MATHEMATICS!J16 -> 84 | R15: =MATHEMATICS!N16 -> 86 | S15: =MATHEMATICS!R16 -> 87 | T15: =MATHEMATICS!V16 -> 84.75 | U15: =SCIENCE!F16 -> 91 | V15: =SCIENCE!J16 -> 92 | W15: =SCIENCE!N16 -> 92 | X15: =SCIENCE!R16 -> 93 | Y15: =SCIENCE!V16 -> 92 | Z15: =AP!F16 -> 91 | AA15: =AP!J16 -> 87 | AB15: =AP!N16 -> 90 | AC15: =AP!R16 -> 90 | AD15: =AP!V16 -> 89.5 | AE15: =VALED!F16 -> 80 | AF15: =VALED!J16 -> 87 | AG15: =VALED!N16 -> 90 | AH15: =VALED!R16 -> 91 | AI15: =VALED!V16 -> 87 | AJ15: =TLE!F16 -> 82 | AK15: =TLE!J16 -> 86 | AL15: =TLE!N16 -> 90 | AM15: =TLE!R16 -> 92 | AN15: =TLE!V16 -> 87.5 | AO15: ='MUSIC-ARTS'!F16 -> 88 | AP15: ='MUSIC-ARTS'!J16 -> 86 | AQ15: ='MUSIC-ARTS'!N16 -> 88 | AR15: ='MUSIC-ARTS'!R16 -> 89 | AS15: =IF(OR(AO15="",AP15="",AQ15="",AR15=""),"",IF(ISERROR(ROUND(AVERAGE(AO15,AP15,AQ15,AR15),0)),"",ROUND(AVERAGE(AO15,AP15,AQ15,AR15),0))) -> 88 | AT15: =ARTS!F16 -> 0 | AU15: =ARTS!J16 -> 0 | AV15: =ARTS!N16 -> 0 | AW15: =ARTS!R16 -> 0 | AX15: =IF(OR(AT15="",AU15="",AV15="",AW15=""),"",IF(ISERROR(ROUND(AVERAGE(AT15,AU15,AV15,AW15),0)),"",ROUND(AVERAGE(AT15,AU15,AV15,AW15),0))) -> 0 | AY15: ='PE-HEALTH'!F16 -> 89 | AZ15: ='PE-HEALTH'!J16 -> 87 | BA15: ='PE-HEALTH'!N16 -> 88 | BB15: ='PE-HEALTH'!R16 -> 95 | BC15: =IF(OR(AY15="",AZ15="",BA15="",BB15=""),"",IF(ISERROR(ROUND(AVERAGE(AY15,AZ15,BA15,BB15),0)),"",ROUND(AVERAGE(AY15,AZ15,BA15,BB15),0))) -> 90 | BD15: =HEALTH!F16 -> 0 | BE15: =HEALTH!J16 -> 0 | BF15: =HEALTH!N16 -> 0 | BG15: =HEALTH!R16 -> 0 | BH15: =IF(OR(BD15="",BE15="",BF15="",BG15=""),"",IF(ISERROR(ROUND(AVERAGE(BD15,BE15,BF15,BG15),0)),"",ROUND(AVERAGE(BD15,BE15,BF15,BG15),0))) -> 0 | BI15: =' MAPEH FINAL'!F16 -> 89 | BJ15: =' MAPEH FINAL'!J16 -> 87 | BK15: =' MAPEH FINAL'!N16 -> 88 | BL15: =' MAPEH FINAL'!R16 -> 92 | BM15: =IF(OR(BI15="",BJ15="",BK15="",BL15=""),"",IF(ISERROR(ROUND(AVERAGE(BI15,BJ15,BK15,BL15),0)),"",ROUND(AVERAGE(BI15,BJ15,BK15,BL15),0))) -> 89 | BN15: =IF(ISERROR(J15+O15+T15+Y15+AD15+AI15+AN15+BM15)/8,"",(J15+O15+T15+Y15+AD15+AI15+AN15+BM15)/8) -> 88.65625 | BO15: =IF(ISERROR(ROUND(BN15,0)),"",ROUND(BN15,0)) -> 89 | BP15: =RANK(N15,$N$11:$N$68) -> 4 | BR15: 9 | BS15: 5 | BT15: BULAHAN,ROVIC L.
A16: ='INPUT DATA'!A17 -> 6 | B16: ='INPUT DATA'!B17:D17 -> CIJAS, ROLIE JR. A. | F16: =FILIPINO!F17 -> 87 | G16: =FILIPINO!J17 -> 84 | H16: =FILIPINO!N17 -> 86 | I16: =FILIPINO!R17 -> 94 | J16: =FILIPINO!V17 -> 87.75 | K16: =ENGLISH!F17 -> 84 | L16: =ENGLISH!J17 -> 84 | M16: =ENGLISH!N17 -> 93 | N16: =ENGLISH!R17 -> 92 | O16: =ENGLISH!V17 -> 88.25 | P16: =MATHEMATICS!F17 -> 89 | Q16: =MATHEMATICS!J17 -> 91 | R16: =MATHEMATICS!N17 -> 91 | S16: =MATHEMATICS!R17 -> 92 | T16: =MATHEMATICS!V17 -> 90.75 | U16: =SCIENCE!F17 -> 90 | V16: =SCIENCE!J17 -> 92 | W16: =SCIENCE!N17 -> 92 | X16: =SCIENCE!R17 -> 93 | Y16: =SCIENCE!V17 -> 91.75 | Z16: =AP!F17 -> 83 | AA16: =AP!J17 -> 84 | AB16: =AP!N17 -> 87 | AC16: =AP!R17 -> 92 | AD16: =AP!V17 -> 86.5 | AE16: =VALED!F17 -> 81 | AF16: =VALED!J17 -> 87 | AG16: =VALED!N17 -> 91 | AH16: =VALED!R17 -> 92 | AI16: =VALED!V17 -> 87.75 | AJ16: =TLE!F17 -> 86 | AK16: =TLE!J17 -> 89 | AL16: =TLE!N17 -> 90 | AM16: =TLE!R17 -> 92 | AN16: =TLE!V17 -> 89.25 | AO16: ='MUSIC-ARTS'!F17 -> 84 | AP16: ='MUSIC-ARTS'!J17 -> 87 | AQ16: ='MUSIC-ARTS'!N17 -> 89 | AR16: ='MUSIC-ARTS'!R17 -> 90 | AS16: =IF(OR(AO16="",AP16="",AQ16="",AR16=""),"",IF(ISERROR(ROUND(AVERAGE(AO16,AP16,AQ16,AR16),0)),"",ROUND(AVERAGE(AO16,AP16,AQ16,AR16),0))) -> 88 | AT16: =ARTS!F17 -> 0 | AU16: =ARTS!J17 -> 0 | AV16: =ARTS!N17 -> 0 | AW16: =ARTS!R17 -> 0 | AX16: =IF(OR(AT16="",AU16="",AV16="",AW16=""),"",IF(ISERROR(ROUND(AVERAGE(AT16,AU16,AV16,AW16),0)),"",ROUND(AVERAGE(AT16,AU16,AV16,AW16),0))) -> 0 | AY16: ='PE-HEALTH'!F17 -> 90 | AZ16: ='PE-HEALTH'!J17 -> 89 | BA16: ='PE-HEALTH'!N17 -> 90 | BB16: ='PE-HEALTH'!R17 -> 90 | BC16: =IF(OR(AY16="",AZ16="",BA16="",BB16=""),"",IF(ISERROR(ROUND(AVERAGE(AY16,AZ16,BA16,BB16),0)),"",ROUND(AVERAGE(AY16,AZ16,BA16,BB16),0))) -> 90 | BD16: =HEALTH!F17 -> 0 | BE16: =HEALTH!J17 -> 0 | BF16: =HEALTH!N17 -> 0 | BG16: =HEALTH!R17 -> 0 | BH16: =IF(OR(BD16="",BE16="",BF16="",BG16=""),"",IF(ISERROR(ROUND(AVERAGE(BD16,BE16,BF16,BG16),0)),"",ROUND(AVERAGE(BD16,BE16,BF16,BG16),0))) -> 0 | BI16: =' MAPEH FINAL'!F17 -> 87 | BJ16: =' MAPEH FINAL'!J17 -> 88 | BK16: =' MAPEH FINAL'!N17 -> 90 | BL16: =' MAPEH FINAL'!R17 -> 90 | BM16: =IF(OR(BI16="",BJ16="",BK16="",BL16=""),"",IF(ISERROR(ROUND(AVERAGE(BI16,BJ16,BK16,BL16),0)),"",ROUND(AVERAGE(BI16,BJ16,BK16,BL16),0))) -> 89 | BN16: =IF(ISERROR(J16+O16+T16+Y16+AD16+AI16+AN16+BM16)/8,"",(J16+O16+T16+Y16+AD16+AI16+AN16+BM16)/8) -> 88.875 | BO16: =IF(ISERROR(ROUND(BN16,0)),"",ROUND(BN16,0)) -> 89 | BP16: =RANK(N16,$N$11:$N$68) -> 4 | BR16: 10 | BS16: 6 | BT16: CIJAS, ROLIE JR. A.
A17: ='INPUT DATA'!A18 -> 7 | B17: ='INPUT DATA'!B18:D18 -> GARCIA, DAVE P. | F17: =FILIPINO!F18 -> 86 | G17: =FILIPINO!J18 -> 78 | H17: =FILIPINO!N18 -> 74 | I17: =FILIPINO!R18 -> 85 | J17: =FILIPINO!V18 -> 80.75 | K17: =ENGLISH!F18 -> 81 | L17: =ENGLISH!J18 -> 81 | M17: =ENGLISH!N18 -> 85 | N17: =ENGLISH!R18 -> 86 | O17: =ENGLISH!V18 -> 83.25 | P17: =MATHEMATICS!F18 -> 84 | Q17: =MATHEMATICS!J18 -> 85 | R17: =MATHEMATICS!N18 -> 84 | S17: =MATHEMATICS!R18 -> 85 | T17: =MATHEMATICS!V18 -> 84.5 | U17: =SCIENCE!F18 -> 82 | V17: =SCIENCE!J18 -> 83 | W17: =SCIENCE!N18 -> 82 | X17: =SCIENCE!R18 -> 83 | Y17: =SCIENCE!V18 -> 82.5 | Z17: =AP!F18 -> 80 | AA17: =AP!J18 -> 78 | AB17: =AP!N18 -> 80 | AC17: =AP!R18 -> 85 | AD17: =AP!V18 -> 80.75 | AE17: =VALED!F18 -> 78 | AF17: =VALED!J18 -> 83 | AG17: =VALED!N18 -> 82 | AH17: =VALED!R18 -> 84 | AI17: =VALED!V18 -> 81.75 | AJ17: =TLE!F18 -> 74 | AK17: =TLE!J18 -> 76 | AL17: =TLE!N18 -> 81 | AM17: =TLE!R18 -> 81 | AN17: =TLE!V18 -> 78 | AO17: ='MUSIC-ARTS'!F18 -> 80 | AP17: ='MUSIC-ARTS'!J18 -> 79 | AQ17: ='MUSIC-ARTS'!N18 -> 80 | AR17: ='MUSIC-ARTS'!R18 -> 82 | AS17: =IF(OR(AO17="",AP17="",AQ17="",AR17=""),"",IF(ISERROR(ROUND(AVERAGE(AO17,AP17,AQ17,AR17),0)),"",ROUND(AVERAGE(AO17,AP17,AQ17,AR17),0))) -> 80 | AT17: =ARTS!F18 -> 0 | AU17: =ARTS!J18 -> 0 | AV17: =ARTS!N18 -> 0 | AW17: =ARTS!R18 -> 0 | AX17: =IF(OR(AT17="",AU17="",AV17="",AW17=""),"",IF(ISERROR(ROUND(AVERAGE(AT17,AU17,AV17,AW17),0)),"",ROUND(AVERAGE(AT17,AU17,AV17,AW17),0))) -> 0 | AY17: ='PE-HEALTH'!F18 -> 84 | AZ17: ='PE-HEALTH'!J18 -> 84 | BA17: ='PE-HEALTH'!N18 -> 83 | BB17: ='PE-HEALTH'!R18 -> 90 | BC17: =IF(OR(AY17="",AZ17="",BA17="",BB17=""),"",IF(ISERROR(ROUND(AVERAGE(AY17,AZ17,BA17,BB17),0)),"",ROUND(AVERAGE(AY17,AZ17,BA17,BB17),0))) -> 85 | BD17: =HEALTH!F18 -> 0 | BE17: =HEALTH!J18 -> 0 | BF17: =HEALTH!N18 -> 0 | BG17: =HEALTH!R18 -> 0 | BH17: =IF(OR(BD17="",BE17="",BF17="",BG17=""),"",IF(ISERROR(ROUND(AVERAGE(BD17,BE17,BF17,BG17),0)),"",ROUND(AVERAGE(BD17,BE17,BF17,BG17),0))) -> 0 | BI17: =' MAPEH FINAL'!F18 -> 82 | BJ17: =' MAPEH FINAL'!J18 -> 82 | BK17: =' MAPEH FINAL'!N18 -> 82 | BL17: =' MAPEH FINAL'!R18 -> 86 | BM17: =IF(OR(BI17="",BJ17="",BK17="",BL17=""),"",IF(ISERROR(ROUND(AVERAGE(BI17,BJ17,BK17,BL17),0)),"",ROUND(AVERAGE(BI17,BJ17,BK17,BL17),0))) -> 83 | BN17: =IF(ISERROR(J17+O17+T17+Y17+AD17+AI17+AN17+BM17)/8,"",(J17+O17+T17+Y17+AD17+AI17+AN17+BM17)/8) -> 81.8125 | BO17: =IF(ISERROR(ROUND(BN17,0)),"",ROUND(BN17,0)) -> 82 | BP17: =RANK(N17,$N$11:$N$68) -> 18 | BS17: 7 | BT17: GARCIA, DAVE P.
A18: ='INPUT DATA'!A19 -> 8 | B18: ='INPUT DATA'!B19:D19 -> GONZALES, JAMES A. | F18: =FILIPINO!F19 -> 80 | G18: =FILIPINO!J19 -> 78 | H18: =FILIPINO!N19 -> 85 | I18: =FILIPINO!R19 -> 85 | J18: =FILIPINO!V19 -> 82 | K18: =ENGLISH!F19 -> 75 | L18: =ENGLISH!J19 -> 80 | M18: =ENGLISH!N19 -> 84 | N18: =ENGLISH!R19 -> 87 | O18: =ENGLISH!V19 -> 81.5 | P18: =MATHEMATICS!F19 -> 87 | Q18: =MATHEMATICS!J19 -> 90 | R18: =MATHEMATICS!N19 -> 90 | S18: =MATHEMATICS!R19 -> 90 | T18: =MATHEMATICS!V19 -> 89.25 | U18: =SCIENCE!F19 -> 83 | V18: =SCIENCE!J19 -> 85 | W18: =SCIENCE!N19 -> 86 | X18: =SCIENCE!R19 -> 87 | Y18: =SCIENCE!V19 -> 85.25 | Z18: =AP!F19 -> 80 | AA18: =AP!J19 -> 80 | AB18: =AP!N19 -> 80 | AC18: =AP!R19 -> 79 | AD18: =AP!V19 -> 79.75 | AE18: =VALED!F19 -> 80 | AF18: =VALED!J19 -> 81 | AG18: =VALED!N19 -> 83 | AH18: =VALED!R19 -> 84 | AI18: =VALED!V19 -> 82 | AJ18: =TLE!F19 -> 85 | AK18: =TLE!J19 -> 86 | AL18: =TLE!N19 -> 81 | AM18: =TLE!R19 -> 83 | AN18: =TLE!V19 -> 83.75 | AO18: ='MUSIC-ARTS'!F19 -> 82 | AP18: ='MUSIC-ARTS'!J19 -> 83 | AQ18: ='MUSIC-ARTS'!N19 -> 84 | AR18: ='MUSIC-ARTS'!R19 -> 83 | AS18: =IF(OR(AO18="",AP18="",AQ18="",AR18=""),"",IF(ISERROR(ROUND(AVERAGE(AO18,AP18,AQ18,AR18),0)),"",ROUND(AVERAGE(AO18,AP18,AQ18,AR18),0))) -> 83 | AT18: =ARTS!F19 -> 0 | AU18: =ARTS!J19 -> 0 | AV18: =ARTS!N19 -> 0 | AW18: =ARTS!R19 -> 0 | AX18: =IF(OR(AT18="",AU18="",AV18="",AW18=""),"",IF(ISERROR(ROUND(AVERAGE(AT18,AU18,AV18,AW18),0)),"",ROUND(AVERAGE(AT18,AU18,AV18,AW18),0))) -> 0 | AY18: ='PE-HEALTH'!F19 -> 82 | AZ18: ='PE-HEALTH'!J19 -> 85 | BA18: ='PE-HEALTH'!N19 -> 85 | BB18: ='PE-HEALTH'!R19 -> 90 | BC18: =IF(OR(AY18="",AZ18="",BA18="",BB18=""),"",IF(ISERROR(ROUND(AVERAGE(AY18,AZ18,BA18,BB18),0)),"",ROUND(AVERAGE(AY18,AZ18,BA18,BB18),0))) -> 86 | BD18: =HEALTH!F19 -> 0 | BE18: =HEALTH!J19 -> 0 | BF18: =HEALTH!N19 -> 0 | BG18: =HEALTH!R19 -> 0 | BH18: =IF(OR(BD18="",BE18="",BF18="",BG18=""),"",IF(ISERROR(ROUND(AVERAGE(BD18,BE18,BF18,BG18),0)),"",ROUND(AVERAGE(BD18,BE18,BF18,BG18),0))) -> 0 | BI18: =' MAPEH FINAL'!F19 -> 82 | BJ18: =' MAPEH FINAL'!J19 -> 84 | BK18: =' MAPEH FINAL'!N19 -> 85 | BL18: =' MAPEH FINAL'!R19 -> 87 | BM18: =IF(OR(BI18="",BJ18="",BK18="",BL18=""),"",IF(ISERROR(ROUND(AVERAGE(BI18,BJ18,BK18,BL18),0)),"",ROUND(AVERAGE(BI18,BJ18,BK18,BL18),0))) -> 85 | BN18: =IF(ISERROR(J18+O18+T18+Y18+AD18+AI18+AN18+BM18)/8,"",(J18+O18+T18+Y18+AD18+AI18+AN18+BM18)/8) -> 83.5625 | BO18: =IF(ISERROR(ROUND(BN18,0)),"",ROUND(BN18,0)) -> 84 | BP18: =RANK(N18,$N$11:$N$68) -> 14 | BS18: 8 | BT18: GONZALES, JAMES A.
