Workbook
Name TRANSMUTATION_TABLE: 'DO NOT DELETE'!$G$2:$J$42

Sheet INPUT DATA
A1: Input Data Sheet for E-Class Record
C4: REGION | G4: XI | L4: DIVISION | O4: PANABO CITY
B5: SCHOOL NAME | G5: QUEZON NATIONAL HIGH SCHOOL | T5: SCHOOL ID | X5: 316405 | AD5: SCHOOL YEAR | AG5: 2025-2026
F7: GRADE & SECTION: | K7: 8 - ARIES | Q7: TEACHER: | S7: JENIVIVE ORTEGA PUNAY | AC7: SUBJECT: | AG7: FILIPINO
B8: LEARNERS' NAMES
B11: MALE
A12: 1 | B12: ANOBLING, REGIE C.
A13: 2 | B13: BANGCOY, JOHN PAUL P.
A14: 3 | B14: BARRIENTOS, JOHN PAUL M.
A15: 4 | B15: BRIGOLE, ROMEL
A16: 5 | B16: BULAHAN,ROVIC L.
A17: 6 | B17: CIJAS, ROLIE JR. A.
A18: 7 | B18: GARCIA, DAVE P.
A19: 8 | B19: GONZALES, JAMES
A20: 9 | B20: LAGUNA, JB
A21: 10 | B21: LARODA, STEVEN S.
A22: 11 | B22: MERINO, SEDRIK R.
A23: 12 | B23: MONTERAS, VINCENT S.
... A32: 21 | B32: CABO, JEREM
A33: 22
A34: 23
A35: 24
A36: 25
A37: 26
A38: 27
A39: 28 | C39: 0 | D39: 0 | E39: 0
A40: 29 | C40: 0 | D40: 0 | E40: 0
A41: 30 | C41: 0 | D41: 0 | E41: 0
A42: 31 | C42: 0 | D42: 0 | E42: 0
A43: 32 | C43: 0 | D43: 0 | E43: 0
A44: 33 | C44: 0 | D44: 0 | E44: 0
A45: 34 | C45: 0 | D45: 0 | E45: 0
A46: 35 | C46: 0 | D46: 0 | E46: 0
A47: 36 | C47: 0 | D47: 0 | E47: 0
A48: 37 | C48: 0 | D48: 0 | E48: 0
A49: 38 | C49: 0 | D49: 0 | E49: 0
A50: 39 | C50: 0 | D50: 0 | E50: 0
... A61: 50 | C61: 0 | D61: 0 | E61: 0
B62: FEMALE
A63: 1 | B63: ANGCOY, PRINCESS NAILLE T.
A64: 2 | B64: BIMOS, SHEILLA KATE
A65: 3 | B65: BONGABONG, DWEYN ZAIRA A.
A66: 4 | B66: CABEL, LOURENE A.
A67: 5 | B67: CAMIGAO, DHENISE CLARE V.
A68: 6 | B68: CARISMA, NATHALIA MAE M.
A69: 7 | B69: CLARO, REANZ P.
A70: 8 | B70: FRANCISCO, YSABELLA BEATRICE B.
A71: 9 | B71: GALDO, ALYSSA RHIAN P.
A72: 10 | B72: HURAÑO, RIOMI M.
A73: 11 | B73: LAGUNA, WELLAIZA O.
A74: 12 | B74: LAZAGA, PRINCESS JEAN O.
... A84: 22 | B84: ROSALES, RYZA MAE C.
A85: 23
A86: 24
A87: 25
A88: 26
A89: 27
A90: 28
A91: 29
A92: 30
A93: 31
A108: 32
A109: 33
A110: 34
... A130: 54
A131: 55 | C131: 0 | D131: 0 | E131: 0
A132: 56 | C132: 0 | D132: 0 | E132: 0
A133: 31 | C133: 0 | D133: 0 | E133: 0
A134: 32 | C134: 0 | D134: 0 | E134: 0
A135: 33 | C135: 0 | D135: 0 | E135: 0
A136: 34 | C136: 0 | D136: 0 | E136: 0
A137: 35 | C137: 0 | D137: 0 | E137: 0
A138: 36 | C138: 0 | D138: 0 | E138: 0
A139: 37 | C139: 0 | D139: 0 | E139: 0
A140: 38 | C140: 0 | D140: 0 | E140: 0
A141: 39 | C141: 0 | D141: 0 | E141: 0
A142: 40 | C142: 0 | D142: 0 | E142: 0
... A152: 50 | C152: 0 | D152: 0 | E152: 0

Sheet FIL_Q1
A1: Class Record
A3: (Pursuant to Deped Order 8 series of 2015)
C4: REGION | G4: ='INPUT DATA'!G4 -> XI | L4: DIVISION | O4: ='INPUT DATA'!O4 -> PANABO CITY
B5: SCHOOL NAME | G5: ='INPUT DATA'!G5 -> QUEZON NATIONAL HIGH SCHOOL | T5: SCHOOL ID | AD5: SCHOOL YEAR | AG5: ='INPUT DATA'!AG5 -> 2025-2026
A7: FIRST QUARTER | F7: GRADE & SECTION: | K7: ='INPUT DATA'!K7 -> 8 - ARIES | Q7: TEACHER: | S7: ='INPUT DATA'!S7 -> JENIVIVE ORTEGA PUNAY | AC7: SUBJECT: | AG7: ='INPUT DATA'!AG7 -> FILIPINO
B8: LEARNERS' NAMES | F8: WRITTEN WORKS (30%) | S8: PERFORMANCE TASKS (50%) | AF8: QUARTERLY ASSESSMENT (20%) | AI8: Initial | AJ8: Quarterly
F9: 1 | G9: 2 | H9: 3 | I9: 4 | J9: 5 | K9: 6 | L9: 7 | M9: 8 | N9: 9 | O9: 10 | P9: Total | Q9: PS | R9: WS | S9: 1 | T9: 2 | U9: 3 | V9: 4 | W9: 5 | X9: 6 | Y9: 7 | Z9: 8 | AA9: 9 | AB9: 10 | AC9: Total | AD9: PS | AE9: WS | AF9: 1 | AG9: PS | AH9: WS | AI9: Grade | AJ9: Grade
B10: HIGHEST POSSIBLE SCORE | P10: =IF(COUNT($F10:$O10)=0,"",SUM($F10:$O10)) | Q10: 100 | R10: 0.3 | AC10: =IF(COUNT($S10:$AB10)=0,"",SUM($S10:$AB10)) | AD10: 100 | AE10: 0.5 | AG10: 100 | AH10: 0.2
B11: MALE
A12: 1 | B12: ='INPUT DATA'!B12 -> ANOBLING, REGIE C. | P12: =IF(COUNT($F12:$O12)=0,"",SUM($F12:$O12)) | Q12: =IF(ISERROR(IF($P12="","",ROUND(($P12/$P$10)*$Q$10,2))),"",IF($P12="","",ROUND(($P12/$P$10)*$Q$10,2))) | R12: =IF($Q12="","",ROUND($Q12*$R$10,2)) | AC12: =IF(COUNT($S12:$AB12)=0,"",SUM($S12:$AB12)) | AD12: =IF(ISERROR(IF($AC12="","",ROUND(($AC12/$AC$10)*$AD$10,2))),"",IF($AC12="","",ROUND(($AC12/$AC$10)*$AD$10,2))) | AE12: =IF($AD12="","",ROUND($AD12*$AE$10,2)) | AG12: =IF(ISERROR(IF($AF12="","",ROUND(($AF12/$AF$10)*$AG$10,2))),"",IF($AF12="","",ROUND(($AF12/$AF$10)*$AG$10,2))) | AH12: =IF($AG12="","",ROUND($AG12*$AH$10,2)) | AI12: =IF(ISERROR(IF($AF12="","",ROUND(SUM($R12,$AE12,$AH12),2))),"",IF($AF12="","",ROUND(SUM($R12,$AE12,$AH12),2))) | AJ12: =IF(ISERROR(IF($AF12="","",VLOOKUP(AI12,TRANSMUTATION_TABLE,4,TRUE))),"",IF($AF12="","",VLOOKUP(AI12,TRANSMUTATION_TABLE,4,TRUE)))
A13: 2 | B13: ='INPUT DATA'!B13 -> BANGCOY, JOHN PAUL P. | P13: =IF(COUNT($F13:$O13)=0,"",SUM($F13:$O13)) | Q13: =IF(ISERROR(IF($P13="","",ROUND(($P13/$P$10)*$Q$10,2))),"",IF($P13="","",ROUND(($P13/$P$10)*$Q$10,2))) | R13: =IF($Q13="","",ROUND($Q13*$R$10,2)) | AC13: =IF(COUNT($S13:$AB13)=0,"",SUM($S13:$AB13)) | AD13: =IF(ISERROR(IF($AC13="","",ROUND(($AC13/$AC$10)*$AD$10,2))),"",IF($AC13="","",ROUND(($AC13/$AC$10)*$AD$10,2))) | AE13: =IF($AD13="","",ROUND($AD13*$AE$10,2)) | AG13: =IF(ISERROR(IF($AF13="","",ROUND(($AF13/$AF$10)*$AG$10,2))),"",IF($AF13="","",ROUND(($AF13/$AF$10)*$AG$10,2))) | AH13: =IF($AG13="","",ROUND($AG13*$AH$10,2)) | AI13: =IF(ISERROR(IF($AF13="","",ROUND(SUM($R13,$AE13,$AH13),2))),"",IF($AF13="","",ROUND(SUM($R13,$AE13,$AH13),2))) | AJ13: =IF(ISERROR(IF($AF13="","",VLOOKUP(AI13,TRANSMUTATION_TABLE,4,TRUE))),"",IF($AF13="","",VLOOKUP(AI13,TRANSMUTATION_TABLE,4,TRUE)))
A14: 3 | B14: ='INPUT DATA'!B14 -> BARRIENTOS, JOHN PAUL M. | P14: =IF(COUNT($F14:$O14)=0,"",SUM($F14:$O14)) | Q14: =IF(ISERROR(IF($P14="","",ROUND(($P14/$P$10)*$Q$10,2))),"",IF($P14="","",ROUND(($P14/$P$10)*$Q$10,2))) | R14: =IF($Q14="","",ROUND($Q14*$R$10,2)) | AC14: =IF(COUNT($S14:$AB14)=0,"",SUM($S14:$AB14)) | AD14: =IF(ISERROR(IF($AC14="","",ROUND(($AC14/$AC$10)*$AD$10,2))),"",IF($AC14="","",ROUND(($AC14/$AC$10)*$AD$10,2))) | AE14: =IF($AD14="","",ROUND($AD14*$AE$10,2)) | AG14: =IF(ISERROR(IF($AF14="","",ROUND(($AF14/$AF$10)*$AG$10,2))),"",IF($AF14="","",ROUND(($AF14/$AF$10)*$AG$10,2))) | AH14: =IF($AG14="","",ROUND($AG14*$AH$10,2)) | AI14: =IF(ISERROR(IF($AF14="","",ROUND(SUM($R14,$AE14,$AH14),2))),"",IF($AF14="","",ROUND(SUM($R14,$AE14,$AH14),2))) | AJ14: =IF(ISERROR(IF($AF14="","",VLOOKUP(AI14,TRANSMUTATION_TABLE,4,TRUE))),"",IF($AF14="","",VLOOKUP(AI14,TRANSMUTATION_TABLE,4,TRUE)))
A15: 4 | B15: ='INPUT DATA'!B15 -> BRIGOLE, ROMEL | P15: =IF(COUNT($F15:$O15)=0,"",SUM($F15:$O15)) | Q15: =IF(ISERROR(IF($P15="","",ROUND(($P15/$P$10)*$Q$10,2))),"",IF($P15="","",ROUND(($P15/$P$10)*$Q$10,2))) | R15: =IF($Q15="","",ROUND($Q15*$R$10,2)) | AC15: =IF(COUNT($S15:$AB15)=0,"",SUM($S15:$AB15)) | AD15: =IF(ISERROR(IF($AC15="","",ROUND(($AC15/$AC$10)*$AD$10,2))),"",IF($AC15="","",ROUND(($AC15/$AC$10)*$AD$10,2))) | AE15: =IF($AD15="","",ROUND($AD15*$AE$10,2)) | AG15: =IF(ISERROR(IF($AF15="","",ROUND(($AF15/$AF$10)*$AG$10,2))),"",IF($AF15="","",ROUND(($AF15/$AF$10)*$AG$10,2))) | AH15: =IF($AG15="","",ROUND($AG15*$AH$10,2)) | AI15: =IF(ISERROR(IF($AF15="","",ROUND(SUM($R15,$AE15,$AH15),2))),"",IF($AF15="","",ROUND(SUM($R15,$AE15,$AH15),2))) | AJ15: =IF(ISERROR(IF($AF15="","",VLOOKUP(AI15,TRANSMUTATION_TABLE,4,TRUE))),"",IF($AF15="","",VLOOKUP(AI15,TRANSMUTATION_TABLE,4,TRUE)))
A16: 5 | B16: ='INPUT DATA'!B16 -> BULAHAN,ROVIC L. | P16: =IF(COUNT($F16:$O16)=0,"",SUM($F16:$O16)) | Q16: =IF(ISERROR(IF($P16="","",ROUND(($P16/$P$10)*$Q$10,2))),"",IF($P16="","",ROUND(($P16/$P$10)*$Q$10,2))) | R16: =IF($Q16="","",ROUND($Q16*$R$10,2)) | AC16: =IF(COUNT($S16:$AB16)=0,"",SUM($S16:$AB16)) | AD16: =IF(ISERROR(IF($AC16="","",ROUND(($AC16/$AC$10)*$AD$10,2))),"",IF($AC16="","",ROUND(($AC16/$AC$10)*$AD$10,2))) | AE16: =IF($AD16="","",ROUND($AD16*$AE$10,2)) | AG16: =IF(ISERROR(IF($AF16="","",ROUND(($AF16/$AF$10)*$AG$10,2))),"",IF($AF16="","",ROUND(($AF16/$AF$10)*$AG$10,2))) | AH16: =IF($AG16="","",ROUND($AG16*$AH$10,2)) | AI16: =IF(ISERROR(IF($AF16="","",ROUND(SUM($R16,$AE16,$AH16),2))),"",IF($AF16="","",ROUND(SUM($R16,$AE16,$AH16),2))) | AJ16: =IF(ISERROR(IF($AF16="","",VLOOKUP(AI16,TRANSMUTATION_TABLE,4,TRUE))),"",IF($AF16="","",VLOOKUP(AI16,TRANSMUTATION_TABLE,4,TRUE)))
A17: 6 | B17: ='INPUT DATA'!B17 -> CIJAS, ROLIE JR. A. | P17: =IF(COUNT($F17:$O17)=0,"",SUM($F17:$O17)) | Q17: =IF(ISERROR(IF($P17="","",ROUND(($P17/$P$10)*$Q$10,2))),"",IF($P17="","",ROUND(($P17/$P$10)*$Q$10,2))) | R17: =IF($Q17="","",ROUND($Q17*$R$10,2)) | AC17: =IF(COUNT($S17:$AB17)=0,"",SUM($S17:$AB17)) | AD17: =IF(ISERROR(IF($AC17="","",ROUND(($AC17/$AC$10)*$AD$10,2))),"",IF($AC17="","",ROUND(($AC17/$AC$10)*$AD$10,2))) | AE17: =IF($AD17="","",ROUND($AD17*$AE$10,2)) | AG17: =IF(ISERROR(IF($AF17="","",ROUND(($AF17/$AF$10)*$AG$10,2))),"",IF($AF17="","",ROUND(($AF17/$AF$10)*$AG$10,2))) | AH17: =IF($AG17="","",ROUND($AG17*$AH$10,2)) | AI17: =IF(ISERROR(IF($AF17="","",ROUND(SUM($R17,$AE17,$AH17),2))),"",IF($AF17="","",ROUND(SUM($R17,$AE17,$AH17),2))) | AJ17: =IF(ISERROR(IF($AF17="","",VLOOKUP(AI17,TRANSMUTATION_TABLE,4,TRUE))),"",IF($AF17="","",VLOOKUP(AI17,TRANSMUTATION_TABLE,4,TRUE)))
A18: 7 | B18: ='INPUT DATA'!B18 -> GARCIA, DAVE P. | P18: =IF(COUNT($F18:$O18)=0,"",SUM($F18:$O18)) | Q18: =IF(ISERROR(IF($P18="","",ROUND(($P18/$P$10)*$Q$10,2))),"",IF($P18="","",ROUND(($P18/$P$10)*$Q$10,2))) | R18: =IF($Q18="","",ROUND($Q18*$R$10,2)) | AC18: =IF(COUNT($S18:$AB18)=0,"",SUM($S18:$AB18)) | AD18: =IF(ISERROR(IF($AC18="","",ROUND(($AC18/$AC$10)*$AD$10,2))),"",IF($AC18="","",ROUND(($AC18/$AC$10)*$AD$10,2))) | AE18: =IF($AD18="","",ROUND($AD18*$AE$10,2)) | AG18: =IF(ISERROR(IF($AF18="","",ROUND(($AF18/$AF$10)*$AG$10,2))),"",IF($AF18="","",ROUND(($AF18/$AF$10)*$AG$10,2))) | AH18: =IF($AG18="","",ROUND($AG18*$AH$10,2)) | AI18: =IF(ISERROR(IF($AF18="","",ROUND(SUM($R18,$AE18,$AH18),2))),"",IF($AF18="","",ROUND(SUM($R18,$AE18,$AH18),2))) | AJ18: =IF(ISERROR(IF($AF18="","",VLOOKUP(AI18,TRANSMUTATION_TABLE,4,TRUE))),"",IF($AF18="","",VLOOKUP(AI18,TRANSMUTATION_TABLE,4,TRUE)))
A19: 8 | B19: ='INPUT DATA'!B19 -> GONZALES, JAMES | D19: 0 | P19: =IF(COUNT($F19:$O19)=0,"",SUM($F19:$O19)) | Q19: =IF(ISERROR(IF($P19="","",ROUND(($P19/$P$10)*$Q$10,2))),"",IF($P19="","",ROUND(($P19/$P$10)*$Q$10,2))) | R19: =IF($Q19="","",ROUND($Q19*$R$10,2)) | AC19: =IF(COUNT($S19:$AB19)=0,"",SUM($S19:$AB19)) | AD19: =IF(ISERROR(IF($AC19="","",ROUND(($AC19/$AC$10)*$AD$10,2))),"",IF($AC19="","",ROUND(($AC19/$AC$10)*$AD$10,2))) | AE19: =IF($AD19="","",ROUND($AD19*$AE$10,2)) | AG19: =IF(ISERROR(IF($AF19="","",ROUND(($AF19/$AF$10)*$AG$10,2))),"",IF($AF19="","",ROUND(($AF19/$AF$10)*$AG$10,2))) | AH19: =IF($AG19="","",ROUND($AG19*$AH$10,2)) | AI19: =IF(ISERROR(IF($AF19="","",ROUND(SUM($R19,$AE19,$AH19),2))),"",IF($AF19="","",ROUND(SUM($R19,$AE19,$AH19),2))) | AJ19: =IF(ISERROR(IF($AF19="","",VLOOKUP(AI19,TRANSMUTATION_TABLE,4,TRUE))),"",IF($AF19="","",VLOOKUP(AI19,TRANSMUTATION_TABLE,4,TRUE)))
A20: 9 | B20: ='INPUT DATA'!B20 -> LAGUNA, JB | P20: =IF(COUNT($F20:$O20)=0,"",SUM($F20:$O20)) | Q20: =IF(ISERROR(IF($P20="","",ROUND(($P20/$P$10)*$Q$10,2))),"",IF($P20="","",ROUND(($P20/$P$10)*$Q$10,2))) | R20: =IF($Q20="","",ROUND($Q20*$R$10,2)) | AC20: =IF(COUNT($S20:$AB20)=0,"",SUM($S20:$AB20)) | AD20: =IF(ISERROR(IF($AC20="","",ROUND(($AC20/$AC$10)*$AD$10,2))),"",IF($AC20="","",ROUND(($AC20/$AC$10)*$AD$10,2))) | AE20: =IF($AD20="","",ROUND($AD20*$AE$10,2)) | AG20: =IF(ISERROR(IF($AF20="","",ROUND(($AF20/$AF$10)*$AG$10,2))),"",IF($AF20="","",ROUND(($AF20/$AF$10)*$AG$10,2))) | AH20: =IF($AG20="","",ROUND($AG20*$AH$10,2)) | AI20: =IF(ISERROR(IF($AF20="","",ROUND(SUM($R20,$AE20,$AH20),2))),"",IF($AF20="","",ROUND(SUM($R20,$AE20,$AH20),2))) | AJ20: =IF(ISERROR(IF($AF20="","",VLOOKUP(AI20,TRANSMUTATION_TABLE,4,TRUE))),"",IF($AF20="","",VLOOKUP(AI20,TRANSMUTATION_TABLE,4,TRUE)))
A21: 10 | B21: ='INPUT DATA'!B21 -> LARODA, STEVEN S. | P21: =IF(COUNT($F21:$O21)=0,"",SUM($F21:$O21)) | Q21: =IF(ISERROR(IF($P21="","",ROUND(($P21/$P$10)*$Q$10,2))),"",IF($P21="","",ROUND(($P21/$P$10)*$Q$10,2))) | R21: =IF($Q21="","",ROUND($Q21*$R$10,2)) | AC21: =IF(COUNT($S21:$AB21)=0,"",SUM($S21:$AB21)) | AD21: =IF(ISERROR(IF($AC21="","",ROUND(($AC21/$AC$10)*$AD$10,2))),"",IF($AC21="","",ROUND(($AC21/$AC$10)*$AD$10,2))) | AE21: =IF($AD21="","",ROUND($AD21*$AE$10,2)) | AG21: =IF(ISERROR(IF($AF21="","",ROUND(($AF21/$AF$10)*$AG$10,2))),"",IF($AF21="","",ROUND(($AF21/$AF$10)*$AG$10,2))) | AH21: =IF($AG21="","",ROUND($AG21*$AH$10,2)) | AI21: =IF(ISERROR(IF($AF21="","",ROUND(SUM($R21,$AE21,$AH21),2))),"",IF($AF21="","",ROUND(SUM($R21,$AE21,$AH21),2))) | AJ21: =IF(ISERROR(IF($AF21="","",VLOOKUP(AI21,TRANSMUTATION_TABLE,4,TRUE))),"",IF($AF21="","",VLOOKUP(AI21,TRANSMUTATION_TABLE,4,TRUE)))
A22: 11 | B22: ='INPUT DATA'!B22 -> MERINO, SEDRIK R. | D22: 0 | P22: =IF(COUNT($F22:$O22)=0,"",SUM($F22:$O22)) | Q22: =IF(ISERROR(IF($P22="","",ROUND(($P22/$P$10)*$Q$10,2))),"",IF($P22="","",ROUND(($P22/$P$10)*$Q$10,2))) | R22: =IF($Q22="","",ROUND($Q22*$R$10,2)) | AC22: =IF(COUNT($S22:$AB22)=0,"",SUM($S22:$AB22)) | AD22: =IF(ISERROR(IF($AC22="","",ROUND(($AC22/$AC$10)*$AD$10,2))),"",IF($AC22="","",ROUND(($AC22/$AC$10)*$AD$10,2))) | AE22: =IF($AD22="","",ROUND($AD22*$AE$10,2)) | AG22: =IF(ISERROR(IF($AF22="","",ROUND(($AF22/$AF$10)*$AG$10,2))),"",IF($AF22="","",ROUND(($AF22/$AF$10)*$AG$10,2))) | AH22: =IF($AG22="","",ROUND($AG22*$AH$10,2)) | AI22: =IF(ISERROR(IF($AF22="","",ROUND(SUM($R22,$AE22,$AH22),2))),"",IF($AF22="","",ROUND(SUM($R22,$AE22,$AH22),2))) | AJ22: =IF(ISERROR(IF($AF22="","",VLOOKUP(AI22,TRANSMUTATION_TABLE,4,TRUE))),"",IF($AF22="","",VLOOKUP(AI22,TRANSMUTATION_TABLE,4,TRUE)))
A23: 12 | B23: ='INPUT DATA'!B23 -> MONTERAS, VINCENT S. | P23: =IF(COUNT($F23:$O23)=0,"",SUM($F23:$O23)) | Q23: =IF(ISERROR(IF($P23="","",ROUND(($P23/$P$10)*$Q$10,2))),"",IF($P23="","",ROUND(($P23/$P$10)*$Q$10,2))) | R23: =IF($Q23="","",ROUND($Q23*$R$10,2)) | AC23: =IF(COUNT($S23:$AB23)=0,"",SUM($S23:$AB23)) | AD23: =IF(ISERROR(IF($AC23="","",ROUND(($AC23/$AC$10)*$AD$10,2))),"",IF($AC23="","",ROUND(($AC23/$AC$10)*$AD$10,2))) | AE23: =IF($AD23="","",ROUND($AD23*$AE$10,2)) | AG23: =IF(ISERROR(IF($AF23="","",ROUND(($AF23/$AF$10)*$AG$10,2))),"",IF($AF23="","",ROUND(($AF23/$AF$10)*$AG$10,2))) | AH23: =IF($AG23="","",ROUND($AG23*$AH$10,2)) | AI23: =IF(ISERROR(IF($AF23="","",ROUND(SUM($R23,$AE23,$AH23),2))),"",IF($AF23="","",ROUND(SUM($R23,$AE23,$AH23),2))) | AJ23: =IF(ISERROR(IF($AF23="","",VLOOKUP(AI23,TRANSMUTATION_TABLE,4,TRUE))),"",IF($AF23="","",VLOOKUP(AI23,TRANSMUTATION_TABLE,4,TRUE)))
A24: 13 | B24: ='INPUT DATA'!B24 -> NACAWILI, ANDRIE L. | P24: =IF(COUNT($F24:$O24)=0,"",SUM($F24:$O24)) | Q24: =IF(ISERROR(IF($P24="","",ROUND(($P24/$P$10)*$Q$10,2))),"",IF($P24="","",ROUND(($P24/$P$10)*$Q$10,2))) | R24: =IF($Q24="","",ROUND($Q24*$R$10,2)) | AC24: =IF(COUNT($S24:$AB24)=0,"",SUM($S24:$AB24)) | AD24: =IF(ISERROR(IF($AC24="","",ROUND(($AC24/$AC$10)*$AD$10,2))),"",IF($AC24="","",ROUND(($AC24/$AC$10)*$AD$10,2))) | AE24: =IF($AD24="","",ROUND($AD24*$AE$10,2)) | AG24: =IF(ISERROR(IF($AF24="","",ROUND(($AF24/$AF$10)*$AG$10,2))),"",IF($AF24="","",ROUND(($AF24/$AF$10)*$AG$10,2))) | AH24: =IF($AG24="","",ROUND($AG24*$AH$10,2)) | AI24: =IF(ISERROR(IF($AF24="","",ROUND(SUM($R24,$AE24,$AH24),2))),"",IF($AF24="","",ROUND(SUM($R24,$AE24,$AH24),2))) | AJ24: =IF(ISERROR(IF($AF24="","",VLOOKUP(AI24,TRANSMUTATION_TABLE,4,TRUE))),"",IF($AF24="","",VLOOKUP(AI24,TRANSMUTATION_TABLE,4,TRUE)))
A25: 14 | B25: ='INPUT DATA'!B25 -> OLIVERIO, CYREL JAY G. | P25: =IF(COUNT($F25:$O25)=0,"",SUM($F25:$O25)) | Q25: =IF(ISERROR(IF($P25="","",ROUND(($P25/$P$10)*$Q$10,2))),"",IF($P25="","",ROUND(($P25/$P$10)*$Q$10,2))) | R25: =IF($Q25="","",ROUND($Q25*$R$10,2)) | AC25: =IF(COUNT($S25:$AB25)=0,"",SUM($S25:$AB25)) | AD25: =IF(ISERROR(IF($AC25="","",ROUND(($AC25/$AC$10)*$AD$10,2))),"",IF($AC25="","",ROUND(($AC25/$AC$10)*$AD$10,2))) | AE25: =IF($AD25="","",ROUND($AD25*$AE$10,2)) | AG25: =IF(ISERROR(IF($AF25="","",ROUND(($AF25/$AF$10)*$AG$10,2))),"",IF($AF25="","",ROUND(($AF25/$AF$10)*$AG$10,2))) | AH25: =IF($AG25="","",ROUND($AG25*$AH$10,2)) | AI25: =IF(ISERROR(IF($AF25="","",ROUND(SUM($R25,$AE25,$AH25),2))),"",IF($AF25="","",ROUND(SUM($R25,$AE25,$AH25),2))) | AJ25: =IF(ISERROR(IF($AF25="","",VLOOKUP(AI25,TRANSMUTATION_TABLE,4,TRUE))),"",IF($AF25="","",VLOOKUP(AI25,TRANSMUTATION_TABLE,4,TRUE)))
A26: 15 | B26: ='INPUT DATA'!B26 -> ORBITA,BRENN JOHN A. | P26: =IF(COUNT($F26:$O26)=0,"",SUM($F26:$O26)) | Q26: =IF(ISERROR(IF($P26="","",ROUND(($P26/$P$10)*$Q$10,2))),"",IF($P26="","",ROUND(($P26/$P$10)*$Q$10,2))) | R26: =IF($Q26="","",ROUND($Q26*$R$10,2)) | AC26: =IF(COUNT($S26:$AB26)=0,"",SUM($S26:$AB26)) | AD26: =IF(ISERROR(IF($AC26="","",ROUND(($AC26/$AC$10)*$AD$10,2))),"",IF($AC26="","",ROUND(($AC26/$AC$10)*$AD$10,2))) | AE26: =IF($AD26="","",ROUND($AD26*$AE$10,2)) | AG26: =IF(ISERROR(IF($AF26="","",ROUND(($AF26/$AF$10)*$AG$10,2))),"",IF($AF26="","",ROUND(($AF26/$AF$10)*$AG$10,2))) | AH26: =IF($AG26="","",ROUND($AG26*$AH$10,2)) | AI26: =IF(ISERROR(IF($AF26="","",ROUND(SUM($R26,$AE26,$AH26),2))),"",IF($AF26="","",ROUND(SUM($R26,$AE26,$AH26),2))) | AJ26: =IF(ISERROR(IF($AF26="","",VLOOKUP(AI26,TRANSMUTATION_TABLE,4,TRUE))),"",IF($AF26="","",VLOOKUP(AI26,TRANSMUTATION_TABLE,4,TRUE)))
A27: 16 | B27: ='INPUT DATA'!B27 -> PAINLO,SHERWIN V. | P27: =IF(COUNT($F27:$O27)=0,"",SUM($F27:$O27)) | Q27: =IF(ISERROR(IF($P27="","",ROUND(($P27/$P$10)*$Q$10,2))),"",IF($P27="","",ROUND(($P27/$P$10)*$Q$10,2))) | R27: =IF($Q27="","",ROUND($Q27*$R$10,2)) | AC27: =IF(COUNT($S27:$AB27)=0,"",SUM($S27:$AB27)) | AD27: =IF(ISERROR(IF($AC27="","",ROUND(($AC27/$AC$10)*$AD$10,2))),"",IF($AC27="","",ROUND(($AC27/$AC$10)*$AD$10,2))) | AE27: =IF($AD27="","",ROUND($AD27*$AE$10,2)) | AG27: =IF(ISERROR(IF($AF27="","",ROUND(($AF27/$AF$10)*$AG$10,2))),"",IF($AF27="","",ROUND(($AF27/$AF$10)*$AG$10,2))) | AH27: =IF($AG27="","",ROUND($AG27*$AH$10,2)) | AI27: =IF(ISERROR(IF($AF27="","",ROUND(SUM($R27,$AE27,$AH27),2))),"",IF($AF27="","",ROUND(SUM($R27,$AE27,$AH27),2))) | AJ27: =IF(ISERROR(IF($AF27="","",VLOOKUP(AI27,TRANSMUTATION_TABLE,4,TRUE))),"",IF($AF27="","",VLOOKUP(AI27,TRANSMUTATION_TABLE,4,TRUE)))
A28: 17 | B28: ='INPUT DATA'!B28 -> RAMIREZ, MATTEO JOHN DAVE D. | P28: =IF(COUNT($F28:$O28)=0,"",SUM($F28:$O28)) | Q28: =IF(ISERROR(IF($P28="","",ROUND(($P28/$P$10)*$Q$10,2))),"",IF($P28="","",ROUND(($P28/$P$10)*$Q$10,2))) | R28: =IF($Q28="","",ROUND($Q28*$R$10,2)) | AC28: =IF(COUNT($S28:$AB28)=0,"",SUM($S28:$AB28)) | AD28: =IF(ISERROR(IF($AC28="","",ROUND(($AC28/$AC$10)*$AD$10,2))),"",IF($AC28="","",ROUND(($AC28/$AC$10)*$AD$10,2))) | AE28: =IF($AD28="","",ROUND($AD28*$AE$10,2)) | AG28: =IF(ISERROR(IF($AF28="","",ROUND(($AF28/$AF$10)*$AG$10,2))),"",IF($AF28="","",ROUND(($AF28/$AF$10)*$AG$10,2))) | AH28: =IF($AG28="","",ROUND($AG28*$AH$10,2)) | AI28: =IF(ISERROR(IF($AF28="","",ROUND(SUM($R28,$AE28,$AH28),2))),"",IF($AF28="","",ROUND(SUM($R28,$AE28,$AH28),2))) | AJ28: =IF(ISERROR(IF($AF28="","",VLOOKUP(AI28,TRANSMUTATION_TABLE,4,TRUE))),"",IF($AF28="","",VLOOKUP(AI28,TRANSMUTATION_TABLE,4,TRUE)))
A29: 18 | B29: ='INPUT DATA'!B29 -> SIGUIRA, JASTINE B. | P29: =IF(COUNT($F29:$O29)=0,"",SUM($F29:$O29)) | Q29: =IF(ISERROR(IF($P29="","",ROUND(($P29/$P$10)*$Q$10,2))),"",IF($P29="","",ROUND(($P29/$P$10)*$Q$10,2))) | R29: =IF($Q29="","",ROUND($Q29*$R$10,2)) | AC29: =IF(COUNT($S29:$AB29)=0,"",SUM($S29:$AB29)) | AD29: =IF(ISERROR(IF($AC29="","",ROUND(($AC29/$AC$10)*$AD$10,2))),"",IF($AC29="","",ROUND(($AC29/$AC$10)*$AD$10,2))) | AE29: =IF($AD29="","",ROUND($AD29*$AE$10,2)) | AG29: =IF(ISERROR(IF($AF29="","",ROUND(($AF29/$AF$10)*$AG$10,2))),"",IF($AF29="","",ROUND(($AF29/$AF$10)*$AG$10,2))) | AH29: =IF($AG29="","",ROUND($AG29*$AH$10,2)) | AI29: =IF(ISERROR(IF($AF29="","",ROUND(SUM($R29,$AE29,$AH29),2))),"",IF($AF29="","",ROUND(SUM($R29,$AE29,$AH29),2))) | AJ29: =IF(ISERROR(IF($AF29="","",VLOOKUP(AI29,TRANSMUTATION_TABLE,4,TRUE))),"",IF($AF29="","",VLOOKUP(AI29,TRANSMUTATION_TABLE,4,TRUE)))
A30: 19 | B30: ='INPUT DATA'!B30 -> TAA, JHONVINZ Y. | P30: =IF(COUNT($F30:$O30)=0,"",SUM($F30:$O30)) | Q30: =IF(ISERROR(IF($P30="","",ROUND(($P30/$P$10)*$Q$10,2))),"",IF($P30="","",ROUND(($P30/$P$10)*$Q$10,2))) | R30: =IF($Q30="","",ROUND($Q30*$R$10,2)) | AC30: =IF(COUNT($S30:$AB30)=0,"",SUM($S30:$AB30)) | AD30: =IF(ISERROR(IF($AC30="","",ROUND(($AC30/$AC$10)*$AD$10,2))),"",IF($AC30="","",ROUND(($AC30/$AC$10)*$AD$10,2))) | AE30: =IF($AD30="","",ROUND($AD30*$AE$10,2)) | AG30: =IF(ISERROR(IF($AF30="","",ROUND(($AF30/$AF$10)*$AG$10,2))),"",IF($AF30="","",ROUND(($AF30/$AF$10)*$AG$10,2))) | AH30: =IF($AG30="","",ROUND($AG30*$AH$10,2)) | AI30: =IF(ISERROR(IF($AF30="","",ROUND(SUM($R30,$AE30,$AH30),2))),"",IF($AF30="","",ROUND(SUM($R30,$AE30,$AH30),2))) | AJ30: =IF(ISERROR(IF($AF30="","",VLOOKUP(AI30,TRANSMUTATION_TABLE,4,TRUE))),"",IF($AF30="","",VLOOKUP(AI30,TRANSMUTATION_TABLE,4,TRUE)))
A31: 20 | B31: ='INPUT DATA'!B31 -> ZOILO, JOHN LORENCE M. | P31: =IF(COUNT($F31:$O31)=0,"",SUM($F31:$O31)) | Q31: =IF(ISERROR(IF($P31="","",ROUND(($P31/$P$10)*$Q$10,2))),"",IF($P31="","",ROUND(($P31/$P$10)*$Q$10,2))) | R31: =IF($Q31="","",ROUND($Q31*$R$10,2)) | AC31: =IF(COUNT($S31:$AB31)=0,"",SUM($S31:$AB31)) | AD31: =IF(ISERROR(IF($AC31="","",ROUND(($AC31/$AC$10)*$AD$10,2))),"",IF($AC31="","",ROUND(($AC31/$AC$10)*$AD$10,2))) | AE31: =IF($AD31="","",ROUND($AD31*$AE$10,2)) | AG31: =IF(ISERROR(IF($AF31="","",ROUND(($AF31/$AF$10)*$AG$10,2))),"",IF($AF31="","",ROUND(($AF31/$AF$10)*$AG$10,2))) | AH31: =IF($AG31="","",ROUND($AG31*$AH$10,2)) | AI31: =IF(ISERROR(IF($AF31="","",ROUND(SUM($R31,$AE31,$AH31),2))),"",IF($AF31="","",ROUND(SUM($R31,$AE31,$AH31),2))) | AJ31: =IF(ISERROR(IF($AF31="","",VLOOKUP(AI31,TRANSMUTATION_TABLE,4,TRUE))),"",IF($AF31="","",VLOOKUP(AI31,TRANSMUTATION_TABLE,4,TRUE)))
A32: 21 | B32: ='INPUT DATA'!B32 -> CABO, JEREM | P32: =IF(COUNT($F32:$O32)=0,"",SUM($F32:$O32)) | Q32: =IF(ISERROR(IF($P32="","",ROUND(($P32/$P$10)*$Q$10,2))),"",IF($P32="","",ROUND(($P32/$P$10)*$Q$10,2))) | R32: =IF($Q32="","",ROUND($Q32*$R$10,2)) | AC32: =IF(COUNT($S32:$AB32)=0,"",SUM($S32:$AB32)) | AD32: =IF(ISERROR(IF($AC32="","",ROUND(($AC32/$AC$10)*$AD$10,2))),"",IF($AC32="","",ROUND(($AC32/$AC$10)*$AD$10,2))) | AE32: =IF($AD32="","",ROUND($AD32*$AE$10,2)) | AG32: =IF(ISERROR(IF($AF32="","",ROUND(($AF32/$AF$10)*$AG$10,2))),"",IF($AF32="","",ROUND(($AF32/$AF$10)*$AG$10,2))) | AH32: =IF($AG32="","",ROUND($AG32*$AH$10,2)) | AI32: =IF(ISERROR(IF($AF32="","",ROUND(SUM($R32,$AE32,$AH32),2))),"",IF($AF32="","",ROUND(SUM($R32,$AE32,$AH32),2))) | AJ32: =IF(ISERROR(IF($AF32="","",VLOOKUP(AI32,TRANSMUTATION_TABLE,4,TRUE))),"",IF($AF32="","",VLOOKUP(AI32,TRANSMUTATION_TABLE,4,TRUE)))
A33: 22 | B33: ='INPUT DATA'!B33 -> 0 | P33: =IF(COUNT($F33:$O33)=0,"",SUM($F33:$O33)) | Q33: =IF(ISERROR(IF($P33="","",ROUND(($P33/$P$10)*$Q$10,2))),"",IF($P33="","",ROUND(($P33/$P$10)*$Q$10,2))) | R33: =IF($Q33="","",ROUND($Q33*$R$10,2)) | AC33: =IF(COUNT($S33:$AB33)=0,"",SUM($S33:$AB33)) | AD33: =IF(ISERROR(IF($AC33="","",ROUND(($AC33/$AC$10)*$AD$10,2))),"",IF($AC33="","",ROUND(($AC33/$AC$10)*$AD$10,2))) | AE33: =IF($AD33="","",ROUND($AD33*$AE$10,2)) | AG33: =IF(ISERROR(IF($AF33="","",ROUND(($AF33/$AF$10)*$AG$10,2))),"",IF($AF33="","",ROUND(($AF33/$AF$10)*$AG$10,2))) | AH33: =IF($AG33="","",ROUND($AG33*$AH$10,2)) | AI33: =IF(ISERROR(IF($AF33="","",ROUND(SUM($R33,$AE33,$AH33),2))),"",IF($AF33="","",ROUND(SUM($R33,$AE33,$AH33),2))) | AJ33: =IF(ISERROR(IF($AF33="","",VLOOKUP(AI33,TRANSMUTATION_TABLE,4,TRUE))),"",IF($AF33="","",VLOOKUP(AI33,TRANSMUTATION_TABLE,4,TRUE)))
A34: 23 | B34: ='INPUT DATA'!B34 -> 0 | P34: =IF(COUNT($F34:$O34)=0,"",SUM($F34:$O34)) | Q34: =IF(ISERROR(IF($P34="","",ROUND(($P34/$P$10)*$Q$10,2))),"",IF($P34="","",ROUND(($P34/$P$10)*$Q$10,2))) | R34: =IF($Q34="","",ROUND($Q34*$R$10,2)) | AC34: =IF(COUNT($S34:$AB34)=0,"",SUM($S34:$AB34)) | AD34: =IF(ISERROR(IF($AC34="","",ROUND(($AC34/$AC$10)*$AD$10,2))),"",IF($AC34="","",ROUND(($AC34/$AC$10)*$AD$10,2))) | AE34: =IF($AD34="","",ROUND($AD34*$AE$10,2)) | AG34: =IF(ISERROR(IF($AF34="","",ROUND(($AF34/$AF$10)*$AG$10,2))),"",IF($AF34="","",ROUND(($AF34/$AF$10)*$AG$10,2))) | AH34: =IF($AG34="","",ROUND($AG34*$AH$10,2)) | AI34: =IF(ISERROR(IF($AF34="","",ROUND(SUM($R34,$AE34,$AH34),2))),"",IF($AF34="","",ROUND(SUM($R34,$AE34,$AH34),2))) | AJ34: =IF(ISERROR(IF($AF34="","",VLOOKUP(AI34,TRANSMUTATION_TABLE,4,TRUE))),"",IF($AF34="","",VLOOKUP(AI34,TRANSMUTATION_TABLE,4,TRUE)))
... A61: 50 | B61: ='INPUT DATA'!B61 -> 0 | P61: =IF(COUNT($F61:$O61)=0,"",SUM($F61:$O61)) | Q61: =IF(ISERROR(IF($P61="","",ROUND(($P61/$P$10)*$Q$10,2))),"",IF($P61="","",ROUND(($P61/$P$10)*$Q$10,2))) | R61: =IF($Q61="","",ROUND($Q61*$R$10,2)) | AC61: =IF(COUNT($S61:$AB61)=0,"",SUM($S61:$AB61)) | AD61: =IF(ISERROR(IF($AC61="","",ROUND(($AC61/$AC$10)*$AD$10,2))),"",IF($AC61="","",ROUND(($AC61/$AC$10)*$AD$10,2))) | AE61: =IF($AD61="","",ROUND($AD61*$AE$10,2)) | AG61: =IF(ISERROR(IF($AF61="","",ROUND(($AF61/$AF$10)*$AG$10,2))),"",IF($AF61="","",ROUND(($AF61/$AF$10)*$AG$10,2))) | AH61: =IF($AG61="","",ROUND($AG61*$AH$10,2)) | AI61: =IF(ISERROR(IF($AF61="","",ROUND(SUM($R61,$AE61,$AH61),2))),"",IF($AF61="","",ROUND(SUM($R61,$AE61,$AH61),2))) | AJ61: =IF(ISERROR(IF($AF61="","",VLOOKUP(AI61,TRANSMUTATION_TABLE,4,TRUE))),"",IF($AF61="","",VLOOKUP(AI61,TRANSMUTATION_TABLE,4,TRUE)))
B62: FEMALE
A63: 1 | B63: ='INPUT DATA'!B63 -> ANGCOY, PRINCESS NAILLE T. | P63: =IF(COUNT($F63:$O63)=0,"",SUM($F63:$O63)) | Q63: =IF(ISERROR(IF($P63="","",ROUND(($P63/$P$10)*$Q$10,2))),"",IF($P63="","",ROUND(($P63/$P$10)*$Q$10,2))) | R63: =IF($Q63="","",ROUND($Q63*$R$10,2)) | AC63: =IF(COUNT($S63:$AB63)=0,"",SUM($S63:$AB63)) | AD63: =IF(ISERROR(IF($AC63="","",ROUND(($AC63/$AC$10)*$AD$10,2))),"",IF($AC63="","",ROUND(($AC63/$AC$10)*$AD$10,2))) | AE63: =IF($AD63="","",ROUND($AD63*$AE$10,2)) | AG63: =IF(ISERROR(IF($AF63="","",ROUND(($AF63/$AF$10)*$AG$10,2))),"",IF($AF63="","",ROUND(($AF63/$AF$10)*$AG$10,2))) | AH63: =IF($AG63="","",ROUND($AG63*$AH$10,2)) | AI63: =IF(ISERROR(IF($AF63="","",ROUND(SUM($R63,$AE63,$AH63),2))),"",IF($AF63="","",ROUND(SUM($R63,$AE63,$AH63),2))) | AJ63: =IF(ISERROR(IF($AF63="","",VLOOKUP(AI63,TRANSMUTATION_TABLE,4,TRUE))),"",IF($AF63="","",VLOOKUP(AI63,TRANSMUTATION_TABLE,4,TRUE)))
A64: 2 | B64: ='INPUT DATA'!B64 -> BIMOS, SHEILLA KATE | P64: =IF(COUNT($F64:$O64)=0,"",SUM($F64:$O64)) | Q64: =IF(ISERROR(IF($P64="","",ROUND(($P64/$P$10)*$Q$10,2))),"",IF($P64="","",ROUND(($P64/$P$10)*$Q$10,2))) | R64: =IF($Q64="","",ROUND($Q64*$R$10,2)) | AC64: =IF(COUNT($S64:$AB64)=0,"",SUM($S64:$AB64)) | AD64: =IF(ISERROR(IF($AC64="","",ROUND(($AC64/$AC$10)*$AD$10,2))),"",IF($AC64="","",ROUND(($AC64/$AC$10)*$AD$10,2))) | AE64: =IF($AD64="","",ROUND($AD64*$AE$10,2)) | AG64: =IF(ISERROR(IF($AF64="","",ROUND(($AF64/$AF$10)*$AG$10,2))),"",IF($AF64="","",ROUND(($AF64/$AF$10)*$AG$10,2))) | AH64: =IF($AG64="","",ROUND($AG64*$AH$10,2)) | AI64: =IF(ISERROR(IF($AF64="","",ROUND(SUM($R64,$AE64,$AH64),2))),"",IF($AF64="","",ROUND(SUM($R64,$AE64,$AH64),2))) | AJ64: =IF(ISERROR(IF($AF64="","",VLOOKUP(AI64,TRANSMUTATION_TABLE,4,TRUE))),"",IF($AF64="","",VLOOKUP(AI64,TRANSMUTATION_TABLE,4,TRUE)))
A65: 3 | B65: ='INPUT DATA'!B65 -> BONGABONG, DWEYN ZAIRA A. | P65: =IF(COUNT($F65:$O65)=0,"",SUM($F65:$O65)) | Q65: =IF(ISERROR(IF($P65="","",ROUND(($P65/$P$10)*$Q$10,2))),"",IF($P65="","",ROUND(($P65/$P$10)*$Q$10,2))) | R65: =IF($Q65="","",ROUND($Q65*$R$10,2)) | AC65: =IF(COUNT($S65:$AB65)=0,"",SUM($S65:$AB65)) | AD65: =IF(ISERROR(IF($AC65="","",ROUND(($AC65/$AC$10)*$AD$10,2))),"",IF($AC65="","",ROUND(($AC65/$AC$10)*$AD$10,2))) | AE65: =IF($AD65="","",ROUND($AD65*$AE$10,2)) | AG65: =IF(ISERROR(IF($AF65="","",ROUND(($AF65/$AF$10)*$AG$10,2))),"",IF($AF65="","",ROUND(($AF65/$AF$10)*$AG$10,2))) | AH65: =IF($AG65="","",ROUND($AG65*$AH$10,2)) | AI65: =IF(ISERROR(IF($AF65="","",ROUND(SUM($R65,$AE65,$AH65),2))),"",IF($AF65="","",ROUND(SUM($R65,$AE65,$AH65),2))) | AJ65: =IF(ISERROR(IF($AF65="","",VLOOKUP(AI65,TRANSMUTATION_TABLE,4,TRUE))),"",IF($AF65="","",VLOOKUP(AI65,TRANSMUTATION_TABLE,4,TRUE)))
A66: 4 | B66: ='INPUT DATA'!B66 -> CABEL, LOURENE A. | P66: =IF(COUNT($F66:$O66)=0,"",SUM($F66:$O66)) | Q66: =IF(ISERROR(IF($P66="","",ROUND(($P66/$P$10)*$Q$10,2))),"",IF($P66="","",ROUND(($P66/$P$10)*$Q$10,2))) | R66: =IF($Q66="","",ROUND($Q66*$R$10,2)) | AC66: =IF(COUNT($S66:$AB66)=0,"",SUM($S66:$AB66)) | AD66: =IF(ISERROR(IF($AC66="","",ROUND(($AC66/$AC$10)*$AD$10,2))),"",IF($AC66="","",ROUND(($AC66/$AC$10)*$AD$10,2))) | AE66: =IF($AD66="","",ROUND($AD66*$AE$10,2)) | AG66: =IF(ISERROR(IF($AF66="","",ROUND(($AF66/$AF$10)*$AG$10,2))),"",IF($AF66="","",ROUND(($AF66/$AF$10)*$AG$10,2))) | AH66: =IF($AG66="","",ROUND($AG66*$AH$10,2)) | AI66: =IF(ISERROR(IF($AF66="","",ROUND(SUM($R66,$AE66,$AH66),2))),"",IF($AF66="","",ROUND(SUM($R66,$AE66,$AH66),2))) | AJ66: =IF(ISERROR(IF($AF66="","",VLOOKUP(AI66,TRANSMUTATION_TABLE,4,TRUE))),"",IF($AF66="","",VLOOKUP(AI66,TRANSMUTATION_TABLE,4,TRUE)))
A67: 5 | B67: ='INPUT DATA'!B67 -> CAMIGAO, DHENISE CLARE V. | P67: =IF(COUNT($F67:$O67)=0,"",SUM($F67:$O67)) | Q67: =IF(ISERROR(IF($P67="","",ROUND(($P67/$P$10)*$Q$10,2))),"",IF($P67="","",ROUND(($P67/$P$10)*$Q$10,2))) | R67: =IF($Q67="","",ROUND($Q67*$R$10,2)) | AC67: =IF(COUNT($S67:$AB67)=0,"",SUM($S67:$AB67)) | AD67: =IF(ISERROR(IF($AC67="","",ROUND(($AC67/$AC$10)*$AD$10,2))),"",IF($AC67="","",ROUND(($AC67/$AC$10)*$AD$10,2))) | AE67: =IF($AD67="","",ROUND($AD67*$AE$10,2)) | AG67: =IF(ISERROR(IF($AF67="","",ROUND(($AF67/$AF$10)*$AG$10,2))),"",IF($AF67="","",ROUND(($AF67/$AF$10)*$AG$10,2))) | AH67: =IF($AG67="","",ROUND($AG67*$AH$10,2)) | AI67: =IF(ISERROR(IF($AF67="","",ROUND(SUM($R67,$AE67,$AH67),2))),"",IF($AF67="","",ROUND(SUM($R67,$AE67,$AH67),2))) | AJ67: =IF(ISERROR(IF($AF67="","",VLOOKUP(AI67,TRANSMUTATION_TABLE,4,TRUE))),"",IF($AF67="","",VLOOKUP(AI67,TRANSMUTATION_TABLE,4,TRUE)))
A68: 6 | B68: ='INPUT DATA'!B68 -> CARISMA, NATHALIA MAE M. | P68: =IF(COUNT($F68:$O68)=0,"",SUM($F68:$O68)) | Q68: =IF(ISERROR(IF($P68="","",ROUND(($P68/$P$10)*$Q$10,2))),"",IF($P68="","",ROUND(($P68/$P$10)*$Q$10,2))) | R68: =IF($Q68="","",ROUND($Q68*$R$10,2)) | AC68: =IF(COUNT($S68:$AB68)=0,"",SUM($S68:$AB68)) | AD68: =IF(ISERROR(IF($AC68="","",ROUND(($AC68/$AC$10)*$AD$10,2))),"",IF($AC68="","",ROUND(($AC68/$AC$10)*$AD$10,2))) | AE68: =IF($AD68="","",ROUND($AD68*$AE$10,2)) | AG68: =IF(ISERROR(IF($AF68="","",ROUND(($AF68/$AF$10)*$AG$10,2))),"",IF($AF68="","",ROUND(($AF68/$AF$10)*$AG$10,2))) | AH68: =IF($AG68="","",ROUND($AG68*$AH$10,2)) | AI68: =IF(ISERROR(IF($AF68="","",ROUND(SUM($R68,$AE68,$AH68),2))),"",IF($AF68="","",ROUND(SUM($R68,$AE68,$AH68),2))) | AJ68: =IF(ISERROR(IF($AF68="","",VLOOKUP(AI68,TRANSMUTATION_TABLE,4,TRUE))),"",IF($AF68="","",VLOOKUP(AI68,TRANSMUTATION_TABLE,4,TRUE)))
A69: 7 | B69: ='INPUT DATA'!B69 -> CLARO, REANZ P. | P69: =IF(COUNT($F69:$O69)=0,"",SUM($F69:$O69)) | Q69: =IF(ISERROR(IF($P69="","",ROUND(($P69/$P$10)*$Q$10,2))),"",IF($P69="","",ROUND(($P69/$P$10)*$Q$10,2))) | R69: =IF($Q69="","",ROUND($Q69*$R$10,2)) | AC69: =IF(COUNT($S69:$AB69)=0,"",SUM($S69:$AB69)) | AD69: =IF(ISERROR(IF($AC69="","",ROUND(($AC69/$AC$10)*$AD$10,2))),"",IF($AC69="","",ROUND(($AC69/$AC$10)*$AD$10,2))) | AE69: =IF($AD69="","",ROUND($AD69*$AE$10,2)) | AG69: =IF(ISERROR(IF($AF69="","",ROUND(($AF69/$AF$10)*$AG$10,2))),"",IF($AF69="","",ROUND(($AF69/$AF$10)*$AG$10,2))) | AH69: =IF($AG69="","",ROUND($AG69*$AH$10,2)) | AI69: =IF(ISERROR(IF($AF69="","",ROUND(SUM($R69,$AE69,$AH69),2))),"",IF($AF69="","",ROUND(SUM($R69,$AE69,$AH69),2))) | AJ69: =IF(ISERROR(IF($AF69="","",VLOOKUP(AI69,TRANSMUTATION_TABLE,4,TRUE))),"",IF($AF69="","",VLOOKUP(AI69,TRANSMUTATION_TABLE,4,TRUE)))
A70: 8 | B70: ='INPUT DATA'!B70 -> FRANCISCO, YSABELLA BEATRICE B. | P70: =IF(COUNT($F70:$O70)=0,"",SUM($F70:$O70)) | Q70: =IF(ISERROR(IF($P70="","",ROUND(($P70/$P$10)*$Q$10,2))),"",IF($P70="","",ROUND(($P70/$P$10)*$Q$10,2))) | R70: =IF($Q70="","",ROUND($Q70*$R$10,2)) | AC70: =IF(COUNT($S70:$AB70)=0,"",SUM($S70:$AB70)) | AD70: =IF(ISERROR(IF($AC70="","",ROUND(($AC70/$AC$10)*$AD$10,2))),"",IF($AC70="","",ROUND(($AC70/$AC$10)*$AD$10,2))) | AE70: =IF($AD70="","",ROUND($AD70*$AE$10,2)) | AG70: =IF(ISERROR(IF($AF70="","",ROUND(($AF70/$AF$10)*$AG$10,2))),"",IF($AF70="","",ROUND(($AF70/$AF$10)*$AG$10,2))) | AH70: =IF($AG70="","",ROUND($AG70*$AH$10,2)) | AI70: =IF(ISERROR(IF($AF70="","",ROUND(SUM($R70,$AE70,$AH70),2))),"",IF($AF70="","",ROUND(SUM($R70,$AE70,$AH70),2))) | AJ70: =IF(ISERROR(IF($AF70="","",VLOOKUP(AI70,TRANSMUTATION_TABLE,4,TRUE))),"",IF($AF70="","",VLOOKUP(AI70,TRANSMUTATION_TABLE,4,TRUE)))
A71: 9 | B71: ='INPUT DATA'!B71 -> GALDO, ALYSSA RHIAN P. | P71: =IF(COUNT($F71:$O71)=0,"",SUM($F71:$O71)) | Q71: =IF(ISERROR(IF($P71="","",ROUND(($P71/$P$10)*$Q$10,2))),"",IF($P71="","",ROUND(($P71/$P$10)*$Q$10,2))) | R71: =IF($Q71="","",ROUND($Q71*$R$10,2)) | AC71: =IF(COUNT($S71:$AB71)=0,"",SUM($S71:$AB71)) | AD71: =IF(ISERROR(IF($AC71="","",ROUND(($AC71/$AC$10)*$AD$10,2))),"",IF($AC71="","",ROUND(($AC71/$AC$10)*$AD$10,2))) | AE71: =IF($AD71="","",ROUND($AD71*$AE$10,2)) | AG71: =IF(ISERROR(IF($AF71="","",ROUND(($AF71/$AF$10)*$AG$10,2))),"",IF($AF71="","",ROUND(($AF71/$AF$10)*$AG$10,2))) | AH71: =IF($AG71="","",ROUND($AG71*$AH$10,2)) | AI71: =IF(ISERROR(IF($AF71="","",ROUND(SUM($R71,$AE71,$AH71),2))),"",IF($AF71="","",ROUND(SUM($R71,$AE71,$AH71),2))) | AJ71: =IF(ISERROR(IF($AF71="","",VLOOKUP(AI71,TRANSMUTATION_TABLE,4,TRUE))),"",IF($AF71="","",VLOOKUP(AI71,TRANSMUTATION_TABLE,4,TRUE)))
A72: 10 | B72: ='INPUT DATA'!B72 -> HURAÑO, RIOMI M. | P72: =IF(COUNT($F72:$O72)=0,"",SUM($F72:$O72)) | Q72: =IF(ISERROR(IF($P72="","",ROUND(($P72/$P$10)*$Q$10,2))),"",IF($P72="","",ROUND(($P72/$P$10)*$Q$10,2))) | R72: =IF($Q72="","",ROUND($Q72*$R$10,2)) | AC72: =IF(COUNT($S72:$AB72)=0,"",SUM($S72:$AB72)) | AD72: =IF(ISERROR(IF($AC72="","",ROUND(($AC72/$AC$10)*$AD$10,2))),"",IF($AC72="","",ROUND(($AC72/$AC$10)*$AD$10,2))) | AE72: =IF($AD72="","",ROUND($AD72*$AE$10,2)) | AG72: =IF(ISERROR(IF($AF72="","",ROUND(($AF72/$AF$10)*$AG$10,2))),"",IF($AF72="","",ROUND(($AF72/$AF$10)*$AG$10,2))) | AH72: =IF($AG72="","",ROUND($AG72*$AH$10,2)) | AI72: =IF(ISERROR(IF($AF72="","",ROUND(SUM($R72,$AE72,$AH72),2))),"",IF($AF72="","",ROUND(SUM($R72,$AE72,$AH72),2))) | AJ72: =IF(ISERROR(IF($AF72="","",VLOOKUP(AI72,TRANSMUTATION_TABLE,4,TRUE))),"",IF($AF72="","",VLOOKUP(AI72,TRANSMUTATION_TABLE,4,TRUE)))
A73: 11 | B73: ='INPUT DATA'!B73 -> LAGUNA, WELLAIZA O. | P73: =IF(COUNT($F73:$O73)=0,"",SUM($F73:$O73)) | Q73: =IF(ISERROR(IF($P73="","",ROUND(($P73/$P$10)*$Q$10,2))),"",IF($P73="","",ROUND(($P73/$P$10)*$Q$10,2))) | R73: =IF($Q73="","",ROUND($Q73*$R$10,2)) | AC73: =IF(COUNT($S73:$AB73)=0,"",SUM($S73:$AB73)) | AD73: =IF(ISERROR(IF($AC73="","",ROUND(($AC73/$AC$10)*$AD$10,2))),"",IF($AC73="","",ROUND(($AC73/$AC$10)*$AD$10,2))) | AE73: =IF($AD73="","",ROUND($AD73*$AE$10,2)) | AG73: =IF(ISERROR(IF($AF73="","",ROUND(($AF73/$AF$10)*$AG$10,2))),"",IF($AF73="","",ROUND(($AF73/$AF$10)*$AG$10,2))) | AH73: =IF($AG73="","",ROUND($AG73*$AH$10,2)) | AI73: =IF(ISERROR(IF($AF73="","",ROUND(SUM($R73,$AE73,$AH73),2))),"",IF($AF73="","",ROUND(SUM($R73,$AE73,$AH73),2))) | AJ73: =IF(ISERROR(IF($AF73="","",VLOOKUP(AI73,TRANSMUTATION_TABLE,4,TRUE))),"",IF($AF73="","",VLOOKUP(AI73,TRANSMUTATION_TABLE,4,TRUE)))
A74: 12 | B74: ='INPUT DATA'!B74 -> LAZAGA, PRINCESS JEAN O. | P74: =IF(COUNT($F74:$O74)=0,"",SUM($F74:$O74)) | Q74: =IF(ISERROR(IF($P74="","",ROUND(($P74/$P$10)*$Q$10,2))),"",IF($P74="","",ROUND(($P74/$P$10)*$Q$10,2))) | R74: =IF($Q74="","",ROUND($Q74*$R$10,2)) | AC74: =IF(COUNT($S74:$AB74)=0,"",SUM($S74:$AB74)) | AD74: =IF(ISERROR(IF($AC74="","",ROUND(($AC74/$AC$10)*$AD$10,2))),"",IF($AC74="","",ROUND(($AC74/$AC$10)*$AD$10,2))) | AE74: =IF($AD74="","",ROUND($AD74*$AE$10,2)) | AG74: =IF(ISERROR(IF($AF74="","",ROUND(($AF74/$AF$10)*$AG$10,2))),"",IF($AF74="","",ROUND(($AF74/$AF$10)*$AG$10,2))) | AH74: =IF($AG74="","",ROUND($AG74*$AH$10,2)) | AI74: =IF(ISERROR(IF($AF74="","",ROUND(SUM($R74,$AE74,$AH74),2))),"",IF($AF74="","",ROUND(SUM($R74,$AE74,$AH74),2))) | AJ74: =IF(ISERROR(IF($AF74="","",VLOOKUP(AI74,TRANSMUTATION_TABLE,4,TRUE))),"",IF($AF74="","",VLOOKUP(AI74,TRANSMUTATION_TABLE,4,TRUE)))
... A86: 24 | B86: ='INPUT DATA'!B86 -> 0 | P86: =IF(COUNT($F86:$O86)=0,"",SUM($F86:$O86)) | Q86: =IF(ISERROR(IF($P86="","",ROUND(($P86/$P$10)*$Q$10,2))),"",IF($P86="","",ROUND(($P86/$P$10)*$Q$10,2))) | R86: =IF($Q86="","",ROUND($Q86*$R$10,2)) | AC86: =IF(COUNT($S86:$AB86)=0,"",SUM($S86:$AB86)) | AD86: =IF(ISERROR(IF($AC86="","",ROUND(($AC86/$AC$10)*$AD$10,2))),"",IF($AC86="","",ROUND(($AC86/$AC$10)*$AD$10,2))) | AE86: =IF($AD86="","",ROUND($AD86*$AE$10,2)) | AG86: =IF(ISERROR(IF($AF86="","",ROUND(($AF86/$AF$10)*$AG$10,2))),"",IF($AF86="","",ROUND(($AF86/$AF$10)*$AG$10,2))) | AH86: =IF($AG86="","",ROUND($AG86*$AH$10,2)) | AI86: =IF(ISERROR(IF($AF86="","",ROUND(SUM($R86,$AE86,$AH86),2))),"",IF($AF86="","",ROUND(SUM($R86,$AE86,$AH86),2))) | AJ86: =IF(ISERROR(IF($AF86="","",VLOOKUP(AI86,TRANSMUTATION_TABLE,4,TRUE))),"",IF($AF86="","",VLOOKUP(AI86,TRANSMUTATION_TABLE,4,TRUE)))
A87: 25 | B87: ='INPUT DATA'!B101 -> 0 | P87: =IF(COUNT($F87:$O87)=0,"",SUM($F87:$O87)) | Q87: =IF(ISERROR(IF($P87="","",ROUND(($P87/$P$10)*$Q$10,2))),"",IF($P87="","",ROUND(($P87/$P$10)*$Q$10,2))) | R87: =IF($Q87="","",ROUND($Q87*$R$10,2)) | AC87: =IF(COUNT($S87:$AB87)=0,"",SUM($S87:$AB87)) | AD87: =IF(ISERROR(IF($AC87="","",ROUND(($AC87/$AC$10)*$AD$10,2))),"",IF($AC87="","",ROUND(($AC87/$AC$10)*$AD$10,2))) | AE87: =IF($AD87="","",ROUND($AD87*$AE$10,2)) | AG87: =IF(ISERROR(IF($AF87="","",ROUND(($AF87/$AF$10)*$AG$10,2))),"",IF($AF87="","",ROUND(($AF87/$AF$10)*$AG$10,2))) | AH87: =IF($AG87="","",ROUND($AG87*$AH$10,2)) | AI87: =IF(ISERROR(IF($AF87="","",ROUND(SUM($R87,$AE87,$AH87),2))),"",IF($AF87="","",ROUND(SUM($R87,$AE87,$AH87),2))) | AJ87: =IF(ISERROR(IF($AF87="","",VLOOKUP(AI87,TRANSMUTATION_TABLE,4,TRUE))),"",IF($AF87="","",VLOOKUP(AI87,TRANSMUTATION_TABLE,4,TRUE)))
A88: 26 | B88: ='INPUT DATA'!B102 -> 0 | P88: =IF(COUNT($F88:$O88)=0,"",SUM($F88:$O88)) | Q88: =IF(ISERROR(IF($P88="","",ROUND(($P88/$P$10)*$Q$10,2))),"",IF($P88="","",ROUND(($P88/$P$10)*$Q$10,2))) | R88: =IF($Q88="","",ROUND($Q88*$R$10,2)) | AC88: =IF(COUNT($S88:$AB88)=0,"",SUM($S88:$AB88)) | AD88: =IF(ISERROR(IF($AC88="","",ROUND(($AC88/$AC$10)*$AD$10,2))),"",IF($AC88="","",ROUND(($AC88/$AC$10)*$AD$10,2))) | AE88: =IF($AD88="","",ROUND($AD88*$AE$10,2)) | AG88: =IF(ISERROR(IF($AF88="","",ROUND(($AF88/$AF$10)*$AG$10,2))),"",IF($AF88="","",ROUND(($AF88/$AF$10)*$AG$10,2))) | AH88: =IF($AG88="","",ROUND($AG88*$AH$10,2)) | AI88: =IF(ISERROR(IF($AF88="","",ROUND(SUM($R88,$AE88,$AH88),2))),"",IF($AF88="","",ROUND(SUM($R88,$AE88,$AH88),2))) | AJ88: =IF(ISERROR(IF($AF88="","",VLOOKUP(AI88,TRANSMUTATION_TABLE,4,TRUE))),"",IF($AF88="","",VLOOKUP(AI88,TRANSMUTATION_TABLE,4,TRUE)))
A89: 27 | B89: ='INPUT DATA'!B103 -> 0 | P89: =IF(COUNT($F89:$O89)=0,"",SUM($F89:$O89)) | Q89: =IF(ISERROR(IF($P89="","",ROUND(($P89/$P$10)*$Q$10,2))),"",IF($P89="","",ROUND(($P89/$P$10)*$Q$10,2))) | R89: =IF($Q89="","",ROUND($Q89*$R$10,2)) | AC89: =IF(COUNT($S89:$AB89)=0,"",SUM($S89:$AB89)) | AD89: =IF(ISERROR(IF($AC89="","",ROUND(($AC89/$AC$10)*$AD$10,2))),"",IF($AC89="","",ROUND(($AC89/$AC$10)*$AD$10,2))) | AE89: =IF($AD89="","",ROUND($AD89*$AE$10,2)) | AG89: =IF(ISERROR(IF($AF89="","",ROUND(($AF89/$AF$10)*$AG$10,2))),"",IF($AF89="","",ROUND(($AF89/$AF$10)*$AG$10,2))) | AH89: =IF($AG89="","",ROUND($AG89*$AH$10,2)) | AI89: =IF(ISERROR(IF($AF89="","",ROUND(SUM($R89,$AE89,$AH89),2))),"",IF($AF89="","",ROUND(SUM($R89,$AE89,$AH89),2))) | AJ89: =IF(ISERROR(IF($AF89="","",VLOOKUP(AI89,TRANSMUTATION_TABLE,4,TRUE))),"",IF($AF89="","",VLOOKUP(AI89,TRANSMUTATION_TABLE,4,TRUE)))
A90: 28 | B90: ='INPUT DATA'!B104 -> 0 | P90: =IF(COUNT($F90:$O90)=0,"",SUM($F90:$O90)) | Q90: =IF(ISERROR(IF($P90="","",ROUND(($P90/$P$10)*$Q$10,2))),"",IF($P90="","",ROUND(($P90/$P$10)*$Q$10,2))) | R90: =IF($Q90="","",ROUND($Q90*$R$10,2)) | AC90: =IF(COUNT($S90:$AB90)=0,"",SUM($S90:$AB90)) | AD90: =IF(ISERROR(IF($AC90="","",ROUND(($AC90/$AC$10)*$AD$10,2))),"",IF($AC90="","",ROUND(($AC90/$AC$10)*$AD$10,2))) | AE90: =IF($AD90="","",ROUND($AD90*$AE$10,2)) | AG90: =IF(ISERROR(IF($AF90="","",ROUND(($AF90/$AF$10)*$AG$10,2))),"",IF($AF90="","",ROUND(($AF90/$AF$10)*$AG$10,2))) | AH90: =IF($AG90="","",ROUND($AG90*$AH$10,2)) | AI90: =IF(ISERROR(IF($AF90="","",ROUND(SUM($R90,$AE90,$AH90),2))),"",IF($AF90="","",ROUND(SUM($R90,$AE90,$AH90),2))) | AJ90: =IF(ISERROR(IF($AF90="","",VLOOKUP(AI90,TRANSMUTATION_TABLE,4,TRUE))),"",IF($AF90="","",VLOOKUP(AI90,TRANSMUTATION_TABLE,4,TRUE)))
A91: 29 | B91: ='INPUT DATA'!B131 -> 0 | P91: =IF(COUNT($F91:$O91)=0,"",SUM($F91:$O91)) | Q91: =IF(ISERROR(IF($P91="","",ROUND(($P91/$P$10)*$Q$10,2))),"",IF($P91="","",ROUND(($P91/$P$10)*$Q$10,2))) | R91: =IF($Q91="","",ROUND($Q91*$R$10,2)) | AC91: =IF(COUNT($S91:$AB91)=0,"",SUM($S91:$AB91)) | AD91: =IF(ISERROR(IF($AC91="","",ROUND(($AC91/$AC$10)*$AD$10,2))),"",IF($AC91="","",ROUND(($AC91/$AC$10)*$AD$10,2))) | AE91: =IF($AD91="","",ROUND($AD91*$AE$10,2)) | AG91: =IF(ISERROR(IF($AF91="","",ROUND(($AF91/$AF$10)*$AG$10,2))),"",IF($AF91="","",ROUND(($AF91/$AF$10)*$AG$10,2))) | AH91: =IF($AG91="","",ROUND($AG91*$AH$10,2)) | AI91: =IF(ISERROR(IF($AF91="","",ROUND(SUM($R91,$AE91,$AH91),2))),"",IF($AF91="","",ROUND(SUM($R91,$AE91,$AH91),2))) | AJ91: =IF(ISERROR(IF($AF91="","",VLOOKUP(AI91,TRANSMUTATION_TABLE,4,TRUE))),"",IF($AF91="","",VLOOKUP(AI91,TRANSMUTATION_TABLE,4,TRUE)))
A92: 30 | B92: ='INPUT DATA'!B132 -> 0 | P92: =IF(COUNT($F92:$O92)=0,"",SUM($F92:$O92)) | Q92: =IF(ISERROR(IF($P92="","",ROUND(($P92/$P$10)*$Q$10,2))),"",IF($P92="","",ROUND(($P92/$P$10)*$Q$10,2))) | R92: =IF($Q92="","",ROUND($Q92*$R$10,2)) | AC92: =IF(COUNT($S92:$AB92)=0,"",SUM($S92:$AB92)) | AD92: =IF(ISERROR(IF($AC92="","",ROUND(($AC92/$AC$10)*$AD$10,2))),"",IF($AC92="","",ROUND(($AC92/$AC$10)*$AD$10,2))) | AE92: =IF($AD92="","",ROUND($AD92*$AE$10,2)) | AG92: =IF(ISERROR(IF($AF92="","",ROUND(($AF92/$AF$10)*$AG$10,2))),"",IF($AF92="","",ROUND(($AF92/$AF$10)*$AG$10,2))) | AH92: =IF($AG92="","",ROUND($AG92*$AH$10,2)) | AI92: =IF(ISERROR(IF($AF92="","",ROUND(SUM($R92,$AE92,$AH92),2))),"",IF($AF92="","",ROUND(SUM($R92,$AE92,$AH92),2))) | AJ92: =IF(ISERROR(IF($AF92="","",VLOOKUP(AI92,TRANSMUTATION_TABLE,4,TRUE))),"",IF($AF92="","",VLOOKUP(AI92,TRANSMUTATION_TABLE,4,TRUE)))
A93: 31 | B93: ='INPUT DATA'!B133 -> 0 | P93: =IF(COUNT($F93:$O93)=0,"",SUM($F93:$O93)) | Q93: =IF(ISERROR(IF($P93="","",ROUND(($P93/$P$10)*$Q$10,2))),"",IF($P93="","",ROUND(($P93/$P$10)*$Q$10,2))) | R93: =IF($Q93="","",ROUND($Q93*$R$10,2)) | AC93: =IF(COUNT($S93:$AB93)=0,"",SUM($S93:$AB93)) | AD93: =IF(ISERROR(IF($AC93="","",ROUND(($AC93/$AC$10)*$AD$10,2))),"",IF($AC93="","",ROUND(($AC93/$AC$10)*$AD$10,2))) | AE93: =IF($AD93="","",ROUND($AD93*$AE$10,2)) | AG93: =IF(ISERROR(IF($AF93="","",ROUND(($AF93/$AF$10)*$AG$10,2))),"",IF($AF93="","",ROUND(($AF93/$AF$10)*$AG$10,2))) | AH93: =IF($AG93="","",ROUND($AG93*$AH$10,2)) | AI93: =IF(ISERROR(IF($AF93="","",ROUND(SUM($R93,$AE93,$AH93),2))),"",IF($AF93="","",ROUND(SUM($R93,$AE93,$AH93),2))) | AJ93: =IF(ISERROR(IF($AF93="","",VLOOKUP(AI93,TRANSMUTATION_TABLE,4,TRUE))),"",IF($AF93="","",VLOOKUP(AI93,TRANSMUTATION_TABLE,4,TRUE)))
A94: 32 | B94: ='INPUT DATA'!B134 -> 0 | P94: =IF(COUNT($F94:$O94)=0,"",SUM($F94:$O94)) | Q94: =IF(ISERROR(IF($P94="","",ROUND(($P94/$P$10)*$Q$10,2))),"",IF($P94="","",ROUND(($P94/$P$10)*$Q$10,2))) | R94: =IF($Q94="","",ROUND($Q94*$R$10,2)) | AC94: =IF(COUNT($S94:$AB94)=0,"",SUM($S94:$AB94)) | AD94: =IF(ISERROR(IF($AC94="","",ROUND(($AC94/$AC$10)*$AD$10,2))),"",IF($AC94="","",ROUND(($AC94/$AC$10)*$AD$10,2))) | AE94: =IF($AD94="","",ROUND($AD94*$AE$10,2)) | AG94: =IF(ISERROR(IF($AF94="","",ROUND(($AF94/$AF$10)*$AG$10,2))),"",IF($AF94="","",ROUND(($AF94/$AF$10)*$AG$10,2))) | AH94: =IF($AG94="","",ROUND($AG94*$AH$10,2)) | AI94: =IF(ISERROR(IF($AF94="","",ROUND(SUM($R94,$AE94,$AH94),2))),"",IF($AF94="","",ROUND(SUM($R94,$AE94,$AH94),2))) | AJ94: =IF(ISERROR(IF($AF94="","",VLOOKUP(AI94,TRANSMUTATION_TABLE,4,TRUE))),"",IF($AF94="","",VLOOKUP(AI94,TRANSMUTATION_TABLE,4,TRUE)))
A95: 33 | B95: ='INPUT DATA'!B135 -> 0 | P95: =IF(COUNT($F95:$O95)=0,"",SUM($F95:$O95)) | Q95: =IF(ISERROR(IF($P95="","",ROUND(($P95/$P$10)*$Q$10,2))),"",IF($P95="","",ROUND(($P95/$P$10)*$Q$10,2))) | R95: =IF($Q95="","",ROUND($Q95*$R$10,2)) | AC95: =IF(COUNT($S95:$AB95)=0,"",SUM($S95:$AB95)) | AD95: =IF(ISERROR(IF($AC95="","",ROUND(($AC95/$AC$10)*$AD$10,2))),"",IF($AC95="","",ROUND(($AC95/$AC$10)*$AD$10,2))) | AE95: =IF($AD95="","",ROUND($AD95*$AE$10,2)) | AG95: =IF(ISERROR(IF($AF95="","",ROUND(($AF95/$AF$10)*$AG$10,2))),"",IF($AF95="","",ROUND(($AF95/$AF$10)*$AG$10,2))) | AH95: =IF($AG95="","",ROUND($AG95*$AH$10,2)) | AI95: =IF(ISERROR(IF($AF95="","",ROUND(SUM($R95,$AE95,$AH95),2))),"",IF($AF95="","",ROUND(SUM($R95,$AE95,$AH95),2))) | AJ95: =IF(ISERROR(IF($AF95="","",VLOOKUP(AI95,TRANSMUTATION_TABLE,4,TRUE))),"",IF($AF95="","",VLOOKUP(AI95,TRANSMUTATION_TABLE,4,TRUE)))
A96: 34 | B96: ='INPUT DATA'!B136 -> 0 | P96: =IF(COUNT($F96:$O96)=0,"",SUM($F96:$O96)) | Q96: =IF(ISERROR(IF($P96="","",ROUND(($P96/$P$10)*$Q$10,2))),"",IF($P96="","",ROUND(($P96/$P$10)*$Q$10,2))) | R96: =IF($Q96="","",ROUND($Q96*$R$10,2)) | AC96: =IF(COUNT($S96:$AB96)=0,"",SUM($S96:$AB96)) | AD96: =IF(ISERROR(IF($AC96="","",ROUND(($AC96/$AC$10)*$AD$10,2))),"",IF($AC96="","",ROUND(($AC96/$AC$10)*$AD$10,2))) | AE96: =IF($AD96="","",ROUND($AD96*$AE$10,2)) | AG96: =IF(ISERROR(IF($AF96="","",ROUND(($AF96/$AF$10)*$AG$10,2))),"",IF($AF96="","",ROUND(($AF96/$AF$10)*$AG$10,2))) | AH96: =IF($AG96="","",ROUND($AG96*$AH$10,2)) | AI96: =IF(ISERROR(IF($AF96="","",ROUND(SUM($R96,$AE96,$AH96),2))),"",IF($AF96="","",ROUND(SUM($R96,$AE96,$AH96),2))) | AJ96: =IF(ISERROR(IF($AF96="","",VLOOKUP(AI96,TRANSMUTATION_TABLE,4,TRUE))),"",IF($AF96="","",VLOOKUP(AI96,TRANSMUTATION_TABLE,4,TRUE)))
A97: 35 | B97: ='INPUT DATA'!B137 -> 0 | P97: =IF(COUNT($F97:$O97)=0,"",SUM($F97:$O97)) | Q97: =IF(ISERROR(IF($P97="","",ROUND(($P97/$P$10)*$Q$10,2))),"",IF($P97="","",ROUND(($P97/$P$10)*$Q$10,2))) | R97: =IF($Q97="","",ROUND($Q97*$R$10,2)) | AC97: =IF(COUNT($S97:$AB97)=0,"",SUM($S97:$AB97)) | AD97: =IF(ISERROR(IF($AC97="","",ROUND(($AC97/$AC$10)*$AD$10,2))),"",IF($AC97="","",ROUND(($AC97/$AC$10)*$AD$10,2))) | AE97: =IF($AD97="","",ROUND($AD97*$AE$10,2)) | AG97: =IF(ISERROR(IF($AF97="","",ROUND(($AF97/$AF$10)*$AG$10,2))),"",IF($AF97="","",ROUND(($AF97/$AF$10)*$AG$10,2))) | AH97: =IF($AG97="","",ROUND($AG97*$AH$10,2)) | AI97: =IF(ISERROR(IF($AF97="","",ROUND(SUM($R97,$AE97,$AH97),2))),"",IF($AF97="","",ROUND(SUM($R97,$AE97,$AH97),2))) | AJ97: =IF(ISERROR(IF($AF97="","",VLOOKUP(AI97,TRANSMUTATION_TABLE,4,TRUE))),"",IF($AF97="","",VLOOKUP(AI97,TRANSMUTATION_TABLE,4,TRUE)))
A98: 36 | B98: ='INPUT DATA'!B138 -> 0 | P98: =IF(COUNT($F98:$O98)=0,"",SUM($F98:$O98)) | Q98: =IF(ISERROR(IF($P98="","",ROUND(($P98/$P$10)*$Q$10,2))),"",IF($P98="","",ROUND(($P98/$P$10)*$Q$10,2))) | R98: =IF($Q98="","",ROUND($Q98*$R$10,2)) | AC98: =IF(COUNT($S98:$AB98)=0,"",SUM($S98:$AB98)) | AD98: =IF(ISERROR(IF($AC98="","",ROUND(($AC98/$AC$10)*$AD$10,2))),"",IF($AC98="","",ROUND(($AC98/$AC$10)*$AD$10,2))) | AE98: =IF($AD98="","",ROUND($AD98*$AE$10,2)) | AG98: =IF(ISERROR(IF($AF98="","",ROUND(($AF98/$AF$10)*$AG$10,2))),"",IF($AF98="","",ROUND(($AF98/$AF$10)*$AG$10,2))) | AH98: =IF($AG98="","",ROUND($AG98*$AH$10,2)) | AI98: =IF(ISERROR(IF($AF98="","",ROUND(SUM($R98,$AE98,$AH98),2))),"",IF($AF98="","",ROUND(SUM($R98,$AE98,$AH98),2))) | AJ98: =IF(ISERROR(IF($AF98="","",VLOOKUP(AI98,TRANSMUTATION_TABLE,4,TRUE))),"",IF($AF98="","",VLOOKUP(AI98,TRANSMUTATION_TABLE,4,TRUE)))
A99: 37 | B99: ='INPUT DATA'!B139 -> 0 | P99: =IF(COUNT($F99:$O99)=0,"",SUM($F99:$O99)) | Q99: =IF(ISERROR(IF($P99="","",ROUND(($P99/$P$10)*$Q$10,2))),"",IF($P99="","",ROUND(($P99/$P$10)*$Q$10,2))) | R99: =IF($Q99="","",ROUND($Q99*$R$10,2)) | AC99: =IF(COUNT($S99:$AB99)=0,"",SUM($S99:$AB99)) | AD99: =IF(ISERROR(IF($AC99="","",ROUND(($AC99/$AC$10)*$AD$10,2))),"",IF($AC99="","",ROUND(($AC99/$AC$10)*$AD$10,2))) | AE99: =IF($AD99="","",ROUND($AD99*$AE$10,2)) | AG99: =IF(ISERROR(IF($AF99="","",ROUND(($AF99/$AF$10)*$AG$10,2))),"",IF($AF99="","",ROUND(($AF99/$AF$10)*$AG$10,2))) | AH99: =IF($AG99="","",ROUND($AG99*$AH$10,2)) | AI99: =IF(ISERROR(IF($AF99="","",ROUND(SUM($R99,$AE99,$AH99),2))),"",IF($AF99="","",ROUND(SUM($R99,$AE99,$AH99),2))) | AJ99: =IF(ISERROR(IF($AF99="","",VLOOKUP(AI99,TRANSMUTATION_TABLE,4,TRUE))),"",IF($AF99="","",VLOOKUP(AI99,TRANSMUTATION_TABLE,4,TRUE)))
A100: 38 | B100: ='INPUT DATA'!B140 -> 0 | P100: =IF(COUNT($F100:$O100)=0,"",SUM($F100:$O100)) | Q100: =IF(ISERROR(IF($P100="","",ROUND(($P100/$P$10)*$Q$10,2))),"",IF($P100="","",ROUND(($P100/$P$10)*$Q$10,2))) | R100: =IF($Q100="","",ROUND($Q100*$R$10,2)) | AC100: =IF(COUNT($S100:$AB100)=0,"",SUM($S100:$AB100)) | AD100: =IF(ISERROR(IF($AC100="","",ROUND(($AC100/$AC$10)*$AD$10,2))),"",IF($AC100="","",ROUND(($AC100/$AC$10)*$AD$10,2))) | AE100: =IF($AD100="","",ROUND($AD100*$AE$10,2)) | AG100: =IF(ISERROR(IF($AF100="","",ROUND(($AF100/$AF$10)*$AG$10,2))),"",IF($AF100="","",ROUND(($AF100/$AF$10)*$AG$10,2))) | AH100: =IF($AG100="","",ROUND($AG100*$AH$10,2)) | AI100: =IF(ISERROR(IF($AF100="","",ROUND(SUM($R100,$AE100,$AH100),2))),"",IF($AF100="","",ROUND(SUM($R100,$AE100,$AH100),2))) | AJ100: =IF(ISERROR(IF($AF100="","",VLOOKUP(AI100,TRANSMUTATION_TABLE,4,TRUE))),"",IF($AF100="","",VLOOKUP(AI100,TRANSMUTATION_TABLE,4,TRUE)))
A101: 39 | B101: ='INPUT DATA'!B141 -> 0 | P101: =IF(COUNT($F101:$O101)=0,"",SUM($F101:$O101)) | Q101: =IF(ISERROR(IF($P101="","",ROUND(($P101/$P$10)*$Q$10,2))),"",IF($P101="","",ROUND(($P101/$P$10)*$Q$10,2))) | R101: =IF($Q101="","",ROUND($Q101*$R$10,2)) | AC101: =IF(COUNT($S101:$AB101)=0,"",SUM($S101:$AB101)) | AD101: =IF(ISERROR(IF($AC101="","",ROUND(($AC101/$AC$10)*$AD$10,2))),"",IF($AC101="","",ROUND(($AC101/$AC$10)*$AD$10,2))) | AE101: =IF($AD101="","",ROUND($AD101*$AE$10,2)) | AG101: =IF(ISERROR(IF($AF101="","",ROUND(($AF101/$AF$10)*$AG$10,2))),"",IF($AF101="","",ROUND(($AF101/$AF$10)*$AG$10,2))) | AH101: =IF($AG101="","",ROUND($AG101*$AH$10,2)) | AI101: =IF(ISERROR(IF($AF101="","",ROUND(SUM($R101,$AE101,$AH101),2))),"",IF($AF101="","",ROUND(SUM($R101,$AE101,$AH101),2))) | AJ101: =IF(ISERROR(IF($AF101="","",VLOOKUP(AI101,TRANSMUTATION_TABLE,4,TRUE))),"",IF($AF101="","",VLOOKUP(AI101,TRANSMUTATION_TABLE,4,TRUE)))
A102: 40 | B102: ='INPUT DATA'!B142 -> 0 | P102: =IF(COUNT($F102:$O102)=0,"",SUM($F102:$O102)) | Q102: =IF(ISERROR(IF($P102="","",ROUND(($P102/$P$10)*$Q$10,2))),"",IF($P102="","",ROUND(($P102/$P$10)*$Q$10,2))) | R102: =IF($Q102="","",ROUND($Q102*$R$10,2)) | AC102: =IF(COUNT($S102:$AB102)=0,"",SUM($S102:$AB102)) | AD102: =IF(ISERROR(IF($AC102="","",ROUND(($AC102/$AC$10)*$AD$10,2))),"",IF($AC102="","",ROUND(($AC102/$AC$10)*$AD$10,2))) | AE102: =IF($AD102="","",ROUND($AD102*$AE$10,2)) | AG102: =IF(ISERROR(IF($AF102="","",ROUND(($AF102/$AF$10)*$AG$10,2))),"",IF($AF102="","",ROUND(($AF102/$AF$10)*$AG$10,2))) | AH102: =IF($AG102="","",ROUND($AG102*$AH$10,2)) | AI102: =IF(ISERROR(IF($AF102="","",ROUND(SUM($R102,$AE102,$AH102),2))),"",IF($AF102="","",ROUND(SUM($R102,$AE102,$AH102),2))) | AJ102: =IF(ISERROR(IF($AF102="","",VLOOKUP(AI102,TRANSMUTATION_TABLE,4,TRUE))),"",IF($AF102="","",VLOOKUP(AI102,TRANSMUTATION_TABLE,4,TRUE)))
... A112: 50 | B112: ='INPUT DATA'!B152 -> 0 | P112: =IF(COUNT($F112:$O112)=0,"",SUM($F112:$O112)) | Q112: =IF(ISERROR(IF($P112="","",ROUND(($P112/$P$10)*$Q$10,2))),"",IF($P112="","",ROUND(($P112/$P$10)*$Q$10,2))) | R112: =IF($Q112="","",ROUND($Q112*$R$10,2)) | AC112: =IF(COUNT($S112:$AB112)=0,"",SUM($S112:$AB112)) | AD112: =IF(ISERROR(IF($AC112="","",ROUND(($AC112/$AC$10)*$AD$10,2))),"",IF($AC112="","",ROUND(($AC112/$AC$10)*$AD$10,2))) | AE112: =IF($AD112="","",ROUND($AD112*$AE$10,2)) | AG112: =IF(ISERROR(IF($AF112="","",ROUND(($AF112/$AF$10)*$AG$10,2))),"",IF($AF112="","",ROUND(($AF112/$AF$10)*$AG$10,2))) | AH112: =IF($AG112="","",ROUND($AG112*$AH$10,2)) | AI112: =IF(ISERROR(IF($AF112="","",ROUND(SUM($R112,$AE112,$AH112),2))),"",IF($AF112="","",ROUND(SUM($R112,$AE112,$AH112),2))) | AJ112: =IF(ISERROR(IF($AF112="","",VLOOKUP(AI112,TRANSMUTATION_TABLE,4,TRUE))),"",IF($AF112="","",VLOOKUP(AI112,TRANSMUTATION_TABLE,4,TRUE)))

Sheet FIL_Q2
A1: Class Record
A3: (Pursuant to Deped Order 8 series of 2015)
C4: REGION | G4: ='INPUT DATA'!G4 -> XI | L4: DIVISION | O4: ='INPUT DATA'!O4 -> PANABO CITY
B5: SCHOOL NAME | G5: ='INPUT DATA'!G5 -> QUEZON NATIONAL HIGH SCHOOL | T5: SCHOOL ID | AD5: SCHOOL YEAR | AG5: ='INPUT DATA'!AG5 -> 2025-2026
A7: SECOND QUARTER | F7: GRADE & SECTION: | K7: ='INPUT DATA'!K7 -> 8 - ARIES | Q7: TEACHER: | S7: ='INPUT DATA'!S7 -> JENIVIVE ORTEGA PUNAY | AC7: SUBJECT: | AG7: ='INPUT DATA'!AG7 -> FILIPINO
B8: LEARNERS' NAMES | F8: WRITTEN WORKS (30%) | S8: PERFORMANCE TASKS (50%) | AF8: QUARTERLY ASSESSMENT (20%) | AI8: Initial | AJ8: Quarterly
F9: 1 | G9: 2 | H9: 3 | I9: 4 | J9: 5 | K9: 6 | L9: 7 | M9: 8 | N9: 9 | O9: 10 | P9: Total | Q9: PS | R9: WS | S9: 1 | T9: 2 | U9: 3 | V9: 4 | W9: 5 | X9: 6 | Y9: 7 | Z9: 8 | AA9: 9 | AB9: 10 | AC9: Total | AD9: PS | AE9: WS | AF9: 1 | AG9: PS | AH9: WS | AI9: Grade | AJ9: Grade
B10: HIGHEST POSSIBLE SCORE | F10: 10 | G10: 10 | H10: 10 | I10: 5 | J10: 20 | K10: 10 | L10: 180 | P10: =IF(COUNT($F10:$O10)=0,"",SUM($F10:$O10)) -> 245 | Q10: 100 | R10: 0.3 | S10: 5 | T10: 40 | U10: 50 | V10: 100 | W10: 100 | X10: 20 | Y10: 100 | AC10: =IF(COUNT($S10:$AB10)=0,"",SUM($S10:$AB10)) -> 415 | AD10: 100 | AE10: 0.5 | AF10: 40 | AG10: 100 | AH10: 0.2
B11: MALE | F11: quiz | G11: report quiz | H11: quiz | I11: report quiz | J11: quiz PanAmHap | K11: talasalitaan | L11: notebook | S11: reading | T11: sanaysayeditoryal | U11: essay with Maam Rose | V11: group report | W11: group-differentiated act | X11: kaligirang pangkasaysayanPanHap | Y11: video-animation | AK11: Adj +5 | AN11: mps
A12: 1 | B12: ='INPUT DATA'!B12 -> ANOBLING, REGIE C. | F12: 3 | G12: 10 | K12: 4 | P12: =IF(COUNT($F12:$O12)=0,"",SUM($F12:$O12)) -> 17 | Q12: =IF(ISERROR(IF($P12="","",ROUND(($P12/$P$10)*$Q$10,2))),"",IF($P12="","",ROUND(($P12/$P$10)*$Q$10,2))) -> 6.94 | R12: =IF($Q12="","",ROUND($Q12*$R$10,2)) -> 2.08 | S12: 5 | U12: 43 | W12: 94 | Y12: 93 | AC12: =IF(COUNT($S12:$AB12)=0,"",SUM($S12:$AB12)) -> 235 | AD12: =IF(ISERROR(IF($AC12="","",ROUND(($AC12/$AC$10)*$AD$10,2))),"",IF($AC12="","",ROUND(($AC12/$AC$10)*$AD$10,2))) -> 56.63 | AE12: =IF($AD12="","",ROUND($AD12*$AE$10,2)) -> 28.32 | AF12: 13 | AG12: =IF(ISERROR(IF($AF12="","",ROUND(($AF12/$AF$10)*$AG$10,2))),"",IF($AF12="","",ROUND(($AF12/$AF$10)*$AG$10,2))) -> 32.5 | AH12: =IF($AG12="","",ROUND($AG12*$AH$10,2)) -> 6.5 | AI12: =IF(ISERROR(IF($AF12="","",ROUND(SUM($R12,$AE12,$AH12),2))),"",IF($AF12="","",ROUND(SUM($R12,$AE12,$AH12),2))) -> 36.9 | AJ12: =IF(ISERROR(IF($AF12="","",VLOOKUP(AI12,TRANSMUTATION_TABLE,4,TRUE))),"",IF($AF12="","",VLOOKUP(AI12,TRANSMUTATION_TABLE,4,TRUE))) -> 69 | AK12: =AJ12+5 -> 74 | AL12: 75 | AN12: =AF12+5 -> 18
A13: 2 | B13: ='INPUT DATA'!B13 -> BANGCOY, JOHN PAUL P. | P13: =IF(COUNT($F13:$O13)=0,"",SUM($F13:$O13)) | Q13: =IF(ISERROR(IF($P13="","",ROUND(($P13/$P$10)*$Q$10,2))),"",IF($P13="","",ROUND(($P13/$P$10)*$Q$10,2))) | R13: =IF($Q13="","",ROUND($Q13*$R$10,2)) | AC13: =IF(COUNT($S13:$AB13)=0,"",SUM($S13:$AB13)) | AD13: =IF(ISERROR(IF($AC13="","",ROUND(($AC13/$AC$10)*$AD$10,2))),"",IF($AC13="","",ROUND(($AC13/$AC$10)*$AD$10,2))) | AE13: =IF($AD13="","",ROUND($AD13*$AE$10,2)) | AF13: 0 | AG13: =IF(ISERROR(IF($AF13="","",ROUND(($AF13/$AF$10)*$AG$10,2))),"",IF($AF13="","",ROUND(($AF13/$AF$10)*$AG$10,2))) -> 0 | AH13: =IF($AG13="","",ROUND($AG13*$AH$10,2)) -> 0 | AI13: =IF(ISERROR(IF($AF13="","",ROUND(SUM($R13,$AE13,$AH13),2))),"",IF($AF13="","",ROUND(SUM($R13,$AE13,$AH13),2))) -> 0 | AJ13: =IF(ISERROR(IF($AF13="","",VLOOKUP(AI13,TRANSMUTATION_TABLE,4,TRUE))),"",IF($AF13="","",VLOOKUP(AI13,TRANSMUTATION_TABLE,4,TRUE))) -> 60
A14: 3 | B14: ='INPUT DATA'!B14 -> BARRIENTOS, JOHN PAUL M. | G14: 10 | I14: 4 | J14: 20 | K14: 9 | L14: 90 | P14: =IF(COUNT($F14:$O14)=0,"",SUM($F14:$O14)) -> 133 | Q14: =IF(ISERROR(IF($P14="","",ROUND(($P14/$P$10)*$Q$10,2))),"",IF($P14="","",ROUND(($P14/$P$10)*$Q$10,2))) -> 54.29 | R14: =IF($Q14="","",ROUND($Q14*$R$10,2)) -> 16.29 | S14: 5 | U14: 40 | V14: 95 | W14: 90 | X14: 20 | Y14: 98 | AC14: =IF(COUNT($S14:$AB14)=0,"",SUM($S14:$AB14)) -> 348 | AD14: =IF(ISERROR(IF($AC14="","",ROUND(($AC14/$AC$10)*$AD$10,2))),"",IF($AC14="","",ROUND(($AC14/$AC$10)*$AD$10,2))) -> 83.86 | AE14: =IF($AD14="","",ROUND($AD14*$AE$10,2)) -> 41.93 | AF14: 22 | AG14: =IF(ISERROR(IF($AF14="","",ROUND(($AF14/$AF$10)*$AG$10,2))),"",IF($AF14="","",ROUND(($AF14/$AF$10)*$AG$10,2))) -> 55 | AH14: =IF($AG14="","",ROUND($AG14*$AH$10,2)) -> 11 | AI14: =IF(ISERROR(IF($AF14="","",ROUND(SUM($R14,$AE14,$AH14),2))),"",IF($AF14="","",ROUND(SUM($R14,$AE14,$AH14),2))) -> 69.22 | AJ14: =IF(ISERROR(IF($AF14="","",VLOOKUP(AI14,TRANSMUTATION_TABLE,4,TRUE))),"",IF($AF14="","",VLOOKUP(AI14,TRANSMUTATION_TABLE,4,TRUE))) -> 80 | AK14: =AJ14+5 -> 85 | AL14: 85 | AN14: =AF14+5 -> 27
A15: 4 | B15: ='INPUT DATA'!B15 -> BRIGOLE, ROMEL | G15: 2 | H15: 10 | K15: 0 | P15: =IF(COUNT($F15:$O15)=0,"",SUM($F15:$O15)) -> 12 | Q15: =IF(ISERROR(IF($P15="","",ROUND(($P15/$P$10)*$Q$10,2))),"",IF($P15="","",ROUND(($P15/$P$10)*$Q$10,2))) -> 4.9 | R15: =IF($Q15="","",ROUND($Q15*$R$10,2)) -> 1.47 | Y15: 98 | AC15: =IF(COUNT($S15:$AB15)=0,"",SUM($S15:$AB15)) -> 98 | AD15: =IF(ISERROR(IF($AC15="","",ROUND(($AC15/$AC$10)*$AD$10,2))),"",IF($AC15="","",ROUND(($AC15/$AC$10)*$AD$10,2))) -> 23.61 | AE15: =IF($AD15="","",ROUND($AD15*$AE$10,2)) -> 11.81 | AF15: 13 | AG15: =IF(ISERROR(IF($AF15="","",ROUND(($AF15/$AF$10)*$AG$10,2))),"",IF($AF15="","",ROUND(($AF15/$AF$10)*$AG$10,2))) -> 32.5 | AH15: =IF($AG15="","",ROUND($AG15*$AH$10,2)) -> 6.5 | AI15: =IF(ISERROR(IF($AF15="","",ROUND(SUM($R15,$AE15,$AH15),2))),"",IF($AF15="","",ROUND(SUM($R15,$AE15,$AH15),2))) -> 19.78 | AJ15: =IF(ISERROR(IF($AF15="","",VLOOKUP(AI15,TRANSMUTATION_TABLE,4,TRUE))),"",IF($AF15="","",VLOOKUP(AI15,TRANSMUTATION_TABLE,4,TRUE))) -> 64 | AK15: =AJ15+5 -> 69 | AL15: 75 | AN15: =AF15+5 -> 18
A16: 5 | B16: ='INPUT DATA'!B16 -> BULAHAN,ROVIC L. | G16: 10 | H16: 10 | I16: 4 | J16: 17 | K16: 8 | L16: 120 | P16: =IF(COUNT($F16:$O16)=0,"",SUM($F16:$O16)) -> 169 | Q16: =IF(ISERROR(IF($P16="","",ROUND(($P16/$P$10)*$Q$10,2))),"",IF($P16="","",ROUND(($P16/$P$10)*$Q$10,2))) -> 68.98 | R16: =IF($Q16="","",ROUND($Q16*$R$10,2)) -> 20.69 | S16: 5 | T16: 34 | U16: 40 | V16: 95 | W16: 90 | X16: 20 | Y16: 98 | AC16: =IF(COUNT($S16:$AB16)=0,"",SUM($S16:$AB16)) -> 382 | AD16: =IF(ISERROR(IF($AC16="","",ROUND(($AC16/$AC$10)*$AD$10,2))),"",IF($AC16="","",ROUND(($AC16/$AC$10)*$AD$10,2))) -> 92.05 | AE16: =IF($AD16="","",ROUND($AD16*$AE$10,2)) -> 46.03 | AF16: 26 | AG16: =IF(ISERROR(IF($AF16="","",ROUND(($AF16/$AF$10)*$AG$10,2))),"",IF($AF16="","",ROUND(($AF16/$AF$10)*$AG$10,2))) -> 65 | AH16: =IF($AG16="","",ROUND($AG16*$AH$10,2)) -> 13 | AI16: =IF(ISERROR(IF($AF16="","",ROUND(SUM($R16,$AE16,$AH16),2))),"",IF($AF16="","",ROUND(SUM($R16,$AE16,$AH16),2))) -> 79.72 | AJ16: =IF(ISERROR(IF($AF16="","",VLOOKUP(AI16,TRANSMUTATION_TABLE,4,TRUE))),"",IF($AF16="","",VLOOKUP(AI16,TRANSMUTATION_TABLE,4,TRUE))) -> 87 | AK16: =AJ16+5 -> 92 | AL16: 92 | AN16: =AF16+5 -> 31
A17: 6 | B17: ='INPUT DATA'!B17 -> CIJAS, ROLIE JR. A. | G17: 10 | I17: 2 | J17: 16 | K17: 10 | L17: 90 | P17: =IF(COUNT($F17:$O17)=0,"",SUM($F17:$O17)) -> 128 | Q17: =IF(ISERROR(IF($P17="","",ROUND(($P17/$P$10)*$Q$10,2))),"",IF($P17="","",ROUND(($P17/$P$10)*$Q$10,2))) -> 52.24 | R17: =IF($Q17="","",ROUND($Q17*$R$10,2)) -> 15.67 | S17: 5 | T17: 33 | U17: 43 | V17: 97 | X17: 20 | Y17: 98 | AC17: =IF(COUNT($S17:$AB17)=0,"",SUM($S17:$AB17)) -> 296 | AD17: =IF(ISERROR(IF($AC17="","",ROUND(($AC17/$AC$10)*$AD$10,2))),"",IF($AC17="","",ROUND(($AC17/$AC$10)*$AD$10,2))) -> 71.33 | AE17: =IF($AD17="","",ROUND($AD17*$AE$10,2)) -> 35.67 | AF17: 31 | AG17: =IF(ISERROR(IF($AF17="","",ROUND(($AF17/$AF$10)*$AG$10,2))),"",IF($AF17="","",ROUND(($AF17/$AF$10)*$AG$10,2))) -> 77.5 | AH17: =IF($AG17="","",ROUND($AG17*$AH$10,2)) -> 15.5 | AI17: =IF(ISERROR(IF($AF17="","",ROUND(SUM($R17,$AE17,$AH17),2))),"",IF($AF17="","",ROUND(SUM($R17,$AE17,$AH17),2))) -> 66.84 | AJ17: =IF(ISERROR(IF($AF17="","",VLOOKUP(AI17,TRANSMUTATION_TABLE,4,TRUE))),"",IF($AF17="","",VLOOKUP(AI17,TRANSMUTATION_TABLE,4,TRUE))) -> 79 | AK17: =AJ17+5 -> 84 | AL17: 84 | AN17: =AF17+5 -> 36
A18: 7 | B18: ='INPUT DATA'!B18 -> GARCIA, DAVE P. | F18: 8 | G18: 10 | I18: 3 | J18: 11 | P18: =IF(COUNT($F18:$O18)=0,"",SUM($F18:$O18)) -> 32 | Q18: =IF(ISERROR(IF($P18="","",ROUND(($P18/$P$10)*$Q$10,2))),"",IF($P18="","",ROUND(($P18/$P$10)*$Q$10,2))) -> 13.06 | R18: =IF($Q18="","",ROUND($Q18*$R$10,2)) -> 3.92 | S18: 5 | T18: 36 | U18: 40 | V18: 96 | W18: 94 | Y18: 98 | AC18: =IF(COUNT($S18:$AB18)=0,"",SUM($S18:$AB18)) -> 369 | AD18: =IF(ISERROR(IF($AC18="","",ROUND(($AC18/$AC$10)*$AD$10,2))),"",IF($AC18="","",ROUND(($AC18/$AC$10)*$AD$10,2))) -> 88.92 | AE18: =IF($AD18="","",ROUND($AD18*$AE$10,2)) -> 44.46 | AF18: 20 | AG18: =IF(ISERROR(IF($AF18="","",ROUND(($AF18/$AF$10)*$AG$10,2))),"",IF($AF18="","",ROUND(($AF18/$AF$10)*$AG$10,2))) -> 50 | AH18: =IF($AG18="","",ROUND($AG18*$AH$10,2)) -> 10 | AI18: =IF(ISERROR(IF($AF18="","",ROUND(SUM($R18,$AE18,$AH18),2))),"",IF($AF18="","",ROUND(SUM($R18,$AE18,$AH18),2))) -> 58.38 | AJ18: =IF(ISERROR(IF($AF18="","",VLOOKUP(AI18,TRANSMUTATION_TABLE,4,TRUE))),"",IF($AF18="","",VLOOKUP(AI18,TRANSMUTATION_TABLE,4,TRUE))) -> 74 | AK18: =AJ18+5 -> 79 | AL18: 78 | AN18: =AF18+5 -> 25
A19: 8 | B19: ='INPUT DATA'!B19 -> GONZALES, JAMES | D19: 0 | F19: 3 | G19: 10 | H19: 10 | I19: 4 | J19: 14 | K19: 10 | L19: 60 | P19: =IF(COUNT($F19:$O19)=0,"",SUM($F19:$O19)) -> 111 | Q19: =IF(ISERROR(IF($P19="","",ROUND(($P19/$P$10)*$Q$10,2))),"",IF($P19="","",ROUND(($P19/$P$10)*$Q$10,2))) -> 45.31 | R19: =IF($Q19="","",ROUND($Q19*$R$10,2)) -> 13.59 | S19: 5 | T19: 33 | U19: 45 | V19: 92 | Y19: 93 | AC19: =IF(COUNT($S19:$AB19)=0,"",SUM($S19:$AB19)) -> 268 | AD19: =IF(ISERROR(IF($AC19="","",ROUND(($AC19/$AC$10)*$AD$10,2))),"",IF($AC19="","",ROUND(($AC19/$AC$10)*$AD$10,2))) -> 64.58 | AE19: =IF($AD19="","",ROUND($AD19*$AE$10,2)) -> 32.29 | AF19: 14 | AG19: =IF(ISERROR(IF($AF19="","",ROUND(($AF19/$AF$10)*$AG$10,2))),"",IF($AF19="","",ROUND(($AF19/$AF$10)*$AG$10,2))) -> 35 | AH19: =IF($AG19="","",ROUND($AG19*$AH$10,2)) -> 7 | AI19: =IF(ISERROR(IF($AF19="","",ROUND(SUM($R19,$AE19,$AH19),2))),"",IF($AF19="","",ROUND(SUM($R19,$AE19,$AH19),2))) -> 52.88 | AJ19: =IF(ISERROR(IF($AF19="","",VLOOKUP(AI19,TRANSMUTATION_TABLE,4,TRUE))),"",IF($AF19="","",VLOOKUP(AI19,TRANSMUTATION_TABLE,4,TRUE))) -> 73 | AK19: =AJ19+5 -> 78 | AL19: 78 | AN19: =AF19+5 -> 19
A20: 9 | B20: ='INPUT DATA'!B20 -> LAGUNA, JB | F20: 5 | G20: 10 | H20: 10 | I20: 5 | J20: 16 | K20: 9 | L20: 110 | P20: =IF(COUNT($F20:$O20)=0,"",SUM($F20:$O20)) -> 165 | Q20: =IF(ISERROR(IF($P20="","",ROUND(($P20/$P$10)*$Q$10,2))),"",IF($P20="","",ROUND(($P20/$P$10)*$Q$10,2))) -> 67.35 | R20: =IF($Q20="","",ROUND($Q20*$R$10,2)) -> 20.21 | S20: 5 | T20: 34 | U20: 42 | V20: 98 | W20: 90 | X20: 18 | Y20: 93 | AC20: =IF(COUNT($S20:$AB20)=0,"",SUM($S20:$AB20)) -> 380 | AD20: =IF(ISERROR(IF($AC20="","",ROUND(($AC20/$AC$10)*$AD$10,2))),"",IF($AC20="","",ROUND(($AC20/$AC$10)*$AD$10,2))) -> 91.57 | AE20: =IF($AD20="","",ROUND($AD20*$AE$10,2)) -> 45.79 | AF20: 15 | AG20: =IF(ISERROR(IF($AF20="","",ROUND(($AF20/$AF$10)*$AG$10,2))),"",IF($AF20="","",ROUND(($AF20/$AF$10)*$AG$10,2))) -> 37.5 | AH20: =IF($AG20="","",ROUND($AG20*$AH$10,2)) -> 7.5 | AI20: =IF(ISERROR(IF($AF20="","",ROUND(SUM($R20,$AE20,$AH20),2))),"",IF($AF20="","",ROUND(SUM($R20,$AE20,$AH20),2))) -> 73.5 | AJ20: =IF(ISERROR(IF($AF20="","",VLOOKUP(AI20,TRANSMUTATION_TABLE,4,TRUE))),"",IF($AF20="","",VLOOKUP(AI20,TRANSMUTATION_TABLE,4,TRUE))) -> 83 | AK20: =AJ20+5 -> 88 | AL20: 88 | AN20: =AF20+5 -> 20
A21: 10 | B21: ='INPUT DATA'!B21 -> LARODA, STEVEN S. | F21: 5 | G21: 8 | H21: 10 | I21: 1 | J21: 13 | K21: 8 | L21: 80 | P21: =IF(COUNT($F21:$O21)=0,"",SUM($F21:$O21)) -> 125 | Q21: =IF(ISERROR(IF($P21="","",ROUND(($P21/$P$10)*$Q$10,2))),"",IF($P21="","",ROUND(($P21/$P$10)*$Q$10,2))) -> 51.02 | R21: =IF($Q21="","",ROUND($Q21*$R$10,2)) -> 15.31 | S21: 5 | T21: 33 | W21: 94 | X21: 18 | Y21: 98 | AC21: =IF(COUNT($S21:$AB21)=0,"",SUM($S21:$AB21)) -> 248 | AD21: =IF(ISERROR(IF($AC21="","",ROUND(($AC21/$AC$10)*$AD$10,2))),"",IF($AC21="","",ROUND(($AC21/$AC$10)*$AD$10,2))) -> 59.76 | AE21: =IF($AD21="","",ROUND($AD21*$AE$10,2)) -> 29.88 | AF21: 23 | AG21: =IF(ISERROR(IF($AF21="","",ROUND(($AF21/$AF$10)*$AG$10,2))),"",IF($AF21="","",ROUND(($AF21/$AF$10)*$AG$10,2))) -> 57.5 | AH21: =IF($AG21="","",ROUND($AG21*$AH$10,2)) -> 11.5 | AI21: =IF(ISERROR(IF($AF21="","",ROUND(SUM($R21,$AE21,$AH21),2))),"",IF($AF21="","",ROUND(SUM($R21,$AE21,$AH21),2))) -> 56.69 | AJ21: =IF(ISERROR(IF($AF21="","",VLOOKUP(AI21,TRANSMUTATION_TABLE,4,TRUE))),"",IF($AF21="","",VLOOKUP(AI21,TRANSMUTATION_TABLE,4,TRUE))) -> 74 | AK21: =AJ21+5 -> 79 | AL21: 79 | AN21: =AF21+5 -> 28
A22: 11 | B22: ='INPUT DATA'!B22 -> MERINO, SEDRIK R. | D22: 0 | G22: 1 | H22: 10 | I22: 1 | J22: 5 | P22: =IF(COUNT($F22:$O22)=0,"",SUM($F22:$O22)) -> 17 | Q22: =IF(ISERROR(IF($P22="","",ROUND(($P22/$P$10)*$Q$10,2))),"",IF($P22="","",ROUND(($P22/$P$10)*$Q$10,2))) -> 6.94 | R22: =IF($Q22="","",ROUND($Q22*$R$10,2)) -> 2.08 | S22: 5 | W22: 95 | Y22: 98 | AC22: =IF(COUNT($S22:$AB22)=0,"",SUM($S22:$AB22)) -> 198 | AD22: =IF(ISERROR(IF($AC22="","",ROUND(($AC22/$AC$10)*$AD$10,2))),"",IF($AC22="","",ROUND(($AC22/$AC$10)*$AD$10,2))) -> 47.71 | AE22: =IF($AD22="","",ROUND($AD22*$AE$10,2)) -> 23.86 | AF22: 12 | AG22: =IF(ISERROR(IF($AF22="","",ROUND(($AF22/$AF$10)*$AG$10,2))),"",IF($AF22="","",ROUND(($AF22/$AF$10)*$AG$10,2))) -> 30 | AH22: =IF($AG22="","",ROUND($AG22*$AH$10,2)) -> 6 | AI22: =IF(ISERROR(IF($AF22="","",ROUND(SUM($R22,$AE22,$AH22),2))),"",IF($AF22="","",ROUND(SUM($R22,$AE22,$AH22),2))) -> 31.94 | AJ22: =IF(ISERROR(IF($AF22="","",VLOOKUP(AI22,TRANSMUTATION_TABLE,4,TRUE))),"",IF($AF22="","",VLOOKUP(AI22,TRANSMUTATION_TABLE,4,TRUE))) -> 67 | AK22: =AJ22+5 -> 72 | AL22: 75 | AN22: =AF22+5 -> 17
A23: 12 | B23: ='INPUT DATA'!B23 -> MONTERAS, VINCENT S. | F23: 6 | G23: 9 | H23: 10 | I23: 2 | K23: 9 | L23: 80 | P23: =IF(COUNT($F23:$O23)=0,"",SUM($F23:$O23)) -> 116 | Q23: =IF(ISERROR(IF($P23="","",ROUND(($P23/$P$10)*$Q$10,2))),"",IF($P23="","",ROUND(($P23/$P$10)*$Q$10,2))) -> 47.35 | R23: =IF($Q23="","",ROUND($Q23*$R$10,2)) -> 14.21 | S23: 5 | V23: 97 | Y23: 92 | AC23: =IF(COUNT($S23:$AB23)=0,"",SUM($S23:$AB23)) -> 194 | AD23: =IF(ISERROR(IF($AC23="","",ROUND(($AC23/$AC$10)*$AD$10,2))),"",IF($AC23="","",ROUND(($AC23/$AC$10)*$AD$10,2))) -> 46.75 | AE23: =IF($AD23="","",ROUND($AD23*$AE$10,2)) -> 23.38 | AF23: 22 | AG23: =IF(ISERROR(IF($AF23="","",ROUND(($AF23/$AF$10)*$AG$10,2))),"",IF($AF23="","",ROUND(($AF23/$AF$10)*$AG$10,2))) -> 55 | AH23: =IF($AG23="","",ROUND($AG23*$AH$10,2)) -> 11 | AI23: =IF(ISERROR(IF($AF23="","",ROUND(SUM($R23,$AE23,$AH23),2))),"",IF($AF23="","",ROUND(SUM($R23,$AE23,$AH23),2))) -> 48.59 | AJ23: =IF(ISERROR(IF($AF23="","",VLOOKUP(AI23,TRANSMUTATION_TABLE,4,TRUE))),"",IF($AF23="","",VLOOKUP(AI23,TRANSMUTATION_TABLE,4,TRUE))) -> 72 | AK23: =AJ23+5 -> 77 | AL23: 77 | AN23: =AF23+5 -> 27
A24: 13 | B24: ='INPUT DATA'!B24 -> NACAWILI, ANDRIE L. | G24: 10 | H24: 10 | K24: 10 | L24: 20 | P24: =IF(COUNT($F24:$O24)=0,"",SUM($F24:$O24)) -> 50 | Q24: =IF(ISERROR(IF($P24="","",ROUND(($P24/$P$10)*$Q$10,2))),"",IF($P24="","",ROUND(($P24/$P$10)*$Q$10,2))) -> 20.41 | R24: =IF($Q24="","",ROUND($Q24*$R$10,2)) -> 6.12 | S24: 5 | T24: 33 | U24: 46 | V24: 97 | W24: 94 | X24: 20 | Y24: 98 | AC24: =IF(COUNT($S24:$AB24)=0,"",SUM($S24:$AB24)) -> 393 | AD24: =IF(ISERROR(IF($AC24="","",ROUND(($AC24/$AC$10)*$AD$10,2))),"",IF($AC24="","",ROUND(($AC24/$AC$10)*$AD$10,2))) -> 94.7 | AE24: =IF($AD24="","",ROUND($AD24*$AE$10,2)) -> 47.35 | AF24: 32 | AG24: =IF(ISERROR(IF($AF24="","",ROUND(($AF24/$AF$10)*$AG$10,2))),"",IF($AF24="","",ROUND(($AF24/$AF$10)*$AG$10,2))) -> 80 | AH24: =IF($AG24="","",ROUND($AG24*$AH$10,2)) -> 16 | AI24: =IF(ISERROR(IF($AF24="","",ROUND(SUM($R24,$AE24,$AH24),2))),"",IF($AF24="","",ROUND(SUM($R24,$AE24,$AH24),2))) -> 69.47 | AJ24: =IF(ISERROR(IF($AF24="","",VLOOKUP(AI24,TRANSMUTATION_TABLE,4,TRUE))),"",IF($AF24="","",VLOOKUP(AI24,TRANSMUTATION_TABLE,4,TRUE))) -> 80 | AK24: =AJ24+5 -> 85 | AL24: 85 | AN24: =AF24+5 -> 37
A25: 14 | B25: ='INPUT DATA'!B25 -> OLIVERIO, CYREL JAY G. | J25: 4 | K25: 2 | P25: =IF(COUNT($F25:$O25)=0,"",SUM($F25:$O25)) -> 6 | Q25: =IF(ISERROR(IF($P25="","",ROUND(($P25/$P$10)*$Q$10,2))),"",IF($P25="","",ROUND(($P25/$P$10)*$Q$10,2))) -> 2.45 | R25: =IF($Q25="","",ROUND($Q25*$R$10,2)) -> 0.74 | T25: 33 | Y25: 98 | AC25: =IF(COUNT($S25:$AB25)=0,"",SUM($S25:$AB25)) -> 131 | AD25: =IF(ISERROR(IF($AC25="","",ROUND(($AC25/$AC$10)*$AD$10,2))),"",IF($AC25="","",ROUND(($AC25/$AC$10)*$AD$10,2))) -> 31.57 | AE25: =IF($AD25="","",ROUND($AD25*$AE$10,2)) -> 15.79 | AF25: 14 | AG25: =IF(ISERROR(IF($AF25="","",ROUND(($AF25/$AF$10)*$AG$10,2))),"",IF($AF25="","",ROUND(($AF25/$AF$10)*$AG$10,2))) -> 35 | AH25: =IF($AG25="","",ROUND($AG25*$AH$10,2)) -> 7 | AI25: =IF(ISERROR(IF($AF25="","",ROUND(SUM($R25,$AE25,$AH25),2))),"",IF($AF25="","",ROUND(SUM($R25,$AE25,$AH25),2))) -> 23.53 | AJ25: =IF(ISERROR(IF($AF25="","",VLOOKUP(AI25,TRANSMUTATION_TABLE,4,TRUE))),"",IF($AF25="","",VLOOKUP(AI25,TRANSMUTATION_TABLE,4,TRUE))) -> 65 | AK25: =AJ25+5 -> 70 | AL25: 74 | AN25: =AF25+5 -> 19
A26: 15 | B26: ='INPUT DATA'!B26 -> ORBITA,BRENN JOHN A. | F26: 4 | G26: 10 | I26: 4 | J26: 18 | K26: 6 | P26: =IF(COUNT($F26:$O26)=0,"",SUM($F26:$O26)) -> 42 | Q26: =IF(ISERROR(IF($P26="","",ROUND(($P26/$P$10)*$Q$10,2))),"",IF($P26="","",ROUND(($P26/$P$10)*$Q$10,2))) -> 17.14 | R26: =IF($Q26="","",ROUND($Q26*$R$10,2)) -> 5.14 | S26: 5 | T26: 33 | V26: 98 | W26: 90 | X26: 18 | Y26: 93 | AC26: =IF(COUNT($S26:$AB26)=0,"",SUM($S26:$AB26)) -> 337 | AD26: =IF(ISERROR(IF($AC26="","",ROUND(($AC26/$AC$10)*$AD$10,2))),"",IF($AC26="","",ROUND(($AC26/$AC$10)*$AD$10,2))) -> 81.2 | AE26: =IF($AD26="","",ROUND($AD26*$AE$10,2)) -> 40.6 | AF26: 14 | AG26: =IF(ISERROR(IF($AF26="","",ROUND(($AF26/$AF$10)*$AG$10,2))),"",IF($AF26="","",ROUND(($AF26/$AF$10)*$AG$10,2))) -> 35 | AH26: =IF($AG26="","",ROUND($AG26*$AH$10,2)) -> 7 | AI26: =IF(ISERROR(IF($AF26="","",ROUND(SUM($R26,$AE26,$AH26),2))),"",IF($AF26="","",ROUND(SUM($R26,$AE26,$AH26),2))) -> 52.74 | AJ26: =IF(ISERROR(IF($AF26="","",VLOOKUP(AI26,TRANSMUTATION_TABLE,4,TRUE))),"",IF($AF26="","",VLOOKUP(AI26,TRANSMUTATION_TABLE,4,TRUE))) -> 73 | AK26: =AJ26+5 -> 78 | AL26: 78 | AN26: =AF26+5 -> 19
A27: 16 | B27: ='INPUT DATA'!B27 -> PAINLO,SHERWIN V. | F27: 5 | G27: 10 | H27: 10 | I27: 4 | J27: 14 | K27: 8 | L27: 100 | P27: =IF(COUNT($F27:$O27)=0,"",SUM($F27:$O27)) -> 151 | Q27: =IF(ISERROR(IF($P27="","",ROUND(($P27/$P$10)*$Q$10,2))),"",IF($P27="","",ROUND(($P27/$P$10)*$Q$10,2))) -> 61.63 | R27: =IF($Q27="","",ROUND($Q27*$R$10,2)) -> 18.49 | S27: 5 | T27: 33 | U27: 40 | V27: 98 | W27: 90 | Y27: 93 | AC27: =IF(COUNT($S27:$AB27)=0,"",SUM($S27:$AB27)) -> 359 | AD27: =IF(ISERROR(IF($AC27="","",ROUND(($AC27/$AC$10)*$AD$10,2))),"",IF($AC27="","",ROUND(($AC27/$AC$10)*$AD$10,2))) -> 86.51 | AE27: =IF($AD27="","",ROUND($AD27*$AE$10,2)) -> 43.26 | AF27: 32 | AG27: =IF(ISERROR(IF($AF27="","",ROUND(($AF27/$AF$10)*$AG$10,2))),"",IF($AF27="","",ROUND(($AF27/$AF$10)*$AG$10,2))) -> 80 | AH27: =IF($AG27="","",ROUND($AG27*$AH$10,2)) -> 16 | AI27: =IF(ISERROR(IF($AF27="","",ROUND(SUM($R27,$AE27,$AH27),2))),"",IF($AF27="","",ROUND(SUM($R27,$AE27,$AH27),2))) -> 77.75 | AJ27: =IF(ISERROR(IF($AF27="","",VLOOKUP(AI27,TRANSMUTATION_TABLE,4,TRUE))),"",IF($AF27="","",VLOOKUP(AI27,TRANSMUTATION_TABLE,4,TRUE))) -> 86 | AK27: =AJ27+5 -> 91 | AL27: 91 | AN27: =AF27+5 -> 37
A28: 17 | B28: ='INPUT DATA'!B28 -> RAMIREZ, MATTEO JOHN DAVE D. | P28: =IF(COUNT($F28:$O28)=0,"",SUM($F28:$O28)) | Q28: =IF(ISERROR(IF($P28="","",ROUND(($P28/$P$10)*$Q$10,2))),"",IF($P28="","",ROUND(($P28/$P$10)*$Q$10,2))) | R28: =IF($Q28="","",ROUND($Q28*$R$10,2)) | W28: 95 | AC28: =IF(COUNT($S28:$AB28)=0,"",SUM($S28:$AB28)) -> 95 | AD28: =IF(ISERROR(IF($AC28="","",ROUND(($AC28/$AC$10)*$AD$10,2))),"",IF($AC28="","",ROUND(($AC28/$AC$10)*$AD$10,2))) -> 22.89 | AE28: =IF($AD28="","",ROUND($AD28*$AE$10,2)) -> 11.45 | AF28: 16 | AG28: =IF(ISERROR(IF($AF28="","",ROUND(($AF28/$AF$10)*$AG$10,2))),"",IF($AF28="","",ROUND(($AF28/$AF$10)*$AG$10,2))) -> 40 | AH28: =IF($AG28="","",ROUND($AG28*$AH$10,2)) -> 8 | AI28: =IF(ISERROR(IF($AF28="","",ROUND(SUM($R28,$AE28,$AH28),2))),"",IF($AF28="","",ROUND(SUM($R28,$AE28,$AH28),2))) -> 19.45 | AJ28: =IF(ISERROR(IF($AF28="","",VLOOKUP(AI28,TRANSMUTATION_TABLE,4,TRUE))),"",IF($AF28="","",VLOOKUP(AI28,TRANSMUTATION_TABLE,4,TRUE))) -> 64 | AK28: =AJ28+5 -> 69 | AN28: =AF28+5 -> 21
A29: 18 | B29: ='INPUT DATA'!B29 -> SIGUIRA, JASTINE B. | H29: 10 | P29: =IF(COUNT($F29:$O29)=0,"",SUM($F29:$O29)) -> 10 | Q29: =IF(ISERROR(IF($P29="","",ROUND(($P29/$P$10)*$Q$10,2))),"",IF($P29="","",ROUND(($P29/$P$10)*$Q$10,2))) -> 4.08 | R29: =IF($Q29="","",ROUND($Q29*$R$10,2)) -> 1.22 | S29: 5 | W29: 95 | AC29: =IF(COUNT($S29:$AB29)=0,"",SUM($S29:$AB29)) -> 100 | AD29: =IF(ISERROR(IF($AC29="","",ROUND(($AC29/$AC$10)*$AD$10,2))),"",IF($AC29="","",ROUND(($AC29/$AC$10)*$AD$10,2))) -> 24.1 | AE29: =IF($AD29="","",ROUND($AD29*$AE$10,2)) -> 12.05 | AF29: 16 | AG29: =IF(ISERROR(IF($AF29="","",ROUND(($AF29/$AF$10)*$AG$10,2))),"",IF($AF29="","",ROUND(($AF29/$AF$10)*$AG$10,2))) -> 40 | AH29: =IF($AG29="","",ROUND($AG29*$AH$10,2)) -> 8 | AI29: =IF(ISERROR(IF($AF29="","",ROUND(SUM($R29,$AE29,$AH29),2))),"",IF($AF29="","",ROUND(SUM($R29,$AE29,$AH29),2))) -> 21.27 | AJ29: =IF(ISERROR(IF($AF29="","",VLOOKUP(AI29,TRANSMUTATION_TABLE,4,TRUE))),"",IF($AF29="","",VLOOKUP(AI29,TRANSMUTATION_TABLE,4,TRUE))) -> 65 | AK29: =AJ29+5 -> 70 | AN29: =AF29+5 -> 21
A30: 19 | B30: ='INPUT DATA'!B30 -> TAA, JHONVINZ Y. | H30: 10 | I30: 2 | K30: 8 | P30: =IF(COUNT($F30:$O30)=0,"",SUM($F30:$O30)) -> 20 | Q30: =IF(ISERROR(IF($P30="","",ROUND(($P30/$P$10)*$Q$10,2))),"",IF($P30="","",ROUND(($P30/$P$10)*$Q$10,2))) -> 8.16 | R30: =IF($Q30="","",ROUND($Q30*$R$10,2)) -> 2.45 | S30: 5 | V30: 92 | Y30: 95 | AC30: =IF(COUNT($S30:$AB30)=0,"",SUM($S30:$AB30)) -> 192 | AD30: =IF(ISERROR(IF($AC30="","",ROUND(($AC30/$AC$10)*$AD$10,2))),"",IF($AC30="","",ROUND(($AC30/$AC$10)*$AD$10,2))) -> 46.27 | AE30: =IF($AD30="","",ROUND($AD30*$AE$10,2)) -> 23.14 | AF30: 7 | AG30: =IF(ISERROR(IF($AF30="","",ROUND(($AF30/$AF$10)*$AG$10,2))),"",IF($AF30="","",ROUND(($AF30/$AF$10)*$AG$10,2))) -> 17.5 | AH30: =IF($AG30="","",ROUND($AG30*$AH$10,2)) -> 3.5 | AI30: =IF(ISERROR(IF($AF30="","",ROUND(SUM($R30,$AE30,$AH30),2))),"",IF($AF30="","",ROUND(SUM($R30,$AE30,$AH30),2))) -> 29.09 | AJ30: =IF(ISERROR(IF($AF30="","",VLOOKUP(AI30,TRANSMUTATION_TABLE,4,TRUE))),"",IF($AF30="","",VLOOKUP(AI30,TRANSMUTATION_TABLE,4,TRUE))) -> 67 | AK30: =AJ30+5 -> 72 | AL30: 74 | AN30: =AF30+5 -> 12
A31: 20 | B31: ='INPUT DATA'!B31 -> ZOILO, JOHN LORENCE M. | F31: 4 | G31: 10 | H31: 10 | I31: 5 | J31: 19 | K31: 7 | L31: 50 | P31: =IF(COUNT($F31:$O31)=0,"",SUM($F31:$O31)) -> 105 | Q31: =IF(ISERROR(IF($P31="","",ROUND(($P31/$P$10)*$Q$10,2))),"",IF($P31="","",ROUND(($P31/$P$10)*$Q$10,2))) -> 42.86 | R31: =IF($Q31="","",ROUND($Q31*$R$10,2)) -> 12.86 | S31: 5 | T31: 36 | V31: 97 | W31: 90 | X31: 18 | Y31: 93 | AC31: =IF(COUNT($S31:$AB31)=0,"",SUM($S31:$AB31)) -> 339 | AD31: =IF(ISERROR(IF($AC31="","",ROUND(($AC31/$AC$10)*$AD$10,2))),"",IF($AC31="","",ROUND(($AC31/$AC$10)*$AD$10,2))) -> 81.69 | AE31: =IF($AD31="","",ROUND($AD31*$AE$10,2)) -> 40.85 | AF31: 18 | AG31: =IF(ISERROR(IF($AF31="","",ROUND(($AF31/$AF$10)*$AG$10,2))),"",IF($AF31="","",ROUND(($AF31/$AF$10)*$AG$10,2))) -> 45 | AH31: =IF($AG31="","",ROUND($AG31*$AH$10,2)) -> 9 | AI31: =IF(ISERROR(IF($AF31="","",ROUND(SUM($R31,$AE31,$AH31),2))),"",IF($AF31="","",ROUND(SUM($R31,$AE31,$AH31),2))) -> 62.71 | AJ31: =IF(ISERROR(IF($AF31="","",VLOOKUP(AI31,TRANSMUTATION_TABLE,4,TRUE))),"",IF($AF31="","",VLOOKUP(AI31,TRANSMUTATION_TABLE,4,TRUE))) -> 76 | AK31: =AJ31+5 -> 81 | AL31: 79 | AN31: =AF31+5 -> 23
A32: 21 | B32: ='INPUT DATA'!B32 -> CABO, JEREM | P32: =IF(COUNT($F32:$O32)=0,"",SUM($F32:$O32)) | Q32: =IF(ISERROR(IF($P32="","",ROUND(($P32/$P$10)*$Q$10,2))),"",IF($P32="","",ROUND(($P32/$P$10)*$Q$10,2))) | R32: =IF($Q32="","",ROUND($Q32*$R$10,2)) | AC32: =IF(COUNT($S32:$AB32)=0,"",SUM($S32:$AB32)) | AD32: =IF(ISERROR(IF($AC32="","",ROUND(($AC32/$AC$10)*$AD$10,2))),"",IF($AC32="","",ROUND(($AC32/$AC$10)*$AD$10,2))) | AE32: =IF($AD32="","",ROUND($AD32*$AE$10,2)) | AG32: =IF(ISERROR(IF($AF32="","",ROUND(($AF32/$AF$10)*$AG$10,2))),"",IF($AF32="","",ROUND(($AF32/$AF$10)*$AG$10,2))) | AH32: =IF($AG32="","",ROUND($AG32*$AH$10,2)) | AI32: =IF(ISERROR(IF($AF32="","",ROUND(SUM($R32,$AE32,$AH32),2))),"",IF($AF32="","",ROUND(SUM($R32,$AE32,$AH32),2))) | AJ32: =IF(ISERROR(IF($AF32="","",VLOOKUP(AI32,TRANSMUTATION_TABLE,4,TRUE))),"",IF($AF32="","",VLOOKUP(AI32,TRANSMUTATION_TABLE,4,TRUE)))
A33: 22 | B33: ='INPUT DATA'!B33 -> 0 | P33: =IF(COUNT($F33:$O33)=0,"",SUM($F33:$O33)) | Q33: =IF(ISERROR(IF($P33="","",ROUND(($P33/$P$10)*$Q$10,2))),"",IF($P33="","",ROUND(($P33/$P$10)*$Q$10,2))) | R33: =IF($Q33="","",ROUND($Q33*$R$10,2)) | AC33: =IF(COUNT($S33:$AB33)=0,"",SUM($S33:$AB33)) | AD33: =IF(ISERROR(IF($AC33="","",ROUND(($AC33/$AC$10)*$AD$10,2))),"",IF($AC33="","",ROUND(($AC33/$AC$10)*$AD$10,2))) | AE33: =IF($AD33="","",ROUND($AD33*$AE$10,2)) | AG33: =IF(ISERROR(IF($AF33="","",ROUND(($AF33/$AF$10)*$AG$10,2))),"",IF($AF33="","",ROUND(($AF33/$AF$10)*$AG$10,2))) | AH33: =IF($AG33="","",ROUND($AG33*$AH$10,2)) | AI33: =IF(ISERROR(IF($AF33="","",ROUND(SUM($R33,$AE33,$AH33),2))),"",IF($AF33="","",ROUND(SUM($R33,$AE33,$AH33),2))) | AJ33: =IF(ISERROR(IF($AF33="","",VLOOKUP(AI33,TRANSMUTATION_TABLE,4,TRUE))),"",IF($AF33="","",VLOOKUP(AI33,TRANSMUTATION_TABLE,4,TRUE)))
A34: 23 | B34: ='INPUT DATA'!B34 -> 0 | P34: =IF(COUNT($F34:$O34)=0,"",SUM($F34:$O34)) | Q34: =IF(ISERROR(IF($P34="","",ROUND(($P34/$P$10)*$Q$10,2))),"",IF($P34="","",ROUND(($P34/$P$10)*$Q$10,2))) | R34: =IF($Q34="","",ROUND($Q34*$R$10,2)) | AC34: =IF(COUNT($S34:$AB34)=0,"",SUM($S34:$AB34)) | AD34: =IF(ISERROR(IF($AC34="","",ROUND(($AC34/$AC$10)*$AD$10,2))),"",IF($AC34="","",ROUND(($AC34/$AC$10)*$AD$10,2))) | AE34: =IF($AD34="","",ROUND($AD34*$AE$10,2)) | AG34: =IF(ISERROR(IF($AF34="","",ROUND(($AF34/$AF$10)*$AG$10,2))),"",IF($AF34="","",ROUND(($AF34/$AF$10)*$AG$10,2))) | AH34: =IF($AG34="","",ROUND($AG34*$AH$10,2)) | AI34: =IF(ISERROR(IF($AF34="","",ROUND(SUM($R34,$AE34,$AH34),2))),"",IF($AF34="","",ROUND(SUM($R34,$AE34,$AH34),2))) | AJ34: =IF(ISERROR(IF($AF34="","",VLOOKUP(AI34,TRANSMUTATION_TABLE,4,TRUE))),"",IF($AF34="","",VLOOKUP(AI34,TRANSMUTATION_TABLE,4,TRUE)))
A35: 24 | B35: ='INPUT DATA'!B35 -> 0 | P35: =IF(COUNT($F35:$O35)=0,"",SUM($F35:$O35)) | Q35: =IF(ISERROR(IF($P35="","",ROUND(($P35/$P$10)*$Q$10,2))),"",IF($P35="","",ROUND(($P35/$P$10)*$Q$10,2))) | R35: =IF($Q35="","",ROUND($Q35*$R$10,2)) | AC35: =IF(COUNT($S35:$AB35)=0,"",SUM($S35:$AB35)) | AD35: =IF(ISERROR(IF($AC35="","",ROUND(($AC35/$AC$10)*$AD$10,2))),"",IF($AC35="","",ROUND(($AC35/$AC$10)*$AD$10,2))) | AE35: =IF($AD35="","",ROUND($AD35*$AE$10,2)) | AG35: =IF(ISERROR(IF($AF35="","",ROUND(($AF35/$AF$10)*$AG$10,2))),"",IF($AF35="","",ROUND(($AF35/$AF$10)*$AG$10,2))) | AH35: =IF($AG35="","",ROUND($AG35*$AH$10,2)) | AI35: =IF(ISERROR(IF($AF35="","",ROUND(SUM($R35,$AE35,$AH35),2))),"",IF($AF35="","",ROUND(SUM($R35,$AE35,$AH35),2))) | AJ35: =IF(ISERROR(IF($AF35="","",VLOOKUP(AI35,TRANSMUTATION_TABLE,4,TRUE))),"",IF($AF35="","",VLOOKUP(AI35,TRANSMUTATION_TABLE,4,TRUE)))
A36: 25 | B36: ='INPUT DATA'!B36 -> 0 | P36: =IF(COUNT($F36:$O36)=0,"",SUM($F36:$O36)) | Q36: =IF(ISERROR(IF($P36="","",ROUND(($P36/$P$10)*$Q$10,2))),"",IF($P36="","",ROUND(($P36/$P$10)*$Q$10,2))) | R36: =IF($Q36="","",ROUND($Q36*$R$10,2)) | AC36: =IF(COUNT($S36:$AB36)=0,"",SUM($S36:$AB36)) | AD36: =IF(ISERROR(IF($AC36="","",ROUND(($AC36/$AC$10)*$AD$10,2))),"",IF($AC36="","",ROUND(($AC36/$AC$10)*$AD$10,2))) | AE36: =IF($AD36="","",ROUND($AD36*$AE$10,2)) | AG36: =IF(ISERROR(IF($AF36="","",ROUND(($AF36/$AF$10)*$AG$10,2))),"",IF($AF36="","",ROUND(($AF36/$AF$10)*$AG$10,2))) | AH36: =IF($AG36="","",ROUND($AG36*$AH$10,2)) | AI36: =IF(ISERROR(IF($AF36="","",ROUND(SUM($R36,$AE36,$AH36),2))),"",IF($AF36="","",ROUND(SUM($R36,$AE36,$AH36),2))) | AJ36: =IF(ISERROR(IF($AF36="","",VLOOKUP(AI36,TRANSMUTATION_TABLE,4,TRUE))),"",IF($AF36="","",VLOOKUP(AI36,TRANSMUTATION_TABLE,4,TRUE)))
A37: 26 | B37: ='INPUT DATA'!B37 -> 0 | P37: =IF(COUNT($F37:$O37)=0,"",SUM($F37:$O37)) | Q37: =IF(ISERROR(IF($P37="","",ROUND(($P37/$P$10)*$Q$10,2))),"",IF($P37="","",ROUND(($P37/$P$10)*$Q$10,2))) | R37: =IF($Q37="","",ROUND($Q37*$R$10,2)) | AC37: =IF(COUNT($S37:$AB37)=0,"",SUM($S37:$AB37)) | AD37: =IF(ISERROR(IF($AC37="","",ROUND(($AC37/$AC$10)*$AD$10,2))),"",IF($AC37="","",ROUND(($AC37/$AC$10)*$AD$10,2))) | AE37: =IF($AD37="","",ROUND($AD37*$AE$10,2)) | AG37: =IF(ISERROR(IF($AF37="","",ROUND(($AF37/$AF$10)*$AG$10,2))),"",IF($AF37="","",ROUND(($AF37/$AF$10)*$AG$10,2))) | AH37: =IF($AG37="","",ROUND($AG37*$AH$10,2)) | AI37: =IF(ISERROR(IF($AF37="","",ROUND(SUM($R37,$AE37,$AH37),2))),"",IF($AF37="","",ROUND(SUM($R37,$AE37,$AH37),2))) | AJ37: =IF(ISERROR(IF($AF37="","",VLOOKUP(AI37,TRANSMUTATION_TABLE,4,TRUE))),"",IF($AF37="","",VLOOKUP(AI37,TRANSMUTATION_TABLE,4,TRUE)))
A38: 27 | B38: ='INPUT DATA'!B38 -> 0 | P38: =IF(COUNT($F38:$O38)=0,"",SUM($F38:$O38)) | Q38: =IF(ISERROR(IF($P38="","",ROUND(($P38/$P$10)*$Q$10,2))),"",IF($P38="","",ROUND(($P38/$P$10)*$Q$10,2))) | R38: =IF($Q38="","",ROUND($Q38*$R$10,2)) | AC38: =IF(COUNT($S38:$AB38)=0,"",SUM($S38:$AB38)) | AD38: =IF(ISERROR(IF($AC38="","",ROUND(($AC38/$AC$10)*$AD$10,2))),"",IF($AC38="","",ROUND(($AC38/$AC$10)*$AD$10,2))) | AE38: =IF($AD38="","",ROUND($AD38*$AE$10,2)) | AG38: =IF(ISERROR(IF($AF38="","",ROUND(($AF38/$AF$10)*$AG$10,2))),"",IF($AF38="","",ROUND(($AF38/$AF$10)*$AG$10,2))) | AH38: =IF($AG38="","",ROUND($AG38*$AH$10,2)) | AI38: =IF(ISERROR(IF($AF38="","",ROUND(SUM($R38,$AE38,$AH38),2))),"",IF($AF38="","",ROUND(SUM($R38,$AE38,$AH38),2))) | AJ38: =IF(ISERROR(IF($AF38="","",VLOOKUP(AI38,TRANSMUTATION_TABLE,4,TRUE))),"",IF($AF38="","",VLOOKUP(AI38,TRANSMUTATION_TABLE,4,TRUE)))
A39: 28 | B39: ='INPUT DATA'!B39 -> 0 | P39: =IF(COUNT($F39:$O39)=0,"",SUM($F39:$O39)) | Q39: =IF(ISERROR(IF($P39="","",ROUND(($P39/$P$10)*$Q$10,2))),"",IF($P39="","",ROUND(($P39/$P$10)*$Q$10,2))) | R39: =IF($Q39="","",ROUND($Q39*$R$10,2)) | AC39: =IF(COUNT($S39:$AB39)=0,"",SUM($S39:$AB39)) | AD39: =IF(ISERROR(IF($AC39="","",ROUND(($AC39/$AC$10)*$AD$10,2))),"",IF($AC39="","",ROUND(($AC39/$AC$10)*$AD$10,2))) | AE39: =IF($AD39="","",ROUND($AD39*$AE$10,2)) | AG39: =IF(ISERROR(IF($AF39="","",ROUND(($AF39/$AF$10)*$AG$10,2))),"",IF($AF39="","",ROUND(($AF39/$AF$10)*$AG$10,2))) | AH39: =IF($AG39="","",ROUND($AG39*$AH$10,2)) | AI39: =IF(ISERROR(IF($AF39="","",ROUND(SUM($R39,$AE39,$AH39),2))),"",IF($AF39="","",ROUND(SUM($R39,$AE39,$AH39),2))) | AJ39: =IF(ISERROR(IF($AF39="","",VLOOKUP(AI39,TRANSMUTATION_TABLE,4,TRUE))),"",IF($AF39="","",VLOOKUP(AI39,TRANSMUTATION_TABLE,4,TRUE)))
A40: 29 | B40: ='INPUT DATA'!B40 -> 0 | P40: =IF(COUNT($F40:$O40)=0,"",SUM($F40:$O40)) | Q40: =IF(ISERROR(IF($P40="","",ROUND(($P40/$P$10)*$Q$10,2))),"",IF($P40="","",ROUND(($P40/$P$10)*$Q$10,2))) | R40: =IF($Q40="","",ROUND($Q40*$R$10,2)) | AC40: =IF(COUNT($S40:$AB40)=0,"",SUM($S40:$AB40)) | AD40: =IF(ISERROR(IF($AC40="","",ROUND(($AC40/$AC$10)*$AD$10,2))),"",IF($AC40="","",ROUND(($AC40/$AC$10)*$AD$10,2))) | AE40: =IF($AD40="","",ROUND($AD40*$AE$10,2)) | AG40: =IF(ISERROR(IF($AF40="","",ROUND(($AF40/$AF$10)*$AG$10,2))),"",IF($AF40="","",ROUND(($AF40/$AF$10)*$AG$10,2))) | AH40: =IF($AG40="","",ROUND($AG40*$AH$10,2)) | AI40: =IF(ISERROR(IF($AF40="","",ROUND(SUM($R40,$AE40,$AH40),2))),"",IF($AF40="","",ROUND(SUM($R40,$AE40,$AH40),2))) | AJ40: =IF(ISERROR(IF($AF40="","",VLOOKUP(AI40,TRANSMUTATION_TABLE,4,TRUE))),"",IF($AF40="","",VLOOKUP(AI40,TRANSMUTATION_TABLE,4,TRUE)))
A41: 30 | B41: ='INPUT DATA'!B41 -> 0 | P41: =IF(COUNT($F41:$O41)=0,"",SUM($F41:$O41)) | Q41: =IF(ISERROR(IF($P41="","",ROUND(($P41/$P$10)*$Q$10,2))),"",IF($P41="","",ROUND(($P41/$P$10)*$Q$10,2))) | R41: =IF($Q41="","",ROUND($Q41*$R$10,2)) | AC41: =IF(COUNT($S41:$AB41)=0,"",SUM($S41:$AB41)) | AD41: =IF(ISERROR(IF($AC41="","",ROUND(($AC41/$AC$10)*$AD$10,2))),"",IF($AC41="","",ROUND(($AC41/$AC$10)*$AD$10,2))) | AE41: =IF($AD41="","",ROUND($AD41*$AE$10,2)) | AG41: =IF(ISERROR(IF($AF41="","",ROUND(($AF41/$AF$10)*$AG$10,2))),"",IF($AF41="","",ROUND(($AF41/$AF$10)*$AG$10,2))) | AH41: =IF($AG41="","",ROUND($AG41*$AH$10,2)) | AI41: =IF(ISERROR(IF($AF41="","",ROUND(SUM($R41,$AE41,$AH41),2))),"",IF($AF41="","",ROUND(SUM($R41,$AE41,$AH41),2))) | AJ41: =IF(ISERROR(IF($AF41="","",VLOOKUP(AI41,TRANSMUTATION_TABLE,4,TRUE))),"",IF($AF41="","",VLOOKUP(AI41,TRANSMUTATION_TABLE,4,TRUE)))
A42: 31 | B42: ='INPUT DATA'!B42 -> 0 | P42: =IF(COUNT($F42:$O42)=0,"",SUM($F42:$O42)) | Q42: =IF(ISERROR(IF($P42="","",ROUND(($P42/$P$10)*$Q$10,2))),"",IF($P42="","",ROUND(($P42/$P$10)*$Q$10,2))) | R42: =IF($Q42="","",ROUND($Q42*$R$10,2)) | AC42: =IF(COUNT($S42:$AB42)=0,"",SUM($S42:$AB42)) | AD42: =IF(ISERROR(IF($AC42="","",ROUND(($AC42/$AC$10)*$AD$10,2))),"",IF($AC42="","",ROUND(($AC42/$AC$10)*$AD$10,2))) | AE42: =IF($AD42="","",ROUND($AD42*$AE$10,2)) | AG42: =IF(ISERROR(IF($AF42="","",ROUND(($AF42/$AF$10)*$AG$10,2))),"",IF($AF42="","",ROUND(($AF42/$AF$10)*$AG$10,2))) | AH42: =IF($AG42="","",ROUND($AG42*$AH$10,2)) | AI42: =IF(ISERROR(IF($AF42="","",ROUND(SUM($R42,$AE42,$AH42),2))),"",IF($AF42="","",ROUND(SUM($R42,$AE42,$AH42),2))) | AJ42: =IF(ISERROR(IF($AF42="","",VLOOKUP(AI42,TRANSMUTATION_TABLE,4,TRUE))),"",IF($AF42="","",VLOOKUP(AI42,TRANSMUTATION_TABLE,4,TRUE)))
A43: 32 | B43: ='INPUT DATA'!B43 -> 0 | P43: =IF(COUNT($F43:$O43)=0,"",SUM($F43:$O43)) | Q43: =IF(ISERROR(IF($P43="","",ROUND(($P43/$P$10)*$Q$10,2))),"",IF($P43="","",ROUND(($P43/$P$10)*$Q$10,2))) | R43: =IF($Q43="","",ROUND($Q43*$R$10,2)) | AC43: =IF(COUNT($S43:$AB43)=0,"",SUM($S43:$AB43)) | AD43: =IF(ISERROR(IF($AC43="","",ROUND(($AC43/$AC$10)*$AD$10,2))),"",IF($AC43="","",ROUND(($AC43/$AC$10)*$AD$10,2))) | AE43: =IF($AD43="","",ROUND($AD43*$AE$10,2)) | AG43: =IF(ISERROR(IF($AF43="","",ROUND(($AF43/$AF$10)*$AG$10,2))),"",IF($AF43="","",ROUND(($AF43/$AF$10)*$AG$10,2))) | AH43: =IF($AG43="","",ROUND($AG43*$AH$10,2)) | AI43: =IF(ISERROR(IF($AF43="","",ROUND(SUM($R43,$AE43,$AH43),2))),"",IF($AF43="","",ROUND(SUM($R43,$AE43,$AH43),2))) | AJ43: =IF(ISERROR(IF($AF43="","",VLOOKUP(AI43,TRANSMUTATION_TABLE,4,TRUE))),"",IF($AF43="","",VLOOKUP(AI43,TRANSMUTATION_TABLE,4,TRUE)))
... A61: 50 | B61: ='INPUT DATA'!B61 -> 0 | P61: =IF(COUNT($F61:$O61)=0,"",SUM($F61:$O61)) | Q61: =IF(ISERROR(IF($P61="","",ROUND(($P61/$P$10)*$Q$10,2))),"",IF($P61="","",ROUND(($P61/$P$10)*$Q$10,2))) | R61: =IF($Q61="","",ROUND($Q61*$R$10,2)) | AC61: =IF(COUNT($S61:$AB61)=0,"",SUM($S61:$AB61)) | AD61: =IF(ISERROR(IF($AC61="","",ROUND(($AC61/$AC$10)*$AD$10,2))),"",IF($AC61="","",ROUND(($AC61/$AC$10)*$AD$10,2))) | AE61: =IF($AD61="","",ROUND($AD61*$AE$10,2)) | AG61: =IF(ISERROR(IF($AF61="","",ROUND(($AF61/$AF$10)*$AG$10,2))),"",IF($AF61="","",ROUND(($AF61/$AF$10)*$AG$10,2))) | AH61: =IF($AG61="","",ROUND($AG61*$AH$10,2)) | AI61: =IF(ISERROR(IF($AF61="","",ROUND(SUM($R61,$AE61,$AH61),2))),"",IF($AF61="","",ROUND(SUM($R61,$AE61,$AH61),2))) | AJ61: =IF(ISERROR(IF($AF61="","",VLOOKUP(AI61,TRANSMUTATION_TABLE,4,TRUE))),"",IF($AF61="","",VLOOKUP(AI61,TRANSMUTATION_TABLE,4,TRUE)))
B62: FEMALE
A63: 1 | B63: ='INPUT DATA'!B63 -> ANGCOY, PRINCESS NAILLE T. | F63: 5 | G63: 7 | I63: 2 | K63: 3 | L63: 50 | P63: =IF(COUNT($F63:$O63)=0,"",SUM($F63:$O63)) -> 67 | Q63: =IF(ISERROR(IF($P63="","",ROUND(($P63/$P$10)*$Q$10,2))),"",IF($P63="","",ROUND(($P63/$P$10)*$Q$10,2))) -> 27.35 | R63: =IF($Q63="","",ROUND($Q63*$R$10,2)) -> 8.21 | S63: 5 | T63: 34 | U63: 40 | V63: 96 | W63: 95 | Y63: 92 | AC63: =IF(COUNT($S63:$AB63)=0,"",SUM($S63:$AB63)) -> 362 | AD63: =IF(ISERROR(IF($AC63="","",ROUND(($AC63/$AC$10)*$AD$10,2))),"",IF($AC63="","",ROUND(($AC63/$AC$10)*$AD$10,2))) -> 87.23 | AE63: =IF($AD63="","",ROUND($AD63*$AE$10,2)) -> 43.62 | AF63: 26 | AG63: =IF(ISERROR(IF($AF63="","",ROUND(($AF63/$AF$10)*$AG$10,2))),"",IF($AF63="","",ROUND(($AF63/$AF$10)*$AG$10,2))) -> 65 | AH63: =IF($AG63="","",ROUND($AG63*$AH$10,2)) -> 13 | AI63: =IF(ISERROR(IF($AF63="","",ROUND(SUM($R63,$AE63,$AH63),2))),"",IF($AF63="","",ROUND(SUM($R63,$AE63,$AH63),2))) -> 64.83 | AJ63: =IF(ISERROR(IF($AF63="","",VLOOKUP(AI63,TRANSMUTATION_TABLE,4,TRUE))),"",IF($AF63="","",VLOOKUP(AI63,TRANSMUTATION_TABLE,4,TRUE))) -> 78 | AK63: =AJ63+5 -> 83 | AL63: 83 | AN63: =AF63+5 -> 31
A64: 2 | B64: ='INPUT DATA'!B64 -> BIMOS, SHEILLA KATE | F64: 7 | G64: 10 | H64: 9 | I64: 2 | J64: 15 | L64: 50 | P64: =IF(COUNT($F64:$O64)=0,"",SUM($F64:$O64)) -> 93 | Q64: =IF(ISERROR(IF($P64="","",ROUND(($P64/$P$10)*$Q$10,2))),"",IF($P64="","",ROUND(($P64/$P$10)*$Q$10,2))) -> 37.96 | R64: =IF($Q64="","",ROUND($Q64*$R$10,2)) -> 11.39 | S64: 5 | T64: 34 | V64: 97 | X64: 20 | Y64: 98 | AC64: =IF(COUNT($S64:$AB64)=0,"",SUM($S64:$AB64)) -> 254 | AD64: =IF(ISERROR(IF($AC64="","",ROUND(($AC64/$AC$10)*$AD$10,2))),"",IF($AC64="","",ROUND(($AC64/$AC$10)*$AD$10,2))) -> 61.2 | AE64: =IF($AD64="","",ROUND($AD64*$AE$10,2)) -> 30.6 | AF64: 14 | AG64: =IF(ISERROR(IF($AF64="","",ROUND(($AF64/$AF$10)*$AG$10,2))),"",IF($AF64="","",ROUND(($AF64/$AF$10)*$AG$10,2))) -> 35 | AH64: =IF($AG64="","",ROUND($AG64*$AH$10,2)) -> 7 | AI64: =IF(ISERROR(IF($AF64="","",ROUND(SUM($R64,$AE64,$AH64),2))),"",IF($AF64="","",ROUND(SUM($R64,$AE64,$AH64),2))) -> 48.99 | AJ64: =IF(ISERROR(IF($AF64="","",VLOOKUP(AI64,TRANSMUTATION_TABLE,4,TRUE))),"",IF($AF64="","",VLOOKUP(AI64,TRANSMUTATION_TABLE,4,TRUE))) -> 72 | AK64: =AJ64+5 -> 77 | AL64: 77 | AN64: =AF64+5 -> 19
A65: 3 | B65: ='INPUT DATA'!B65 -> BONGABONG, DWEYN ZAIRA A. | F65: 5 | G65: 8 | J65: 15 | L65: 140 | P65: =IF(COUNT($F65:$O65)=0,"",SUM($F65:$O65)) -> 168 | Q65: =IF(ISERROR(IF($P65="","",ROUND(($P65/$P$10)*$Q$10,2))),"",IF($P65="","",ROUND(($P65/$P$10)*$Q$10,2))) -> 68.57 | R65: =IF($Q65="","",ROUND($Q65*$R$10,2)) -> 20.57 | S65: 5 | T65: 34 | V65: 92 | W65: 96 | X65: 20 | Y65: 92 | AC65: =IF(COUNT($S65:$AB65)=0,"",SUM($S65:$AB65)) -> 339 | AD65: =IF(ISERROR(IF($AC65="","",ROUND(($AC65/$AC$10)*$AD$10,2))),"",IF($AC65="","",ROUND(($AC65/$AC$10)*$AD$10,2))) -> 81.69 | AE65: =IF($AD65="","",ROUND($AD65*$AE$10,2)) -> 40.85 | AF65: 14 | AG65: =IF(ISERROR(IF($AF65="","",ROUND(($AF65/$AF$10)*$AG$10,2))),"",IF($AF65="","",ROUND(($AF65/$AF$10)*$AG$10,2))) -> 35 | AH65: =IF($AG65="","",ROUND($AG65*$AH$10,2)) -> 7 | AI65: =IF(ISERROR(IF($AF65="","",ROUND(SUM($R65,$AE65,$AH65),2))),"",IF($AF65="","",ROUND(SUM($R65,$AE65,$AH65),2))) -> 68.42 | AJ65: =IF(ISERROR(IF($AF65="","",VLOOKUP(AI65,TRANSMUTATION_TABLE,4,TRUE))),"",IF($AF65="","",VLOOKUP(AI65,TRANSMUTATION_TABLE,4,TRUE))) -> 80 | AK65: =AJ65+5 -> 85 | AL65: 85 | AN65: =AF65+5 -> 19
A66: 4 | B66: ='INPUT DATA'!B66 -> CABEL, LOURENE A. | F66: 3 | G66: 8 | H66: 10 | I66: 5 | J66: 15 | K66: 10 | L66: 170 | P66: =IF(COUNT($F66:$O66)=0,"",SUM($F66:$O66)) -> 221 | Q66: =IF(ISERROR(IF($P66="","",ROUND(($P66/$P$10)*$Q$10,2))),"",IF($P66="","",ROUND(($P66/$P$10)*$Q$10,2))) -> 90.2 | R66: =IF($Q66="","",ROUND($Q66*$R$10,2)) -> 27.06 | S66: 5 | T66: 34 | U66: 48 | V66: 93 | W66: 96 | Y66: 92 | AC66: =IF(COUNT($S66:$AB66)=0,"",SUM($S66:$AB66)) -> 368 | AD66: =IF(ISERROR(IF($AC66="","",ROUND(($AC66/$AC$10)*$AD$10,2))),"",IF($AC66="","",ROUND(($AC66/$AC$10)*$AD$10,2))) -> 88.67 | AE66: =IF($AD66="","",ROUND($AD66*$AE$10,2)) -> 44.34 | AF66: 34 | AG66: =IF(ISERROR(IF($AF66="","",ROUND(($AF66/$AF$10)*$AG$10,2))),"",IF($AF66="","",ROUND(($AF66/$AF$10)*$AG$10,2))) -> 85 | AH66: =IF($AG66="","",ROUND($AG66*$AH$10,2)) -> 17 | AI66: =IF(ISERROR(IF($AF66="","",ROUND(SUM($R66,$AE66,$AH66),2))),"",IF($AF66="","",ROUND(SUM($R66,$AE66,$AH66),2))) -> 88.4 | AJ66: =IF(ISERROR(IF($AF66="","",VLOOKUP(AI66,TRANSMUTATION_TABLE,4,TRUE))),"",IF($AF66="","",VLOOKUP(AI66,TRANSMUTATION_TABLE,4,TRUE))) -> 92 | AK66: =AJ66+3 -> 95 | AL66: 95 | AN66: =AF66+5 -> 39
A67: 5 | B67: ='INPUT DATA'!B67 -> CAMIGAO, DHENISE CLARE V. | F67: 2 | G67: 6 | H67: 4 | L67: 40 | P67: =IF(COUNT($F67:$O67)=0,"",SUM($F67:$O67)) -> 52 | Q67: =IF(ISERROR(IF($P67="","",ROUND(($P67/$P$10)*$Q$10,2))),"",IF($P67="","",ROUND(($P67/$P$10)*$Q$10,2))) -> 21.22 | R67: =IF($Q67="","",ROUND($Q67*$R$10,2)) -> 6.37 | S67: 5 | T67: 33 | U67: 48 | V67: 92 | W67: 96 | X67: 20 | Y67: 98 | AC67: =IF(COUNT($S67:$AB67)=0,"",SUM($S67:$AB67)) -> 392 | AD67: =IF(ISERROR(IF($AC67="","",ROUND(($AC67/$AC$10)*$AD$10,2))),"",IF($AC67="","",ROUND(($AC67/$AC$10)*$AD$10,2))) -> 94.46 | AE67: =IF($AD67="","",ROUND($AD67*$AE$10,2)) -> 47.23 | AF67: 9 | AG67: =IF(ISERROR(IF($AF67="","",ROUND(($AF67/$AF$10)*$AG$10,2))),"",IF($AF67="","",ROUND(($AF67/$AF$10)*$AG$10,2))) -> 22.5 | AH67: =IF($AG67="","",ROUND($AG67*$AH$10,2)) -> 4.5 | AI67: =IF(ISERROR(IF($AF67="","",ROUND(SUM($R67,$AE67,$AH67),2))),"",IF($AF67="","",ROUND(SUM($R67,$AE67,$AH67),2))) -> 58.1 | AJ67: =IF(ISERROR(IF($AF67="","",VLOOKUP(AI67,TRANSMUTATION_TABLE,4,TRUE))),"",IF($AF67="","",VLOOKUP(AI67,TRANSMUTATION_TABLE,4,TRUE))) -> 74 | AK67: =AJ67+5 -> 79 | AL67: 79 | AN67: =AF67+5 -> 14
A68: 6 | B68: ='INPUT DATA'!B68 -> CARISMA, NATHALIA MAE M. | F68: 8 | G68: 10 | I68: 2 | J68: 11 | K68: 5 | L68: 110 | P68: =IF(COUNT($F68:$O68)=0,"",SUM($F68:$O68)) -> 146 | Q68: =IF(ISERROR(IF($P68="","",ROUND(($P68/$P$10)*$Q$10,2))),"",IF($P68="","",ROUND(($P68/$P$10)*$Q$10,2))) -> 59.59 | R68: =IF($Q68="","",ROUND($Q68*$R$10,2)) -> 17.88 | S68: 5 | T68: 34 | U68: 40 | V68: 95 | W68: 94 | X68: 20 | Y68: 98 | AC68: =IF(COUNT($S68:$AB68)=0,"",SUM($S68:$AB68)) -> 386 | AD68: =IF(ISERROR(IF($AC68="","",ROUND(($AC68/$AC$10)*$AD$10,2))),"",IF($AC68="","",ROUND(($AC68/$AC$10)*$AD$10,2))) -> 93.01 | AE68: =IF($AD68="","",ROUND($AD68*$AE$10,2)) -> 46.51 | AF68: 21 | AG68: =IF(ISERROR(IF($AF68="","",ROUND(($AF68/$AF$10)*$AG$10,2))),"",IF($AF68="","",ROUND(($AF68/$AF$10)*$AG$10,2))) -> 52.5 | AH68: =IF($AG68="","",ROUND($AG68*$AH$10,2)) -> 10.5 | AI68: =IF(ISERROR(IF($AF68="","",ROUND(SUM($R68,$AE68,$AH68),2))),"",IF($AF68="","",ROUND(SUM($R68,$AE68,$AH68),2))) -> 74.89 | AJ68: =IF(ISERROR(IF($AF68="","",VLOOKUP(AI68,TRANSMUTATION_TABLE,4,TRUE))),"",IF($AF68="","",VLOOKUP(AI68,TRANSMUTATION_TABLE,4,TRUE))) -> 84 | AK68: =AJ68+5 -> 89 | AL68: 89 | AN68: =AF68+5 -> 26
A69: 7 | B69: ='INPUT DATA'!B69 -> CLARO, REANZ P. | F69: 1 | G69: 3 | H69: 10 | J69: 10 | K69: 8 | L69: 140 | P69: =IF(COUNT($F69:$O69)=0,"",SUM($F69:$O69)) -> 172 | Q69: =IF(ISERROR(IF($P69="","",ROUND(($P69/$P$10)*$Q$10,2))),"",IF($P69="","",ROUND(($P69/$P$10)*$Q$10,2))) -> 70.2 | R69: =IF($Q69="","",ROUND($Q69*$R$10,2)) -> 21.06 | S69: 5 | T69: 33 | U69: 48 | V69: 95 | W69: 95 | X69: 18 | Y69: 95 | AC69: =IF(COUNT($S69:$AB69)=0,"",SUM($S69:$AB69)) -> 389 | AD69: =IF(ISERROR(IF($AC69="","",ROUND(($AC69/$AC$10)*$AD$10,2))),"",IF($AC69="","",ROUND(($AC69/$AC$10)*$AD$10,2))) -> 93.73 | AE69: =IF($AD69="","",ROUND($AD69*$AE$10,2)) -> 46.87 | AF69: 20 | AG69: =IF(ISERROR(IF($AF69="","",ROUND(($AF69/$AF$10)*$AG$10,2))),"",IF($AF69="","",ROUND(($AF69/$AF$10)*$AG$10,2))) -> 50 | AH69: =IF($AG69="","",ROUND($AG69*$AH$10,2)) -> 10 | AI69: =IF(ISERROR(IF($AF69="","",ROUND(SUM($R69,$AE69,$AH69),2))),"",IF($AF69="","",ROUND(SUM($R69,$AE69,$AH69),2))) -> 77.93 | AJ69: =IF(ISERROR(IF($AF69="","",VLOOKUP(AI69,TRANSMUTATION_TABLE,4,TRUE))),"",IF($AF69="","",VLOOKUP(AI69,TRANSMUTATION_TABLE,4,TRUE))) -> 86 | AK69: =AJ69+5 -> 91 | AL69: 91 | AN69: =AF69+5 -> 25
A70: 8 | B70: ='INPUT DATA'!B70 -> FRANCISCO, YSABELLA BEATRICE B. | F70: 5 | G70: 8 | I70: 4 | J70: 17 | K70: 9 | L70: 120 | P70: =IF(COUNT($F70:$O70)=0,"",SUM($F70:$O70)) -> 163 | Q70: =IF(ISERROR(IF($P70="","",ROUND(($P70/$P$10)*$Q$10,2))),"",IF($P70="","",ROUND(($P70/$P$10)*$Q$10,2))) -> 66.53 | R70: =IF($Q70="","",ROUND($Q70*$R$10,2)) -> 19.96 | S70: 5 | U70: 50 | V70: 96 | W70: 96 | X70: 20 | Y70: 95 | AC70: =IF(COUNT($S70:$AB70)=0,"",SUM($S70:$AB70)) -> 362 | AD70: =IF(ISERROR(IF($AC70="","",ROUND(($AC70/$AC$10)*$AD$10,2))),"",IF($AC70="","",ROUND(($AC70/$AC$10)*$AD$10,2))) -> 87.23 | AE70: =IF($AD70="","",ROUND($AD70*$AE$10,2)) -> 43.62 | AF70: 32 | AG70: =IF(ISERROR(IF($AF70="","",ROUND(($AF70/$AF$10)*$AG$10,2))),"",IF($AF70="","",ROUND(($AF70/$AF$10)*$AG$10,2))) -> 80 | AH70: =IF($AG70="","",ROUND($AG70*$AH$10,2)) -> 16 | AI70: =IF(ISERROR(IF($AF70="","",ROUND(SUM($R70,$AE70,$AH70),2))),"",IF($AF70="","",ROUND(SUM($R70,$AE70,$AH70),2))) -> 79.58 | AJ70: =IF(ISERROR(IF($AF70="","",VLOOKUP(AI70,TRANSMUTATION_TABLE,4,TRUE))),"",IF($AF70="","",VLOOKUP(AI70,TRANSMUTATION_TABLE,4,TRUE))) -> 87 | AK70: =AJ70+5 -> 92 | AL70: 92 | AN70: =AF70+5 -> 37
A71: 9 | B71: ='INPUT DATA'!B71 -> GALDO, ALYSSA RHIAN P. | G71: 10 | H71: 10 | P71: =IF(COUNT($F71:$O71)=0,"",SUM($F71:$O71)) -> 20 | Q71: =IF(ISERROR(IF($P71="","",ROUND(($P71/$P$10)*$Q$10,2))),"",IF($P71="","",ROUND(($P71/$P$10)*$Q$10,2))) -> 8.16 | R71: =IF($Q71="","",ROUND($Q71*$R$10,2)) -> 2.45 | S71: 5 | T71: 36 | V71: 95 | AC71: =IF(COUNT($S71:$AB71)=0,"",SUM($S71:$AB71)) -> 136 | AD71: =IF(ISERROR(IF($AC71="","",ROUND(($AC71/$AC$10)*$AD$10,2))),"",IF($AC71="","",ROUND(($AC71/$AC$10)*$AD$10,2))) -> 32.77 | AE71: =IF($AD71="","",ROUND($AD71*$AE$10,2)) -> 16.39 | AG71: =IF(ISERROR(IF($AF71="","",ROUND(($AF71/$AF$10)*$AG$10,2))),"",IF($AF71="","",ROUND(($AF71/$AF$10)*$AG$10,2))) | AH71: =IF($AG71="","",ROUND($AG71*$AH$10,2)) | AI71: =IF(ISERROR(IF($AF71="","",ROUND(SUM($R71,$AE71,$AH71),2))),"",IF($AF71="","",ROUND(SUM($R71,$AE71,$AH71),2))) | AJ71: =IF(ISERROR(IF($AF71="","",VLOOKUP(AI71,TRANSMUTATION_TABLE,4,TRUE))),"",IF($AF71="","",VLOOKUP(AI71,TRANSMUTATION_TABLE,4,TRUE)))
A72: 10 | B72: ='INPUT DATA'!B72 -> HURAÑO, RIOMI M. | F72: 2 | G72: 10 | H72: 10 | I72: 5 | J72: 11 | K72: 10 | L72: 60 | P72: =IF(COUNT($F72:$O72)=0,"",SUM($F72:$O72)) -> 108 | Q72: =IF(ISERROR(IF($P72="","",ROUND(($P72/$P$10)*$Q$10,2))),"",IF($P72="","",ROUND(($P72/$P$10)*$Q$10,2))) -> 44.08 | R72: =IF($Q72="","",ROUND($Q72*$R$10,2)) -> 13.22 | S72: 5 | T72: 33 | U72: 40 | V72: 95 | W72: 96 | X72: 20 | Y72: 95 | AC72: =IF(COUNT($S72:$AB72)=0,"",SUM($S72:$AB72)) -> 384 | AD72: =IF(ISERROR(IF($AC72="","",ROUND(($AC72/$AC$10)*$AD$10,2))),"",IF($AC72="","",ROUND(($AC72/$AC$10)*$AD$10,2))) -> 92.53 | AE72: =IF($AD72="","",ROUND($AD72*$AE$10,2)) -> 46.27 | AF72: 30 | AG72: =IF(ISERROR(IF($AF72="","",ROUND(($AF72/$AF$10)*$AG$10,2))),"",IF($AF72="","",ROUND(($AF72/$AF$10)*$AG$10,2))) -> 75 | AH72: =IF($AG72="","",ROUND($AG72*$AH$10,2)) -> 15 | AI72: =IF(ISERROR(IF($AF72="","",ROUND(SUM($R72,$AE72,$AH72),2))),"",IF($AF72="","",ROUND(SUM($R72,$AE72,$AH72),2))) -> 74.49 | AJ72: =IF(ISERROR(IF($AF72="","",VLOOKUP(AI72,TRANSMUTATION_TABLE,4,TRUE))),"",IF($AF72="","",VLOOKUP(AI72,TRANSMUTATION_TABLE,4,TRUE))) -> 84 | AK72: =AJ72+5 -> 89 | AL72: 89 | AN72: =AF72+5 -> 35
A73: 11 | B73: ='INPUT DATA'!B73 -> LAGUNA, WELLAIZA O. | F73: 2 | H73: 10 | P73: =IF(COUNT($F73:$O73)=0,"",SUM($F73:$O73)) -> 12 | Q73: =IF(ISERROR(IF($P73="","",ROUND(($P73/$P$10)*$Q$10,2))),"",IF($P73="","",ROUND(($P73/$P$10)*$Q$10,2))) -> 4.9 | R73: =IF($Q73="","",ROUND($Q73*$R$10,2)) -> 1.47 | S73: 5 | T73: 36 | AC73: =IF(COUNT($S73:$AB73)=0,"",SUM($S73:$AB73)) -> 41 | AD73: =IF(ISERROR(IF($AC73="","",ROUND(($AC73/$AC$10)*$AD$10,2))),"",IF($AC73="","",ROUND(($AC73/$AC$10)*$AD$10,2))) -> 9.88 | AE73: =IF($AD73="","",ROUND($AD73*$AE$10,2)) -> 4.94 | AG73: =IF(ISERROR(IF($AF73="","",ROUND(($AF73/$AF$10)*$AG$10,2))),"",IF($AF73="","",ROUND(($AF73/$AF$10)*$AG$10,2))) | AH73: =IF($AG73="","",ROUND($AG73*$AH$10,2)) | AI73: =IF(ISERROR(IF($AF73="","",ROUND(SUM($R73,$AE73,$AH73),2))),"",IF($AF73="","",ROUND(SUM($R73,$AE73,$AH73),2))) | AJ73: =IF(ISERROR(IF($AF73="","",VLOOKUP(AI73,TRANSMUTATION_TABLE,4,TRUE))),"",IF($AF73="","",VLOOKUP(AI73,TRANSMUTATION_TABLE,4,TRUE)))
A74: 12 | B74: ='INPUT DATA'!B74 -> LAZAGA, PRINCESS JEAN O. | F74: 7 | G74: 7 | I74: 1 | J74: 8 | K74: 9 | L74: 110 | P74: =IF(COUNT($F74:$O74)=0,"",SUM($F74:$O74)) -> 142 | Q74: =IF(ISERROR(IF($P74="","",ROUND(($P74/$P$10)*$Q$10,2))),"",IF($P74="","",ROUND(($P74/$P$10)*$Q$10,2))) -> 57.96 | R74: =IF($Q74="","",ROUND($Q74*$R$10,2)) -> 17.39 | S74: 5 | T74: 33 | U74: 40 | V74: 96 | W74: 95 | X74: 20 | Y74: 95 | AC74: =IF(COUNT($S74:$AB74)=0,"",SUM($S74:$AB74)) -> 384 | AD74: =IF(ISERROR(IF($AC74="","",ROUND(($AC74/$AC$10)*$AD$10,2))),"",IF($AC74="","",ROUND(($AC74/$AC$10)*$AD$10,2))) -> 92.53 | AE74: =IF($AD74="","",ROUND($AD74*$AE$10,2)) -> 46.27 | AF74: 20 | AG74: =IF(ISERROR(IF($AF74="","",ROUND(($AF74/$AF$10)*$AG$10,2))),"",IF($AF74="","",ROUND(($AF74/$AF$10)*$AG$10,2))) -> 50 | AH74: =IF($AG74="","",ROUND($AG74*$AH$10,2)) -> 10 | AI74: =IF(ISERROR(IF($AF74="","",ROUND(SUM($R74,$AE74,$AH74),2))),"",IF($AF74="","",ROUND(SUM($R74,$AE74,$AH74),2))) -> 73.66 | AJ74: =IF(ISERROR(IF($AF74="","",VLOOKUP(AI74,TRANSMUTATION_TABLE,4,TRUE))),"",IF($AF74="","",VLOOKUP(AI74,TRANSMUTATION_TABLE,4,TRUE))) -> 83 | AK74: =AJ74+5 -> 88 | AL74: 88 | AN74: =AF74+5 -> 25
A75: 13 | B75: ='INPUT DATA'!B75 -> LIBRES, MIKYLLA | F75: 4 | G75: 8 | I75: 3 | J75: 11 | K75: 8 | L75: 50 | P75: =IF(COUNT($F75:$O75)=0,"",SUM($F75:$O75)) -> 84 | Q75: =IF(ISERROR(IF($P75="","",ROUND(($P75/$P$10)*$Q$10,2))),"",IF($P75="","",ROUND(($P75/$P$10)*$Q$10,2))) -> 34.29 | R75: =IF($Q75="","",ROUND($Q75*$R$10,2)) -> 10.29 | S75: 5 | U75: 40 | V75: 95 | X75: 20 | Y75: 95 | AC75: =IF(COUNT($S75:$AB75)=0,"",SUM($S75:$AB75)) -> 255 | AD75: =IF(ISERROR(IF($AC75="","",ROUND(($AC75/$AC$10)*$AD$10,2))),"",IF($AC75="","",ROUND(($AC75/$AC$10)*$AD$10,2))) -> 61.45 | AE75: =IF($AD75="","",ROUND($AD75*$AE$10,2)) -> 30.73 | AF75: 24 | AG75: =IF(ISERROR(IF($AF75="","",ROUND(($AF75/$AF$10)*$AG$10,2))),"",IF($AF75="","",ROUND(($AF75/$AF$10)*$AG$10,2))) -> 60 | AH75: =IF($AG75="","",ROUND($AG75*$AH$10,2)) -> 12 | AI75: =IF(ISERROR(IF($AF75="","",ROUND(SUM($R75,$AE75,$AH75),2))),"",IF($AF75="","",ROUND(SUM($R75,$AE75,$AH75),2))) -> 53.02 | AJ75: =IF(ISERROR(IF($AF75="","",VLOOKUP(AI75,TRANSMUTATION_TABLE,4,TRUE))),"",IF($AF75="","",VLOOKUP(AI75,TRANSMUTATION_TABLE,4,TRUE))) -> 73 | AK75: =AJ75+5 -> 78 | AL75: 76 | AN75: =AF75+5 -> 29
A76: 14 | B76: ='INPUT DATA'!B76 -> LIM, LENNIE GRACE S. | F76: 2 | G76: 10 | I76: 3 | J76: 7 | K76: 3 | L76: 140 | P76: =IF(COUNT($F76:$O76)=0,"",SUM($F76:$O76)) -> 165 | Q76: =IF(ISERROR(IF($P76="","",ROUND(($P76/$P$10)*$Q$10,2))),"",IF($P76="","",ROUND(($P76/$P$10)*$Q$10,2))) -> 67.35 | R76: =IF($Q76="","",ROUND($Q76*$R$10,2)) -> 20.21 | T76: 36 | V76: 96 | Y76: 95 | AC76: =IF(COUNT($S76:$AB76)=0,"",SUM($S76:$AB76)) -> 227 | AD76: =IF(ISERROR(IF($AC76="","",ROUND(($AC76/$AC$10)*$AD$10,2))),"",IF($AC76="","",ROUND(($AC76/$AC$10)*$AD$10,2))) -> 54.7 | AE76: =IF($AD76="","",ROUND($AD76*$AE$10,2)) -> 27.35 | AF76: 19 | AG76: =IF(ISERROR(IF($AF76="","",ROUND(($AF76/$AF$10)*$AG$10,2))),"",IF($AF76="","",ROUND(($AF76/$AF$10)*$AG$10,2))) -> 47.5 | AH76: =IF($AG76="","",ROUND($AG76*$AH$10,2)) -> 9.5 | AI76: =IF(ISERROR(IF($AF76="","",ROUND(SUM($R76,$AE76,$AH76),2))),"",IF($AF76="","",ROUND(SUM($R76,$AE76,$AH76),2))) -> 57.06 | AJ76: =IF(ISERROR(IF($AF76="","",VLOOKUP(AI76,TRANSMUTATION_TABLE,4,TRUE))),"",IF($AF76="","",VLOOKUP(AI76,TRANSMUTATION_TABLE,4,TRUE))) -> 74 | AK76: =AJ76+5 -> 79 | AL76: 78 | AN76: =AF76+5 -> 24
A77: 15 | B77: ='INPUT DATA'!B77 -> MASAYON, RHEA JANE L. | G77: 3 | K77: 10 | L77: 30 | P77: =IF(COUNT($F77:$O77)=0,"",SUM($F77:$O77)) -> 43 | Q77: =IF(ISERROR(IF($P77="","",ROUND(($P77/$P$10)*$Q$10,2))),"",IF($P77="","",ROUND(($P77/$P$10)*$Q$10,2))) -> 17.55 | R77: =IF($Q77="","",ROUND($Q77*$R$10,2)) -> 5.27 | S77: 5 | Y77: 98 | AC77: =IF(COUNT($S77:$AB77)=0,"",SUM($S77:$AB77)) -> 103 | AD77: =IF(ISERROR(IF($AC77="","",ROUND(($AC77/$AC$10)*$AD$10,2))),"",IF($AC77="","",ROUND(($AC77/$AC$10)*$AD$10,2))) -> 24.82 | AE77: =IF($AD77="","",ROUND($AD77*$AE$10,2)) -> 12.41 | AF77: 15 | AG77: =IF(ISERROR(IF($AF77="","",ROUND(($AF77/$AF$10)*$AG$10,2))),"",IF($AF77="","",ROUND(($AF77/$AF$10)*$AG$10,2))) -> 37.5 | AH77: =IF($AG77="","",ROUND($AG77*$AH$10,2)) -> 7.5 | AI77: =IF(ISERROR(IF($AF77="","",ROUND(SUM($R77,$AE77,$AH77),2))),"",IF($AF77="","",ROUND(SUM($R77,$AE77,$AH77),2))) -> 25.18 | AJ77: =IF(ISERROR(IF($AF77="","",VLOOKUP(AI77,TRANSMUTATION_TABLE,4,TRUE))),"",IF($AF77="","",VLOOKUP(AI77,TRANSMUTATION_TABLE,4,TRUE))) -> 66 | AK77: =AJ77+5 -> 71 | AL77: 75 | AN77: =AF77+5 -> 20
A78: 16 | B78: ='INPUT DATA'!B78 -> MORANCIL, JENEVI A. | G78: 9 | H78: 10 | I78: 2 | J78: 17 | K78: 7 | L78: 90 | P78: =IF(COUNT($F78:$O78)=0,"",SUM($F78:$O78)) -> 135 | Q78: =IF(ISERROR(IF($P78="","",ROUND(($P78/$P$10)*$Q$10,2))),"",IF($P78="","",ROUND(($P78/$P$10)*$Q$10,2))) -> 55.1 | R78: =IF($Q78="","",ROUND($Q78*$R$10,2)) -> 16.53 | S78: 5 | T78: 33 | U78: 48 | V78: 95 | W78: 95 | X78: 18 | Y78: 92 | AC78: =IF(COUNT($S78:$AB78)=0,"",SUM($S78:$AB78)) -> 386 | AD78: =IF(ISERROR(IF($AC78="","",ROUND(($AC78/$AC$10)*$AD$10,2))),"",IF($AC78="","",ROUND(($AC78/$AC$10)*$AD$10,2))) -> 93.01 | AE78: =IF($AD78="","",ROUND($AD78*$AE$10,2)) -> 46.51 | AF78: 14 | AG78: =IF(ISERROR(IF($AF78="","",ROUND(($AF78/$AF$10)*$AG$10,2))),"",IF($AF78="","",ROUND(($AF78/$AF$10)*$AG$10,2))) -> 35 | AH78: =IF($AG78="","",ROUND($AG78*$AH$10,2)) -> 7 | AI78: =IF(ISERROR(IF($AF78="","",ROUND(SUM($R78,$AE78,$AH78),2))),"",IF($AF78="","",ROUND(SUM($R78,$AE78,$AH78),2))) -> 70.04 | AJ78: =IF(ISERROR(IF($AF78="","",VLOOKUP(AI78,TRANSMUTATION_TABLE,4,TRUE))),"",IF($AF78="","",VLOOKUP(AI78,TRANSMUTATION_TABLE,4,TRUE))) -> 81 | AK78: =AJ78+5 -> 86 | AL78: 86 | AN78: =AF78+5 -> 19
A79: 17 | B79: ='INPUT DATA'!B79 -> PATRICIO, MICHA ELLA | G79: 8 | H79: 5 | I79: 0 | J79: 11 | K79: 10 | P79: =IF(COUNT($F79:$O79)=0,"",SUM($F79:$O79)) -> 34 | Q79: =IF(ISERROR(IF($P79="","",ROUND(($P79/$P$10)*$Q$10,2))),"",IF($P79="","",ROUND(($P79/$P$10)*$Q$10,2))) -> 13.88 | R79: =IF($Q79="","",ROUND($Q79*$R$10,2)) -> 4.16 | S79: 5 | U79: 40 | Y79: 98 | AC79: =IF(COUNT($S79:$AB79)=0,"",SUM($S79:$AB79)) -> 143 | AD79: =IF(ISERROR(IF($AC79="","",ROUND(($AC79/$AC$10)*$AD$10,2))),"",IF($AC79="","",ROUND(($AC79/$AC$10)*$AD$10,2))) -> 34.46 | AE79: =IF($AD79="","",ROUND($AD79*$AE$10,2)) -> 17.23 | AF79: 27 | AG79: =IF(ISERROR(IF($AF79="","",ROUND(($AF79/$AF$10)*$AG$10,2))),"",IF($AF79="","",ROUND(($AF79/$AF$10)*$AG$10,2))) -> 67.5 | AH79: =IF($AG79="","",ROUND($AG79*$AH$10,2)) -> 13.5 | AI79: =IF(ISERROR(IF($AF79="","",ROUND(SUM($R79,$AE79,$AH79),2))),"",IF($AF79="","",ROUND(SUM($R79,$AE79,$AH79),2))) -> 34.89 | AJ79: =IF(ISERROR(IF($AF79="","",VLOOKUP(AI79,TRANSMUTATION_TABLE,4,TRUE))),"",IF($AF79="","",VLOOKUP(AI79,TRANSMUTATION_TABLE,4,TRUE))) -> 68 | AK79: =AJ79+5 -> 73 | AL79: 75 | AN79: =AF79+5 -> 32
A80: 18 | B80: ='INPUT DATA'!B80 -> PELINGON , ASHLEY C. | G80: 8 | H80: 5 | I80: 1 | J80: 10 | K80: 8 | L80: 60 | P80: =IF(COUNT($F80:$O80)=0,"",SUM($F80:$O80)) -> 92 | Q80: =IF(ISERROR(IF($P80="","",ROUND(($P80/$P$10)*$Q$10,2))),"",IF($P80="","",ROUND(($P80/$P$10)*$Q$10,2))) -> 37.55 | R80: =IF($Q80="","",ROUND($Q80*$R$10,2)) -> 11.27 | S80: 5 | T80: 34 | U80: 40 | V80: 97 | W80: 94 | X80: 20 | Y80: 92 | AC80: =IF(COUNT($S80:$AB80)=0,"",SUM($S80:$AB80)) -> 382 | AD80: =IF(ISERROR(IF($AC80="","",ROUND(($AC80/$AC$10)*$AD$10,2))),"",IF($AC80="","",ROUND(($AC80/$AC$10)*$AD$10,2))) -> 92.05 | AE80: =IF($AD80="","",ROUND($AD80*$AE$10,2)) -> 46.03 | AF80: 16 | AG80: =IF(ISERROR(IF($AF80="","",ROUND(($AF80/$AF$10)*$AG$10,2))),"",IF($AF80="","",ROUND(($AF80/$AF$10)*$AG$10,2))) -> 40 | AH80: =IF($AG80="","",ROUND($AG80*$AH$10,2)) -> 8 | AI80: =IF(ISERROR(IF($AF80="","",ROUND(SUM($R80,$AE80,$AH80),2))),"",IF($AF80="","",ROUND(SUM($R80,$AE80,$AH80),2))) -> 65.3 | AJ80: =IF(ISERROR(IF($AF80="","",VLOOKUP(AI80,TRANSMUTATION_TABLE,4,TRUE))),"",IF($AF80="","",VLOOKUP(AI80,TRANSMUTATION_TABLE,4,TRUE))) -> 78 | AK80: =AJ80+5 -> 83 | AL80: 83 | AN80: =AF80+5 -> 21
A81: 19 | B81: ='INPUT DATA'!B81 -> PEREZ, MERCY JEAN T. | G81: 3 | I81: 3 | K81: 1 | P81: =IF(COUNT($F81:$O81)=0,"",SUM($F81:$O81)) -> 7 | Q81: =IF(ISERROR(IF($P81="","",ROUND(($P81/$P$10)*$Q$10,2))),"",IF($P81="","",ROUND(($P81/$P$10)*$Q$10,2))) -> 2.86 | R81: =IF($Q81="","",ROUND($Q81*$R$10,2)) -> 0.86 | S81: 5 | V81: 95 | Y81: 93 | AC81: =IF(COUNT($S81:$AB81)=0,"",SUM($S81:$AB81)) -> 193 | AD81: =IF(ISERROR(IF($AC81="","",ROUND(($AC81/$AC$10)*$AD$10,2))),"",IF($AC81="","",ROUND(($AC81/$AC$10)*$AD$10,2))) -> 46.51 | AE81: =IF($AD81="","",ROUND($AD81*$AE$10,2)) -> 23.26 | AF81: 23 | AG81: =IF(ISERROR(IF($AF81="","",ROUND(($AF81/$AF$10)*$AG$10,2))),"",IF($AF81="","",ROUND(($AF81/$AF$10)*$AG$10,2))) -> 57.5 | AH81: =IF($AG81="","",ROUND($AG81*$AH$10,2)) -> 11.5 | AI81: =IF(ISERROR(IF($AF81="","",ROUND(SUM($R81,$AE81,$AH81),2))),"",IF($AF81="","",ROUND(SUM($R81,$AE81,$AH81),2))) -> 35.62 | AJ81: =IF(ISERROR(IF($AF81="","",VLOOKUP(AI81,TRANSMUTATION_TABLE,4,TRUE))),"",IF($AF81="","",VLOOKUP(AI81,TRANSMUTATION_TABLE,4,TRUE))) -> 68 | AK81: =AJ81+5 -> 73 | AL81: 75 | AN81: =AF81+5 -> 28
A82: 20 | B82: ='INPUT DATA'!B82 -> PINGOT, RHEA L. | G82: 3 | K82: 5 | P82: =IF(COUNT($F82:$O82)=0,"",SUM($F82:$O82)) -> 8 | Q82: =IF(ISERROR(IF($P82="","",ROUND(($P82/$P$10)*$Q$10,2))),"",IF($P82="","",ROUND(($P82/$P$10)*$Q$10,2))) -> 3.27 | R82: =IF($Q82="","",ROUND($Q82*$R$10,2)) -> 0.98 | Y82: 93 | AC82: =IF(COUNT($S82:$AB82)=0,"",SUM($S82:$AB82)) -> 93 | AD82: =IF(ISERROR(IF($AC82="","",ROUND(($AC82/$AC$10)*$AD$10,2))),"",IF($AC82="","",ROUND(($AC82/$AC$10)*$AD$10,2))) -> 22.41 | AE82: =IF($AD82="","",ROUND($AD82*$AE$10,2)) -> 11.21 | AF82: 8 | AG82: =IF(ISERROR(IF($AF82="","",ROUND(($AF82/$AF$10)*$AG$10,2))),"",IF($AF82="","",ROUND(($AF82/$AF$10)*$AG$10,2))) -> 20 | AH82: =IF($AG82="","",ROUND($AG82*$AH$10,2)) -> 4 | AI82: =IF(ISERROR(IF($AF82="","",ROUND(SUM($R82,$AE82,$AH82),2))),"",IF($AF82="","",ROUND(SUM($R82,$AE82,$AH82),2))) -> 16.19 | AJ82: =IF(ISERROR(IF($AF82="","",VLOOKUP(AI82,TRANSMUTATION_TABLE,4,TRUE))),"",IF($AF82="","",VLOOKUP(AI82,TRANSMUTATION_TABLE,4,TRUE))) -> 64 | AK82: =AJ82+5 -> 69 | AL82: 74 | AN82: =AF82+5 -> 13
A83: 21 | B83: ='INPUT DATA'!B83 -> QUILAT, FERRA MAE | P83: =IF(COUNT($F83:$O83)=0,"",SUM($F83:$O83)) | Q83: =IF(ISERROR(IF($P83="","",ROUND(($P83/$P$10)*$Q$10,2))),"",IF($P83="","",ROUND(($P83/$P$10)*$Q$10,2))) | R83: =IF($Q83="","",ROUND($Q83*$R$10,2)) | V83: 96 | AC83: =IF(COUNT($S83:$AB83)=0,"",SUM($S83:$AB83)) -> 96 | AD83: =IF(ISERROR(IF($AC83="","",ROUND(($AC83/$AC$10)*$AD$10,2))),"",IF($AC83="","",ROUND(($AC83/$AC$10)*$AD$10,2))) -> 23.13 | AE83: =IF($AD83="","",ROUND($AD83*$AE$10,2)) -> 11.57 | AF83: 10 | AG83: =IF(ISERROR(IF($AF83="","",ROUND(($AF83/$AF$10)*$AG$10,2))),"",IF($AF83="","",ROUND(($AF83/$AF$10)*$AG$10,2))) -> 25 | AH83: =IF($AG83="","",ROUND($AG83*$AH$10,2)) -> 5 | AI83: =IF(ISERROR(IF($AF83="","",ROUND(SUM($R83,$AE83,$AH83),2))),"",IF($AF83="","",ROUND(SUM($R83,$AE83,$AH83),2))) -> 16.57 | AJ83: =IF(ISERROR(IF($AF83="","",VLOOKUP(AI83,TRANSMUTATION_TABLE,4,TRUE))),"",IF($AF83="","",VLOOKUP(AI83,TRANSMUTATION_TABLE,4,TRUE))) -> 64 | AK83: =AJ83+5 -> 69 | AL83: 75 | AN83: =AF83+5 -> 15
A84: 22 | B84: ='INPUT DATA'!B84 -> ROSALES, RYZA MAE C. | G84: 8 | H84: 7 | I84: 1 | J84: 13 | K84: 8 | L84: 120 | P84: =IF(COUNT($F84:$O84)=0,"",SUM($F84:$O84)) -> 157 | Q84: =IF(ISERROR(IF($P84="","",ROUND(($P84/$P$10)*$Q$10,2))),"",IF($P84="","",ROUND(($P84/$P$10)*$Q$10,2))) -> 64.08 | R84: =IF($Q84="","",ROUND($Q84*$R$10,2)) -> 19.22 | S84: 5 | T84: 36 | U84: 45 | V84: 92 | W84: 94 | X84: 20 | Y84: 98 | AC84: =IF(COUNT($S84:$AB84)=0,"",SUM($S84:$AB84)) -> 390 | AD84: =IF(ISERROR(IF($AC84="","",ROUND(($AC84/$AC$10)*$AD$10,2))),"",IF($AC84="","",ROUND(($AC84/$AC$10)*$AD$10,2))) -> 93.98 | AE84: =IF($AD84="","",ROUND($AD84*$AE$10,2)) -> 46.99 | AF84: 23 | AG84: =IF(ISERROR(IF($AF84="","",ROUND(($AF84/$AF$10)*$AG$10,2))),"",IF($AF84="","",ROUND(($AF84/$AF$10)*$AG$10,2))) -> 57.5 | AH84: =IF($AG84="","",ROUND($AG84*$AH$10,2)) -> 11.5 | AI84: =IF(ISERROR(IF($AF84="","",ROUND(SUM($R84,$AE84,$AH84),2))),"",IF($AF84="","",ROUND(SUM($R84,$AE84,$AH84),2))) -> 77.71 | AJ84: =IF(ISERROR(IF($AF84="","",VLOOKUP(AI84,TRANSMUTATION_TABLE,4,TRUE))),"",IF($AF84="","",VLOOKUP(AI84,TRANSMUTATION_TABLE,4,TRUE))) -> 86 | AK84: =AJ84+5 -> 91 | AL84: 88 | AN84: =AF84+5 -> 28
A85: 23 | B85: ='INPUT DATA'!B85 -> 0 | P85: =IF(COUNT($F85:$O85)=0,"",SUM($F85:$O85)) | Q85: =IF(ISERROR(IF($P85="","",ROUND(($P85/$P$10)*$Q$10,2))),"",IF($P85="","",ROUND(($P85/$P$10)*$Q$10,2))) | R85: =IF($Q85="","",ROUND($Q85*$R$10,2)) | AC85: =IF(COUNT($S85:$AB85)=0,"",SUM($S85:$AB85)) | AD85: =IF(ISERROR(IF($AC85="","",ROUND(($AC85/$AC$10)*$AD$10,2))),"",IF($AC85="","",ROUND(($AC85/$AC$10)*$AD$10,2))) | AE85: =IF($AD85="","",ROUND($AD85*$AE$10,2)) | AG85: =IF(ISERROR(IF($AF85="","",ROUND(($AF85/$AF$10)*$AG$10,2))),"",IF($AF85="","",ROUND(($AF85/$AF$10)*$AG$10,2))) | AH85: =IF($AG85="","",ROUND($AG85*$AH$10,2)) | AI85: =IF(ISERROR(IF($AF85="","",ROUND(SUM($R85,$AE85,$AH85),2))),"",IF($AF85="","",ROUND(SUM($R85,$AE85,$AH85),2))) | AJ85: =IF(ISERROR(IF($AF85="","",VLOOKUP(AI85,TRANSMUTATION_TABLE,4,TRUE))),"",IF($AF85="","",VLOOKUP(AI85,TRANSMUTATION_TABLE,4,TRUE)))
A86: 24 | B86: ='INPUT DATA'!B86 -> 0 | P86: =IF(COUNT($F86:$O86)=0,"",SUM($F86:$O86)) | Q86: =IF(ISERROR(IF($P86="","",ROUND(($P86/$P$10)*$Q$10,2))),"",IF($P86="","",ROUND(($P86/$P$10)*$Q$10,2))) | R86: =IF($Q86="","",ROUND($Q86*$R$10,2)) | AC86: =IF(COUNT($S86:$AB86)=0,"",SUM($S86:$AB86)) | AD86: =IF(ISERROR(IF($AC86="","",ROUND(($AC86/$AC$10)*$AD$10,2))),"",IF($AC86="","",ROUND(($AC86/$AC$10)*$AD$10,2))) | AE86: =IF($AD86="","",ROUND($AD86*$AE$10,2)) | AG86: =IF(ISERROR(IF($AF86="","",ROUND(($AF86/$AF$10)*$AG$10,2))),"",IF($AF86="","",ROUND(($AF86/$AF$10)*$AG$10,2))) | AH86: =IF($AG86="","",ROUND($AG86*$AH$10,2)) | AI86: =IF(ISERROR(IF($AF86="","",ROUND(SUM($R86,$AE86,$AH86),2))),"",IF($AF86="","",ROUND(SUM($R86,$AE86,$AH86),2))) | AJ86: =IF(ISERROR(IF($AF86="","",VLOOKUP(AI86,TRANSMUTATION_TABLE,4,TRUE))),"",IF($AF86="","",VLOOKUP(AI86,TRANSMUTATION_TABLE,4,TRUE)))
A87: 25 | B87: ='INPUT DATA'!B101 -> 0 | P87: =IF(COUNT($F87:$O87)=0,"",SUM($F87:$O87)) | Q87: =IF(ISERROR(IF($P87="","",ROUND(($P87/$P$10)*$Q$10,2))),"",IF($P87="","",ROUND(($P87/$P$10)*$Q$10,2))) | R87: =IF($Q87="","",ROUND($Q87*$R$10,2)) | AC87: =IF(COUNT($S87:$AB87)=0,"",SUM($S87:$AB87)) | AD87: =IF(ISERROR(IF($AC87="","",ROUND(($AC87/$AC$10)*$AD$10,2))),"",IF($AC87="","",ROUND(($AC87/$AC$10)*$AD$10,2))) | AE87: =IF($AD87="","",ROUND($AD87*$AE$10,2)) | AG87: =IF(ISERROR(IF($AF87="","",ROUND(($AF87/$AF$10)*$AG$10,2))),"",IF($AF87="","",ROUND(($AF87/$AF$10)*$AG$10,2))) | AH87: =IF($AG87="","",ROUND($AG87*$AH$10,2)) | AI87: =IF(ISERROR(IF($AF87="","",ROUND(SUM($R87,$AE87,$AH87),2))),"",IF($AF87="","",ROUND(SUM($R87,$AE87,$AH87),2))) | AJ87: =IF(ISERROR(IF($AF87="","",VLOOKUP(AI87,TRANSMUTATION_TABLE,4,TRUE))),"",IF($AF87="","",VLOOKUP(AI87,TRANSMUTATION_TABLE,4,TRUE))) | AN87: 954
A88: 26 | B88: ='INPUT DATA'!B102 -> 0 | P88: =IF(COUNT($F88:$O88)=0,"",SUM($F88:$O88)) | Q88: =IF(ISERROR(IF($P88="","",ROUND(($P88/$P$10)*$Q$10,2))),"",IF($P88="","",ROUND(($P88/$P$10)*$Q$10,2))) | R88: =IF($Q88="","",ROUND($Q88*$R$10,2)) | AC88: =IF(COUNT($S88:$AB88)=0,"",SUM($S88:$AB88)) | AD88: =IF(ISERROR(IF($AC88="","",ROUND(($AC88/$AC$10)*$AD$10,2))),"",IF($AC88="","",ROUND(($AC88/$AC$10)*$AD$10,2))) | AE88: =IF($AD88="","",ROUND($AD88*$AE$10,2)) | AG88: =IF(ISERROR(IF($AF88="","",ROUND(($AF88/$AF$10)*$AG$10,2))),"",IF($AF88="","",ROUND(($AF88/$AF$10)*$AG$10,2))) | AH88: =IF($AG88="","",ROUND($AG88*$AH$10,2)) | AI88: =IF(ISERROR(IF($AF88="","",ROUND(SUM($R88,$AE88,$AH88),2))),"",IF($AF88="","",ROUND(SUM($R88,$AE88,$AH88),2))) | AJ88: =IF(ISERROR(IF($AF88="","",VLOOKUP(AI88,TRANSMUTATION_TABLE,4,TRUE))),"",IF($AF88="","",VLOOKUP(AI88,TRANSMUTATION_TABLE,4,TRUE)))
A89: 27 | B89: ='INPUT DATA'!B103 -> 0 | P89: =IF(COUNT($F89:$O89)=0,"",SUM($F89:$O89)) | Q89: =IF(ISERROR(IF($P89="","",ROUND(($P89/$P$10)*$Q$10,2))),"",IF($P89="","",ROUND(($P89/$P$10)*$Q$10,2))) | R89: =IF($Q89="","",ROUND($Q89*$R$10,2)) | AC89: =IF(COUNT($S89:$AB89)=0,"",SUM($S89:$AB89)) | AD89: =IF(ISERROR(IF($AC89="","",ROUND(($AC89/$AC$10)*$AD$10,2))),"",IF($AC89="","",ROUND(($AC89/$AC$10)*$AD$10,2))) | AE89: =IF($AD89="","",ROUND($AD89*$AE$10,2)) | AG89: =IF(ISERROR(IF($AF89="","",ROUND(($AF89/$AF$10)*$AG$10,2))),"",IF($AF89="","",ROUND(($AF89/$AF$10)*$AG$10,2))) | AH89: =IF($AG89="","",ROUND($AG89*$AH$10,2)) | AI89: =IF(ISERROR(IF($AF89="","",ROUND(SUM($R89,$AE89,$AH89),2))),"",IF($AF89="","",ROUND(SUM($R89,$AE89,$AH89),2))) | AJ89: =IF(ISERROR(IF($AF89="","",VLOOKUP(AI89,TRANSMUTATION_TABLE,4,TRUE))),"",IF($AF89="","",VLOOKUP(AI89,TRANSMUTATION_TABLE,4,TRUE)))
A90: 28 | B90: ='INPUT DATA'!B104 -> 0 | P90: =IF(COUNT($F90:$O90)=0,"",SUM($F90:$O90)) | Q90: =IF(ISERROR(IF($P90="","",ROUND(($P90/$P$10)*$Q$10,2))),"",IF($P90="","",ROUND(($P90/$P$10)*$Q$10,2))) | R90: =IF($Q90="","",ROUND($Q90*$R$10,2)) | AC90: =IF(COUNT($S90:$AB90)=0,"",SUM($S90:$AB90)) | AD90: =IF(ISERROR(IF($AC90="","",ROUND(($AC90/$AC$10)*$AD$10,2))),"",IF($AC90="","",ROUND(($AC90/$AC$10)*$AD$10,2))) | AE90: =IF($AD90="","",ROUND($AD90*$AE$10,2)) | AG90: =IF(ISERROR(IF($AF90="","",ROUND(($AF90/$AF$10)*$AG$10,2))),"",IF($AF90="","",ROUND(($AF90/$AF$10)*$AG$10,2))) | AH90: =IF($AG90="","",ROUND($AG90*$AH$10,2)) | AI90: =IF(ISERROR(IF($AF90="","",ROUND(SUM($R90,$AE90,$AH90),2))),"",IF($AF90="","",ROUND(SUM($R90,$AE90,$AH90),2))) | AJ90: =IF(ISERROR(IF($AF90="","",VLOOKUP(AI90,TRANSMUTATION_TABLE,4,TRUE))),"",IF($AF90="","",VLOOKUP(AI90,TRANSMUTATION_TABLE,4,TRUE)))
A91: 29 | B91: ='INPUT DATA'!B131 -> 0 | P91: =IF(COUNT($F91:$O91)=0,"",SUM($F91:$O91)) | Q91: =IF(ISERROR(IF($P91="","",ROUND(($P91/$P$10)*$Q$10,2))),"",IF($P91="","",ROUND(($P91/$P$10)*$Q$10,2))) | R91: =IF($Q91="","",ROUND($Q91*$R$10,2)) | AC91: =IF(COUNT($S91:$AB91)=0,"",SUM($S91:$AB91)) | AD91: =IF(ISERROR(IF($AC91="","",ROUND(($AC91/$AC$10)*$AD$10,2))),"",IF($AC91="","",ROUND(($AC91/$AC$10)*$AD$10,2))) | AE91: =IF($AD91="","",ROUND($AD91*$AE$10,2)) | AG91: =IF(ISERROR(IF($AF91="","",ROUND(($AF91/$AF$10)*$AG$10,2))),"",IF($AF91="","",ROUND(($AF91/$AF$10)*$AG$10,2))) | AH91: =IF($AG91="","",ROUND($AG91*$AH$10,2)) | AI91: =IF(ISERROR(IF($AF91="","",ROUND(SUM($R91,$AE91,$AH91),2))),"",IF($AF91="","",ROUND(SUM($R91,$AE91,$AH91),2))) | AJ91: =IF(ISERROR(IF($AF91="","",VLOOKUP(AI91,TRANSMUTATION_TABLE,4,TRUE))),"",IF($AF91="","",VLOOKUP(AI91,TRANSMUTATION_TABLE,4,TRUE)))
A92: 30 | B92: ='INPUT DATA'!B132 -> 0 | P92: =IF(COUNT($F92:$O92)=0,"",SUM($F92:$O92)) | Q92: =IF(ISERROR(IF($P92="","",ROUND(($P92/$P$10)*$Q$10,2))),"",IF($P92="","",ROUND(($P92/$P$10)*$Q$10,2))) | R92: =IF($Q92="","",ROUND($Q92*$R$10,2)) | AC92: =IF(COUNT($S92:$AB92)=0,"",SUM($S92:$AB92)) | AD92: =IF(ISERROR(IF($AC92="","",ROUND(($AC92/$AC$10)*$AD$10,2))),"",IF($AC92="","",ROUND(($AC92/$AC$10)*$AD$10,2))) | AE92: =IF($AD92="","",ROUND($AD92*$AE$10,2)) | AG92: =IF(ISERROR(IF($AF92="","",ROUND(($AF92/$AF$10)*$AG$10,2))),"",IF($AF92="","",ROUND(($AF92/$AF$10)*$AG$10,2))) | AH92: =IF($AG92="","",ROUND($AG92*$AH$10,2)) | AI92: =IF(ISERROR(IF($AF92="","",ROUND(SUM($R92,$AE92,$AH92),2))),"",IF($AF92="","",ROUND(SUM($R92,$AE92,$AH92),2))) | AJ92: =IF(ISERROR(IF($AF92="","",VLOOKUP(AI92,TRANSMUTATION_TABLE,4,TRUE))),"",IF($AF92="","",VLOOKUP(AI92,TRANSMUTATION_TABLE,4,TRUE)))
A93: 31 | B93: ='INPUT DATA'!B133 -> 0 | P93: =IF(COUNT($F93:$O93)=0,"",SUM($F93:$O93)) | Q93: =IF(ISERROR(IF($P93="","",ROUND(($P93/$P$10)*$Q$10,2))),"",IF($P93="","",ROUND(($P93/$P$10)*$Q$10,2))) | R93: =IF($Q93="","",ROUND($Q93*$R$10,2)) | AC93: =IF(COUNT($S93:$AB93)=0,"",SUM($S93:$AB93)) | AD93: =IF(ISERROR(IF($AC93="","",ROUND(($AC93/$AC$10)*$AD$10,2))),"",IF($AC93="","",ROUND(($AC93/$AC$10)*$AD$10,2))) | AE93: =IF($AD93="","",ROUND($AD93*$AE$10,2)) | AG93: =IF(ISERROR(IF($AF93="","",ROUND(($AF93/$AF$10)*$AG$10,2))),"",IF($AF93="","",ROUND(($AF93/$AF$10)*$AG$10,2))) | AH93: =IF($AG93="","",ROUND($AG93*$AH$10,2)) | AI93: =IF(ISERROR(IF($AF93="","",ROUND(SUM($R93,$AE93,$AH93),2))),"",IF($AF93="","",ROUND(SUM($R93,$AE93,$AH93),2))) | AJ93: =IF(ISERROR(IF($AF93="","",VLOOKUP(AI93,TRANSMUTATION_TABLE,4,TRUE))),"",IF($AF93="","",VLOOKUP(AI93,TRANSMUTATION_TABLE,4,TRUE)))
A94: 32 | B94: ='INPUT DATA'!B134 -> 0 | P94: =IF(COUNT($F94:$O94)=0,"",SUM($F94:$O94)) | Q94: =IF(ISERROR(IF($P94="","",ROUND(($P94/$P$10)*$Q$10,2))),"",IF($P94="","",ROUND(($P94/$P$10)*$Q$10,2))) | R94: =IF($Q94="","",ROUND($Q94*$R$10,2)) | AC94: =IF(COUNT($S94:$AB94)=0,"",SUM($S94:$AB94)) | AD94: =IF(ISERROR(IF($AC94="","",ROUND(($AC94/$AC$10)*$AD$10,2))),"",IF($AC94="","",ROUND(($AC94/$AC$10)*$AD$10,2))) | AE94: =IF($AD94="","",ROUND($AD94*$AE$10,2)) | AG94: =IF(ISERROR(IF($AF94="","",ROUND(($AF94/$AF$10)*$AG$10,2))),"",IF($AF94="","",ROUND(($AF94/$AF$10)*$AG$10,2))) | AH94: =IF($AG94="","",ROUND($AG94*$AH$10,2)) | AI94: =IF(ISERROR(IF($AF94="","",ROUND(SUM($R94,$AE94,$AH94),2))),"",IF($AF94="","",ROUND(SUM($R94,$AE94,$AH94),2))) | AJ94: =IF(ISERROR(IF($AF94="","",VLOOKUP(AI94,TRANSMUTATION_TABLE,4,TRUE))),"",IF($AF94="","",VLOOKUP(AI94,TRANSMUTATION_TABLE,4,TRUE)))
A95: 33 | B95: ='INPUT DATA'!B135 -> 0 | P95: =IF(COUNT($F95:$O95)=0,"",SUM($F95:$O95)) | Q95: =IF(ISERROR(IF($P95="","",ROUND(($P95/$P$10)*$Q$10,2))),"",IF($P95="","",ROUND(($P95/$P$10)*$Q$10,2))) | R95: =IF($Q95="","",ROUND($Q95*$R$10,2)) | AC95: =IF(COUNT($S95:$AB95)=0,"",SUM($S95:$AB95)) | AD95: =IF(ISERROR(IF($AC95="","",ROUND(($AC95/$AC$10)*$AD$10,2))),"",IF($AC95="","",ROUND(($AC95/$AC$10)*$AD$10,2))) | AE95: =IF($AD95="","",ROUND($AD95*$AE$10,2)) | AG95: =IF(ISERROR(IF($AF95="","",ROUND(($AF95/$AF$10)*$AG$10,2))),"",IF($AF95="","",ROUND(($AF95/$AF$10)*$AG$10,2))) | AH95: =IF($AG95="","",ROUND($AG95*$AH$10,2)) | AI95: =IF(ISERROR(IF($AF95="","",ROUND(SUM($R95,$AE95,$AH95),2))),"",IF($AF95="","",ROUND(SUM($R95,$AE95,$AH95),2))) | AJ95: =IF(ISERROR(IF($AF95="","",VLOOKUP(AI95,TRANSMUTATION_TABLE,4,TRUE))),"",IF($AF95="","",VLOOKUP(AI95,TRANSMUTATION_TABLE,4,TRUE)))
A96: 34 | B96: ='INPUT DATA'!B136 -> 0 | P96: =IF(COUNT($F96:$O96)=0,"",SUM($F96:$O96)) | Q96: =IF(ISERROR(IF($P96="","",ROUND(($P96/$P$10)*$Q$10,2))),"",IF($P96="","",ROUND(($P96/$P$10)*$Q$10,2))) | R96: =IF($Q96="","",ROUND($Q96*$R$10,2)) | AC96: =IF(COUNT($S96:$AB96)=0,"",SUM($S96:$AB96)) | AD96: =IF(ISERROR(IF($AC96="","",ROUND(($AC96/$AC$10)*$AD$10,2))),"",IF($AC96="","",ROUND(($AC96/$AC$10)*$AD$10,2))) | AE96: =IF($AD96="","",ROUND($AD96*$AE$10,2)) | AG96: =IF(ISERROR(IF($AF96="","",ROUND(($AF96/$AF$10)*$AG$10,2))),"",IF($AF96="","",ROUND(($AF96/$AF$10)*$AG$10,2))) | AH96: =IF($AG96="","",ROUND($AG96*$AH$10,2)) | AI96: =IF(ISERROR(IF($AF96="","",ROUND(SUM($R96,$AE96,$AH96),2))),"",IF($AF96="","",ROUND(SUM($R96,$AE96,$AH96),2))) | AJ96: =IF(ISERROR(IF($AF96="","",VLOOKUP(AI96,TRANSMUTATION_TABLE,4,TRUE))),"",IF($AF96="","",VLOOKUP(AI96,TRANSMUTATION_TABLE,4,TRUE)))
A97: 35 | B97: ='INPUT DATA'!B137 -> 0 | P97: =IF(COUNT($F97:$O97)=0,"",SUM($F97:$O97)) | Q97: =IF(ISERROR(IF($P97="","",ROUND(($P97/$P$10)*$Q$10,2))),"",IF($P97="","",ROUND(($P97/$P$10)*$Q$10,2))) | R97: =IF($Q97="","",ROUND($Q97*$R$10,2)) | AC97: =IF(COUNT($S97:$AB97)=0,"",SUM($S97:$AB97)) | AD97: =IF(ISERROR(IF($AC97="","",ROUND(($AC97/$AC$10)*$AD$10,2))),"",IF($AC97="","",ROUND(($AC97/$AC$10)*$AD$10,2))) | AE97: =IF($AD97="","",ROUND($AD97*$AE$10,2)) | AG97: =IF(ISERROR(IF($AF97="","",ROUND(($AF97/$AF$10)*$AG$10,2))),"",IF($AF97="","",ROUND(($AF97/$AF$10)*$AG$10,2))) | AH97: =IF($AG97="","",ROUND($AG97*$AH$10,2)) | AI97: =IF(ISERROR(IF($AF97="","",ROUND(SUM($R97,$AE97,$AH97),2))),"",IF($AF97="","",ROUND(SUM($R97,$AE97,$AH97),2))) | AJ97: =IF(ISERROR(IF($AF97="","",VLOOKUP(AI97,TRANSMUTATION_TABLE,4,TRUE))),"",IF($AF97="","",VLOOKUP(AI97,TRANSMUTATION_TABLE,4,TRUE)))
A98: 36 | B98: ='INPUT DATA'!B138 -> 0 | P98: =IF(COUNT($F98:$O98)=0,"",SUM($F98:$O98)) | Q98: =IF(ISERROR(IF($P98="","",ROUND(($P98/$P$10)*$Q$10,2))),"",IF($P98="","",ROUND(($P98/$P$10)*$Q$10,2))) | R98: =IF($Q98="","",ROUND($Q98*$R$10,2)) | AC98: =IF(COUNT($S98:$AB98)=0,"",SUM($S98:$AB98)) | AD98: =IF(ISERROR(IF($AC98="","",ROUND(($AC98/$AC$10)*$AD$10,2))),"",IF($AC98="","",ROUND(($AC98/$AC$10)*$AD$10,2))) | AE98: =IF($AD98="","",ROUND($AD98*$AE$10,2)) | AG98: =IF(ISERROR(IF($AF98="","",ROUND(($AF98/$AF$10)*$AG$10,2))),"",IF($AF98="","",ROUND(($AF98/$AF$10)*$AG$10,2))) | AH98: =IF($AG98="","",ROUND($AG98*$AH$10,2)) | AI98: =IF(ISERROR(IF($AF98="","",ROUND(SUM($R98,$AE98,$AH98),2))),"",IF($AF98="","",ROUND(SUM($R98,$AE98,$AH98),2))) | AJ98: =IF(ISERROR(IF($AF98="","",VLOOKUP(AI98,TRANSMUTATION_TABLE,4,TRUE))),"",IF($AF98="","",VLOOKUP(AI98,TRANSMUTATION_TABLE,4,TRUE)))
A99: 37 | B99: ='INPUT DATA'!B139 -> 0 | P99: =IF(COUNT($F99:$O99)=0,"",SUM($F99:$O99)) | Q99: =IF(ISERROR(IF($P99="","",ROUND(($P99/$P$10)*$Q$10,2))),"",IF($P99="","",ROUND(($P99/$P$10)*$Q$10,2))) | R99: =IF($Q99="","",ROUND($Q99*$R$10,2)) | AC99: =IF(COUNT($S99:$AB99)=0,"",SUM($S99:$AB99)) | AD99: =IF(ISERROR(IF($AC99="","",ROUND(($AC99/$AC$10)*$AD$10,2))),"",IF($AC99="","",ROUND(($AC99/$AC$10)*$AD$10,2))) | AE99: =IF($AD99="","",ROUND($AD99*$AE$10,2)) | AG99: =IF(ISERROR(IF($AF99="","",ROUND(($AF99/$AF$10)*$AG$10,2))),"",IF($AF99="","",ROUND(($AF99/$AF$10)*$AG$10,2))) | AH99: =IF($AG99="","",ROUND($AG99*$AH$10,2)) | AI99: =IF(ISERROR(IF($AF99="","",ROUND(SUM($R99,$AE99,$AH99),2))),"",IF($AF99="","",ROUND(SUM($R99,$AE99,$AH99),2))) | AJ99: =IF(ISERROR(IF($AF99="","",VLOOKUP(AI99,TRANSMUTATION_TABLE,4,TRUE))),"",IF($AF99="","",VLOOKUP(AI99,TRANSMUTATION_TABLE,4,TRUE)))
A100: 38 | B100: ='INPUT DATA'!B140 -> 0 | P100: =IF(COUNT($F100:$O100)=0,"",SUM($F100:$O100)) | Q100: =IF(ISERROR(IF($P100="","",ROUND(($P100/$P$10)*$Q$10,2))),"",IF($P100="","",ROUND(($P100/$P$10)*$Q$10,2))) | R100: =IF($Q100="","",ROUND($Q100*$R$10,2)) | AC100: =IF(COUNT($S100:$AB100)=0,"",SUM($S100:$AB100)) | AD100: =IF(ISERROR(IF($AC100="","",ROUND(($AC100/$AC$10)*$AD$10,2))),"",IF($AC100="","",ROUND(($AC100/$AC$10)*$AD$10,2))) | AE100: =IF($AD100="","",ROUND($AD100*$AE$10,2)) | AG100: =IF(ISERROR(IF($AF100="","",ROUND(($AF100/$AF$10)*$AG$10,2))),"",IF($AF100="","",ROUND(($AF100/$AF$10)*$AG$10,2))) | AH100: =IF($AG100="","",ROUND($AG100*$AH$10,2)) | AI100: =IF(ISERROR(IF($AF100="","",ROUND(SUM($R100,$AE100,$AH100),2))),"",IF($AF100="","",ROUND(SUM($R100,$AE100,$AH100),2))) | AJ100: =IF(ISERROR(IF($AF100="","",VLOOKUP(AI100,TRANSMUTATION_TABLE,4,TRUE))),"",IF($AF100="","",VLOOKUP(AI100,TRANSMUTATION_TABLE,4,TRUE)))
A101: 39 | B101: ='INPUT DATA'!B141 -> 0 | P101: =IF(COUNT($F101:$O101)=0,"",SUM($F101:$O101)) | Q101: =IF(ISERROR(IF($P101="","",ROUND(($P101/$P$10)*$Q$10,2))),"",IF($P101="","",ROUND(($P101/$P$10)*$Q$10,2))) | R101: =IF($Q101="","",ROUND($Q101*$R$10,2)) | AC101: =IF(COUNT($S101:$AB101)=0,"",SUM($S101:$AB101)) | AD101: =IF(ISERROR(IF($AC101="","",ROUND(($AC101/$AC$10)*$AD$10,2))),"",IF($AC101="","",ROUND(($AC101/$AC$10)*$AD$10,2))) | AE101: =IF($AD101="","",ROUND($AD101*$AE$10,2)) | AG101: =IF(ISERROR(IF($AF101="","",ROUND(($AF101/$AF$10)*$AG$10,2))),"",IF($AF101="","",ROUND(($AF101/$AF$10)*$AG$10,2))) | AH101: =IF($AG101="","",ROUND($AG101*$AH$10,2)) | AI101: =IF(ISERROR(IF($AF101="","",ROUND(SUM($R101,$AE101,$AH101),2))),"",IF($AF101="","",ROUND(SUM($R101,$AE101,$AH101),2))) | AJ101: =IF(ISERROR(IF($AF101="","",VLOOKUP(AI101,TRANSMUTATION_TABLE,4,TRUE))),"",IF($AF101="","",VLOOKUP(AI101,TRANSMUTATION_TABLE,4,TRUE)))
A102: 40 | B102: ='INPUT DATA'!B142 -> 0 | P102: =IF(COUNT($F102:$O102)=0,"",SUM($F102:$O102)) | Q102: =IF(ISERROR(IF($P102="","",ROUND(($P102/$P$10)*$Q$10,2))),"",IF($P102="","",ROUND(($P102/$P$10)*$Q$10,2))) | R102: =IF($Q102="","",ROUND($Q102*$R$10,2)) | AC102: =IF(COUNT($S102:$AB102)=0,"",SUM($S102:$AB102)) | AD102: =IF(ISERROR(IF($AC102="","",ROUND(($AC102/$AC$10)*$AD$10,2))),"",IF($AC102="","",ROUND(($AC102/$AC$10)*$AD$10,2))) | AE102: =IF($AD102="","",ROUND($AD102*$AE$10,2)) | AG102: =IF(ISERROR(IF($AF102="","",ROUND(($AF102/$AF$10)*$AG$10,2))),"",IF($AF102="","",ROUND(($AF102/$AF$10)*$AG$10,2))) | AH102: =IF($AG102="","",ROUND($AG102*$AH$10,2)) | AI102: =IF(ISERROR(IF($AF102="","",ROUND(SUM($R102,$AE102,$AH102),2))),"",IF($AF102="","",ROUND(SUM($R102,$AE102,$AH102),2))) | AJ102: =IF(ISERROR(IF($AF102="","",VLOOKUP(AI102,TRANSMUTATION_TABLE,4,TRUE))),"",IF($AF102="","",VLOOKUP(AI102,TRANSMUTATION_TABLE,4,TRUE)))
... A112: 50 | B112: ='INPUT DATA'!B152 -> 0 | P112: =IF(COUNT($F112:$O112)=0,"",SUM($F112:$O112)) | Q112: =IF(ISERROR(IF($P112="","",ROUND(($P112/$P$10)*$Q$10,2))),"",IF($P112="","",ROUND(($P112/$P$10)*$Q$10,2))) | R112: =IF($Q112="","",ROUND($Q112*$R$10,2)) | AC112: =IF(COUNT($S112:$AB112)=0,"",SUM($S112:$AB112)) | AD112: =IF(ISERROR(IF($AC112="","",ROUND(($AC112/$AC$10)*$AD$10,2))),"",IF($AC112="","",ROUND(($AC112/$AC$10)*$AD$10,2))) | AE112: =IF($AD112="","",ROUND($AD112*$AE$10,2)) | AG112: =IF(ISERROR(IF($AF112="","",ROUND(($AF112/$AF$10)*$AG$10,2))),"",IF($AF112="","",ROUND(($AF112/$AF$10)*$AG$10,2))) | AH112: =IF($AG112="","",ROUND($AG112*$AH$10,2)) | AI112: =IF(ISERROR(IF($AF112="","",ROUND(SUM($R112,$AE112,$AH112),2))),"",IF($AF112="","",ROUND(SUM($R112,$AE112,$AH112),2))) | AJ112: =IF(ISERROR(IF($AF112="","",VLOOKUP(AI112,TRANSMUTATION_TABLE,4,TRUE))),"",IF($AF112="","",VLOOKUP(AI112,TRANSMUTATION_TABLE,4,TRUE)))

Sheet FIL_Q3
A1: Class Record
A3: (Pursuant to Deped Order 8 series of 2015)
C4: REGION | G4: ='INPUT DATA'!G4 -> XI | L4: DIVISION | O4: ='INPUT DATA'!O4 -> PANABO CITY
B5: SCHOOL NAME | G5: ='INPUT DATA'!G5 -> QUEZON NATIONAL HIGH SCHOOL | T5: SCHOOL ID | AD5: SCHOOL YEAR | AG5: ='INPUT DATA'!AG5 -> 2025-2026
A7: THIRD QUARTER | F7: GRADE & SECTION: | K7: ='INPUT DATA'!K7 -> 8 - ARIES | Q7: TEACHER: | S7: ='INPUT DATA'!S7 -> JENIVIVE ORTEGA PUNAY | AC7: SUBJECT: | AG7: ='INPUT DATA'!AG7 -> FILIPINO
B8: LEARNERS' NAMES | F8: WRITTEN WORKS (30%) | S8: PERFORMANCE TASKS (50%) | AF8: QUARTERLY ASSESSMENT (20%) | AI8: Initial | AJ8: Quarterly
F9: 1 | G9: 2 | H9: 3 | I9: 4 | J9: 5 | K9: 6 | L9: 7 | M9: 8 | N9: 9 | O9: 10 | P9: Total | Q9: PS | R9: WS | S9: 1 | T9: 2 | U9: 3 | V9: 4 | W9: 5 | X9: 6 | Y9: 7 | Z9: 8 | AA9: 9 | AB9: 10 | AC9: Total | AD9: PS | AE9: WS | AF9: 1 | AG9: PS | AH9: WS | AI9: Grade | AJ9: Grade
B10: HIGHEST POSSIBLE SCORE | F10: 12 | G10: 10 | H10: 30 | I10: 10 | J10: 30 | K10: 10 | L10: 10 | M10: 10 | N10: 25 | O10: 70 | P10: =IF(COUNT($F10:$O10)=0,"",SUM($F10:$O10)) -> 217 | Q10: 100 | R10: 0.3 | S10: 100 | T10: 20 | U10: 100 | V10: 100 | W10: 100 | X10: 50 | Y10: 100 | Z10: 100 | AA10: 100 | AB10: 100 | AC10: =IF(COUNT($S10:$AB10)=0,"",SUM($S10:$AB10)) -> 870 | AD10: 100 | AE10: 0.5 | AF10: 40 | AG10: 100 | AH10: 0.2
B11: MALE | F11: quiz | G11: quiz | H11: ARAL RDG. MOSY | I11: quiz | J11: quiz | K11: emoji | L11: editorialquiz | M11: spelling | N11: quiz video animation | O11: notebook | S11: tanaga | T11: venn diagram | U11: time capsule | V11: classroom project FW,S,FP,XMASDEC | W11: gawa-editoryal | X11: editorial-KLUB | Y11: Kahulugan-idyoma | Z11: Pahiwatig box | AA11: ROLE PLAY Editorial | AB11: editoryal-kartoon | AM11: exam1 | AN11: exam2 | AO11: ave
A12: 1 | B12: ='INPUT DATA'!B12 -> ANOBLING, REGIE C. | F12: 11 | H12: 30 | I12: 10 | J12: 23 | K12: 9 | L12: 0 | M12: 9 | N12: 17 | P12: =IF(COUNT($F12:$O12)=0,"",SUM($F12:$O12)) -> 109 | Q12: =IF(ISERROR(IF($P12="","",ROUND(($P12/$P$10)*$Q$10,2))),"",IF($P12="","",ROUND(($P12/$P$10)*$Q$10,2))) -> 50.23 | R12: =IF($Q12="","",ROUND($Q12*$R$10,2)) -> 15.07 | S12: 100 | T12: 17 | U12: 95 | V12: 50 | W12: 98 | AA12: 95 | AC12: =IF(COUNT($S12:$AB12)=0,"",SUM($S12:$AB12)) -> 455 | AD12: =IF(ISERROR(IF($AC12="","",ROUND(($AC12/$AC$10)*$AD$10,2))),"",IF($AC12="","",ROUND(($AC12/$AC$10)*$AD$10,2))) -> 52.3 | AE12: =IF($AD12="","",ROUND($AD12*$AE$10,2)) -> 26.15 | AF12: 24 | AG12: =IF(ISERROR(IF($AF12="","",ROUND(($AF12/$AF$10)*$AG$10,2))),"",IF($AF12="","",ROUND(($AF12/$AF$10)*$AG$10,2))) -> 60 | AH12: =IF($AG12="","",ROUND($AG12*$AH$10,2)) -> 12 | AI12: =IF(ISERROR(IF($AF12="","",ROUND(SUM($R12,$AE12,$AH12),2))),"",IF($AF12="","",ROUND(SUM($R12,$AE12,$AH12),2))) -> 53.22 | AJ12: =IF(ISERROR(IF($AF12="","",VLOOKUP(AI12,TRANSMUTATION_TABLE,4,TRUE))),"",IF($AF12="","",VLOOKUP(AI12,TRANSMUTATION_TABLE,4,TRUE))) -> 73 | AK12: =AJ12+5 -> 78 | AM12: 22 | AN12: 25 | AO12: =(AM12+AN12)/2 -> 23.5
A13: 2 | B13: ='INPUT DATA'!B13 -> BANGCOY, JOHN PAUL P. | P13: =IF(COUNT($F13:$O13)=0,"",SUM($F13:$O13)) | Q13: =IF(ISERROR(IF($P13="","",ROUND(($P13/$P$10)*$Q$10,2))),"",IF($P13="","",ROUND(($P13/$P$10)*$Q$10,2))) | R13: =IF($Q13="","",ROUND($Q13*$R$10,2)) | AC13: =IF(COUNT($S13:$AB13)=0,"",SUM($S13:$AB13)) | AD13: =IF(ISERROR(IF($AC13="","",ROUND(($AC13/$AC$10)*$AD$10,2))),"",IF($AC13="","",ROUND(($AC13/$AC$10)*$AD$10,2))) | AE13: =IF($AD13="","",ROUND($AD13*$AE$10,2)) | AG13: =IF(ISERROR(IF($AF13="","",ROUND(($AF13/$AF$10)*$AG$10,2))),"",IF($AF13="","",ROUND(($AF13/$AF$10)*$AG$10,2))) | AH13: =IF($AG13="","",ROUND($AG13*$AH$10,2)) | AI13: =IF(ISERROR(IF($AF13="","",ROUND(SUM($R13,$AE13,$AH13),2))),"",IF($AF13="","",ROUND(SUM($R13,$AE13,$AH13),2))) | AJ13: =IF(ISERROR(IF($AF13="","",VLOOKUP(AI13,TRANSMUTATION_TABLE,4,TRUE))),"",IF($AF13="","",VLOOKUP(AI13,TRANSMUTATION_TABLE,4,TRUE))) | AO13: =(AM13+AN13)/2 -> 0
A14: 3 | B14: ='INPUT DATA'!B14 -> BARRIENTOS, JOHN PAUL M. | F14: 12 | G14: 7 | H14: 29 | I14: 10 | J14: 24 | K14: 10 | L14: 9 | M14: 9 | N14: 17 | O14: 70 | P14: =IF(COUNT($F14:$O14)=0,"",SUM($F14:$O14)) -> 197 | Q14: =IF(ISERROR(IF($P14="","",ROUND(($P14/$P$10)*$Q$10,2))),"",IF($P14="","",ROUND(($P14/$P$10)*$Q$10,2))) -> 90.78 | R14: =IF($Q14="","",ROUND($Q14*$R$10,2)) -> 27.23 | S14: 100 | T14: 20 | U14: 95 | V14: 90 | W14: 93 | X14: 50 | Y14: 100 | Z14: 90 | AA14: 87 | AB14: 92 | AC14: =IF(COUNT($S14:$AB14)=0,"",SUM($S14:$AB14)) -> 817 | AD14: =IF(ISERROR(IF($AC14="","",ROUND(($AC14/$AC$10)*$AD$10,2))),"",IF($AC14="","",ROUND(($AC14/$AC$10)*$AD$10,2))) -> 93.91 | AE14: =IF($AD14="","",ROUND($AD14*$AE$10,2)) -> 46.96 | AF14: 31 | AG14: =IF(ISERROR(IF($AF14="","",ROUND(($AF14/$AF$10)*$AG$10,2))),"",IF($AF14="","",ROUND(($AF14/$AF$10)*$AG$10,2))) -> 77.5 | AH14: =IF($AG14="","",ROUND($AG14*$AH$10,2)) -> 15.5 | AI14: =IF(ISERROR(IF($AF14="","",ROUND(SUM($R14,$AE14,$AH14),2))),"",IF($AF14="","",ROUND(SUM($R14,$AE14,$AH14),2))) -> 89.69 | AJ14: =IF(ISERROR(IF($AF14="","",VLOOKUP(AI14,TRANSMUTATION_TABLE,4,TRUE))),"",IF($AF14="","",VLOOKUP(AI14,TRANSMUTATION_TABLE,4,TRUE))) -> 93 | AK14: 93 | AM14: 27 | AN14: 34 | AO14: =(AM14+AN14)/2 -> 30.5
A15: 4 | B15: ='INPUT DATA'!B15 -> BRIGOLE, ROMEL | L15: 9 | P15: =IF(COUNT($F15:$O15)=0,"",SUM($F15:$O15)) -> 9 | Q15: =IF(ISERROR(IF($P15="","",ROUND(($P15/$P$10)*$Q$10,2))),"",IF($P15="","",ROUND(($P15/$P$10)*$Q$10,2))) -> 4.15 | R15: =IF($Q15="","",ROUND($Q15*$R$10,2)) -> 1.25 | X15: 50 | AA15: 87 | AC15: =IF(COUNT($S15:$AB15)=0,"",SUM($S15:$AB15)) -> 137 | AD15: =IF(ISERROR(IF($AC15="","",ROUND(($AC15/$AC$10)*$AD$10,2))),"",IF($AC15="","",ROUND(($AC15/$AC$10)*$AD$10,2))) -> 15.75 | AE15: =IF($AD15="","",ROUND($AD15*$AE$10,2)) -> 7.88 | AF15: 6 | AG15: =IF(ISERROR(IF($AF15="","",ROUND(($AF15/$AF$10)*$AG$10,2))),"",IF($AF15="","",ROUND(($AF15/$AF$10)*$AG$10,2))) -> 15 | AH15: =IF($AG15="","",ROUND($AG15*$AH$10,2)) -> 3 | AI15: =IF(ISERROR(IF($AF15="","",ROUND(SUM($R15,$AE15,$AH15),2))),"",IF($AF15="","",ROUND(SUM($R15,$AE15,$AH15),2))) -> 12.13 | AJ15: =IF(ISERROR(IF($AF15="","",VLOOKUP(AI15,TRANSMUTATION_TABLE,4,TRUE))),"",IF($AF15="","",VLOOKUP(AI15,TRANSMUTATION_TABLE,4,TRUE))) -> 63 | AK15: =AJ15+5 -> 68 | AM15: 10 | AN15: 2 | AO15: =(AM15+AN15)/2 -> 6
A16: 5 | B16: ='INPUT DATA'!B16 -> BULAHAN,ROVIC L. | F16: 12 | G16: 8 | H16: 28 | I16: 8 | J16: 24 | K16: 10 | L16: 9 | M16: 10 | N16: 21 | O16: 70 | P16: =IF(COUNT($F16:$O16)=0,"",SUM($F16:$O16)) -> 200 | Q16: =IF(ISERROR(IF($P16="","",ROUND(($P16/$P$10)*$Q$10,2))),"",IF($P16="","",ROUND(($P16/$P$10)*$Q$10,2))) -> 92.17 | R16: =IF($Q16="","",ROUND($Q16*$R$10,2)) -> 27.65 | S16: 100 | T16: 20 | U16: 96 | V16: 50 | W16: 93 | X16: 50 | Y16: 100 | Z16: 90 | AB16: 85 | AC16: =IF(COUNT($S16:$AB16)=0,"",SUM($S16:$AB16)) -> 684 | AD16: =IF(ISERROR(IF($AC16="","",ROUND(($AC16/$AC$10)*$AD$10,2))),"",IF($AC16="","",ROUND(($AC16/$AC$10)*$AD$10,2))) -> 78.62 | AE16: =IF($AD16="","",ROUND($AD16*$AE$10,2)) -> 39.31 | AF16: 31 | AG16: =IF(ISERROR(IF($AF16="","",ROUND(($AF16/$AF$10)*$AG$10,2))),"",IF($AF16="","",ROUND(($AF16/$AF$10)*$AG$10,2))) -> 77.5 | AH16: =IF($AG16="","",ROUND($AG16*$AH$10,2)) -> 15.5 | AI16: =IF(ISERROR(IF($AF16="","",ROUND(SUM($R16,$AE16,$AH16),2))),"",IF($AF16="","",ROUND(SUM($R16,$AE16,$AH16),2))) -> 82.46 | AJ16: =IF(ISERROR(IF($AF16="","",VLOOKUP(AI16,TRANSMUTATION_TABLE,4,TRUE))),"",IF($AF16="","",VLOOKUP(AI16,TRANSMUTATION_TABLE,4,TRUE))) -> 89 | AK16: 89 | AM16: 25 | AN16: 36 | AO16: =(AM16+AN16)/2 -> 30.5
A17: 6 | B17: ='INPUT DATA'!B17 -> CIJAS, ROLIE JR. A. | F17: 12 | G17: 7 | H17: 28 | I17: 10 | J17: 24 | K17: 10 | L17: 9 | M17: 10 | N17: 22 | O17: 50 | P17: =IF(COUNT($F17:$O17)=0,"",SUM($F17:$O17)) -> 182 | Q17: =IF(ISERROR(IF($P17="","",ROUND(($P17/$P$10)*$Q$10,2))),"",IF($P17="","",ROUND(($P17/$P$10)*$Q$10,2))) -> 83.87 | R17: =IF($Q17="","",ROUND($Q17*$R$10,2)) -> 25.16 | S17: 100 | T17: 20 | U17: 96 | V17: 90 | W17: 95 | X17: 50 | Y17: 100 | AB17: 86 | AC17: =IF(COUNT($S17:$AB17)=0,"",SUM($S17:$AB17)) -> 637 | AD17: =IF(ISERROR(IF($AC17="","",ROUND(($AC17/$AC$10)*$AD$10,2))),"",IF($AC17="","",ROUND(($AC17/$AC$10)*$AD$10,2))) -> 73.22 | AE17: =IF($AD17="","",ROUND($AD17*$AE$10,2)) -> 36.61 | AF17: 32 | AG17: =IF(ISERROR(IF($AF17="","",ROUND(($AF17/$AF$10)*$AG$10,2))),"",IF($AF17="","",ROUND(($AF17/$AF$10)*$AG$10,2))) -> 80 | AH17: =IF($AG17="","",ROUND($AG17*$AH$10,2)) -> 16 | AI17: =IF(ISERROR(IF($AF17="","",ROUND(SUM($R17,$AE17,$AH17),2))),"",IF($AF17="","",ROUND(SUM($R17,$AE17,$AH17),2))) -> 77.77 | AJ17: =IF(ISERROR(IF($AF17="","",VLOOKUP(AI17,TRANSMUTATION_TABLE,4,TRUE))),"",IF($AF17="","",VLOOKUP(AI17,TRANSMUTATION_TABLE,4,TRUE))) -> 86 | AK17: 86 | AM17: 29 | AN17: 35 | AO17: =(AM17+AN17)/2 -> 32
A18: 7 | B18: ='INPUT DATA'!B18 -> GARCIA, DAVE P. | G18: 7 | H18: 30 | I18: 10 | J18: 21 | K18: 9 | L18: 9 | M18: 9 | P18: =IF(COUNT($F18:$O18)=0,"",SUM($F18:$O18)) -> 95 | Q18: =IF(ISERROR(IF($P18="","",ROUND(($P18/$P$10)*$Q$10,2))),"",IF($P18="","",ROUND(($P18/$P$10)*$Q$10,2))) -> 43.78 | R18: =IF($Q18="","",ROUND($Q18*$R$10,2)) -> 13.13 | S18: 100 | T18: 20 | U18: 90 | V18: 50 | W18: 98 | Y18: 100 | Z18: 90 | AC18: =IF(COUNT($S18:$AB18)=0,"",SUM($S18:$AB18)) -> 548 | AD18: =IF(ISERROR(IF($AC18="","",ROUND(($AC18/$AC$10)*$AD$10,2))),"",IF($AC18="","",ROUND(($AC18/$AC$10)*$AD$10,2))) -> 62.99 | AE18: =IF($AD18="","",ROUND($AD18*$AE$10,2)) -> 31.5 | AF18: 23 | AG18: =IF(ISERROR(IF($AF18="","",ROUND(($AF18/$AF$10)*$AG$10,2))),"",IF($AF18="","",ROUND(($AF18/$AF$10)*$AG$10,2))) -> 57.5 | AH18: =IF($AG18="","",ROUND($AG18*$AH$10,2)) -> 11.5 | AI18: =IF(ISERROR(IF($AF18="","",ROUND(SUM($R18,$AE18,$AH18),2))),"",IF($AF18="","",ROUND(SUM($R18,$AE18,$AH18),2))) -> 56.13 | AJ18: =IF(ISERROR(IF($AF18="","",VLOOKUP(AI18,TRANSMUTATION_TABLE,4,TRUE))),"",IF($AF18="","",VLOOKUP(AI18,TRANSMUTATION_TABLE,4,TRUE))) -> 74 | AK18: 74 | AM18: 25 | AN18: 35 | AO18: =(AM18+AN18)/2 -> 30
A19: 8 | B19: ='INPUT DATA'!B19 -> GONZALES, JAMES | D19: 0 | F19: 12 | G19: 7 | H19: 21 | I19: 10 | J19: 23 | K19: 10 | L19: 6 | M19: 10 | N19: 20 | O19: 70 | P19: =IF(COUNT($F19:$O19)=0,"",SUM($F19:$O19)) -> 189 | Q19: =IF(ISERROR(IF($P19="","",ROUND(($P19/$P$10)*$Q$10,2))),"",IF($P19="","",ROUND(($P19/$P$10)*$Q$10,2))) -> 87.1 | R19: =IF($Q19="","",ROUND($Q19*$R$10,2)) -> 26.13 | S19: 100 | T19: 11 | U19: 95 | V19: 65 | X19: 50 | Y19: 90 | Z19: 80 | AA19: 95 | AB19: 88 | AC19: =IF(COUNT($S19:$AB19)=0,"",SUM($S19:$AB19)) -> 674 | AD19: =IF(ISERROR(IF($AC19="","",ROUND(($AC19/$AC$10)*$AD$10,2))),"",IF($AC19="","",ROUND(($AC19/$AC$10)*$AD$10,2))) -> 77.47 | AE19: =IF($AD19="","",ROUND($AD19*$AE$10,2)) -> 38.74 | AF19: 23 | AG19: =IF(ISERROR(IF($AF19="","",ROUND(($AF19/$AF$10)*$AG$10,2))),"",IF($AF19="","",ROUND(($AF19/$AF$10)*$AG$10,2))) -> 57.5 | AH19: =IF($AG19="","",ROUND($AG19*$AH$10,2)) -> 11.5 | AI19: =IF(ISERROR(IF($AF19="","",ROUND(SUM($R19,$AE19,$AH19),2))),"",IF($AF19="","",ROUND(SUM($R19,$AE19,$AH19),2))) -> 76.37 | AJ19: =IF(ISERROR(IF($AF19="","",VLOOKUP(AI19,TRANSMUTATION_TABLE,4,TRUE))),"",IF($AF19="","",VLOOKUP(AI19,TRANSMUTATION_TABLE,4,TRUE))) -> 85 | AK19: 85 | AM19: 18 | AN19: 27 | AO19: =(AM19+AN19)/2 -> 22.5
A20: 9 | B20: ='INPUT DATA'!B20 -> LAGUNA, JB | F20: 12 | G20: 8 | H20: 26 | I20: 10 | J20: 21 | K20: 10 | L20: 9 | M20: 9 | N20: 18 | O20: 60 | P20: =IF(COUNT($F20:$O20)=0,"",SUM($F20:$O20)) -> 183 | Q20: =IF(ISERROR(IF($P20="","",ROUND(($P20/$P$10)*$Q$10,2))),"",IF($P20="","",ROUND(($P20/$P$10)*$Q$10,2))) -> 84.33 | R20: =IF($Q20="","",ROUND($Q20*$R$10,2)) -> 25.3 | T20: 20 | U20: 93 | V20: 75 | W20: 93 | X20: 50 | AA20: 87 | AB20: 90 | AC20: =IF(COUNT($S20:$AB20)=0,"",SUM($S20:$AB20)) -> 508 | AD20: =IF(ISERROR(IF($AC20="","",ROUND(($AC20/$AC$10)*$AD$10,2))),"",IF($AC20="","",ROUND(($AC20/$AC$10)*$AD$10,2))) -> 58.39 | AE20: =IF($AD20="","",ROUND($AD20*$AE$10,2)) -> 29.2 | AF20: 29 | AG20: =IF(ISERROR(IF($AF20="","",ROUND(($AF20/$AF$10)*$AG$10,2))),"",IF($AF20="","",ROUND(($AF20/$AF$10)*$AG$10,2))) -> 72.5 | AH20: =IF($AG20="","",ROUND($AG20*$AH$10,2)) -> 14.5 | AI20: =IF(ISERROR(IF($AF20="","",ROUND(SUM($R20,$AE20,$AH20),2))),"",IF($AF20="","",ROUND(SUM($R20,$AE20,$AH20),2))) -> 69 | AJ20: =IF(ISERROR(IF($AF20="","",VLOOKUP(AI20,TRANSMUTATION_TABLE,4,TRUE))),"",IF($AF20="","",VLOOKUP(AI20,TRANSMUTATION_TABLE,4,TRUE))) -> 80 | AK20: 80 | AM20: 26 | AN20: 31 | AO20: =(AM20+AN20)/2 -> 28.5
A21: 10 | B21: ='INPUT DATA'!B21 -> LARODA, STEVEN S. | F21: 12 | G21: 8 | H21: 22 | I21: 10 | J21: 21 | L21: 6 | M21: 8 | N21: 9 | O21: 60 | P21: =IF(COUNT($F21:$O21)=0,"",SUM($F21:$O21)) -> 156 | Q21: =IF(ISERROR(IF($P21="","",ROUND(($P21/$P$10)*$Q$10,2))),"",IF($P21="","",ROUND(($P21/$P$10)*$Q$10,2))) -> 71.89 | R21: =IF($Q21="","",ROUND($Q21*$R$10,2)) -> 21.57 | T21: 20 | U21: 93 | V21: 75 | W21: 98 | X21: 50 | Y21: 100 | Z21: 90 | AA21: 87 | AC21: =IF(COUNT($S21:$AB21)=0,"",SUM($S21:$AB21)) -> 613 | AD21: =IF(ISERROR(IF($AC21="","",ROUND(($AC21/$AC$10)*$AD$10,2))),"",IF($AC21="","",ROUND(($AC21/$AC$10)*$AD$10,2))) -> 70.46 | AE21: =IF($AD21="","",ROUND($AD21*$AE$10,2)) -> 35.23 | AF21: 29 | AG21: =IF(ISERROR(IF($AF21="","",ROUND(($AF21/$AF$10)*$AG$10,2))),"",IF($AF21="","",ROUND(($AF21/$AF$10)*$AG$10,2))) -> 72.5 | AH21: =IF($AG21="","",ROUND($AG21*$AH$10,2)) -> 14.5 | AI21: =IF(ISERROR(IF($AF21="","",ROUND(SUM($R21,$AE21,$AH21),2))),"",IF($AF21="","",ROUND(SUM($R21,$AE21,$AH21),2))) -> 71.3 | AJ21: =IF(ISERROR(IF($AF21="","",VLOOKUP(AI21,TRANSMUTATION_TABLE,4,TRUE))),"",IF($AF21="","",VLOOKUP(AI21,TRANSMUTATION_TABLE,4,TRUE))) -> 82 | AK21: 82 | AM21: 25 | AN21: 33 | AO21: =(AM21+AN21)/2 -> 29
A22: 11 | B22: ='INPUT DATA'!B22 -> MERINO, SEDRIK R. | D22: 0 | M22: 6 | P22: =IF(COUNT($F22:$O22)=0,"",SUM($F22:$O22)) -> 6 | Q22: =IF(ISERROR(IF($P22="","",ROUND(($P22/$P$10)*$Q$10,2))),"",IF($P22="","",ROUND(($P22/$P$10)*$Q$10,2))) -> 2.76 | R22: =IF($Q22="","",ROUND($Q22*$R$10,2)) -> 0.83 | W22: 95 | AA22: 95 | AC22: =IF(COUNT($S22:$AB22)=0,"",SUM($S22:$AB22)) -> 190 | AD22: =IF(ISERROR(IF($AC22="","",ROUND(($AC22/$AC$10)*$AD$10,2))),"",IF($AC22="","",ROUND(($AC22/$AC$10)*$AD$10,2))) -> 21.84 | AE22: =IF($AD22="","",ROUND($AD22*$AE$10,2)) -> 10.92 | AF22: 23 | AG22: =IF(ISERROR(IF($AF22="","",ROUND(($AF22/$AF$10)*$AG$10,2))),"",IF($AF22="","",ROUND(($AF22/$AF$10)*$AG$10,2))) -> 57.5 | AH22: =IF($AG22="","",ROUND($AG22*$AH$10,2)) -> 11.5 | AI22: =IF(ISERROR(IF($AF22="","",ROUND(SUM($R22,$AE22,$AH22),2))),"",IF($AF22="","",ROUND(SUM($R22,$AE22,$AH22),2))) -> 23.25 | AJ22: =IF(ISERROR(IF($AF22="","",VLOOKUP(AI22,TRANSMUTATION_TABLE,4,TRUE))),"",IF($AF22="","",VLOOKUP(AI22,TRANSMUTATION_TABLE,4,TRUE))) -> 65 | AK22: =AJ22+5 -> 70 | AM22: 22 | AN22: 24 | AO22: =(AM22+AN22)/2 -> 23
A23: 12 | B23: ='INPUT DATA'!B23 -> MONTERAS, VINCENT S. | H23: 30 | J23: 23 | K23: 10 | L23: 9 | M23: 10 | N23: 20 | O23: 50 | P23: =IF(COUNT($F23:$O23)=0,"",SUM($F23:$O23)) -> 152 | Q23: =IF(ISERROR(IF($P23="","",ROUND(($P23/$P$10)*$Q$10,2))),"",IF($P23="","",ROUND(($P23/$P$10)*$Q$10,2))) -> 70.05 | R23: =IF($Q23="","",ROUND($Q23*$R$10,2)) -> 21.02 | T23: 20 | U23: 95 | X23: 50 | AA23: 95 | AB23: 85 | AC23: =IF(COUNT($S23:$AB23)=0,"",SUM($S23:$AB23)) -> 345 | AD23: =IF(ISERROR(IF($AC23="","",ROUND(($AC23/$AC$10)*$AD$10,2))),"",IF($AC23="","",ROUND(($AC23/$AC$10)*$AD$10,2))) -> 39.66 | AE23: =IF($AD23="","",ROUND($AD23*$AE$10,2)) -> 19.83 | AF23: 12 | AG23: =IF(ISERROR(IF($AF23="","",ROUND(($AF23/$AF$10)*$AG$10,2))),"",IF($AF23="","",ROUND(($AF23/$AF$10)*$AG$10,2))) -> 30 | AH23: =IF($AG23="","",ROUND($AG23*$AH$10,2)) -> 6 | AI23: =IF(ISERROR(IF($AF23="","",ROUND(SUM($R23,$AE23,$AH23),2))),"",IF($AF23="","",ROUND(SUM($R23,$AE23,$AH23),2))) -> 46.85 | AJ23: =IF(ISERROR(IF($AF23="","",VLOOKUP(AI23,TRANSMUTATION_TABLE,4,TRUE))),"",IF($AF23="","",VLOOKUP(AI23,TRANSMUTATION_TABLE,4,TRUE))) -> 71 | AK23: =AJ23+5 -> 76 | AM23: 12 | AO23: =(AM23+AN23)/2 -> 6
A24: 13 | B24: ='INPUT DATA'!B24 -> NACAWILI, ANDRIE L. | G24: 6 | H24: 28 | J24: 24 | L24: 6 | M24: 10 | N24: 15 | O24: 50 | P24: =IF(COUNT($F24:$O24)=0,"",SUM($F24:$O24)) -> 139 | Q24: =IF(ISERROR(IF($P24="","",ROUND(($P24/$P$10)*$Q$10,2))),"",IF($P24="","",ROUND(($P24/$P$10)*$Q$10,2))) -> 64.06 | R24: =IF($Q24="","",ROUND($Q24*$R$10,2)) -> 19.22 | T24: 20 | U24: 96 | V24: 50 | W24: 95 | X24: 50 | Y24: 100 | Z24: 90 | AA24: 75 | AB24: 85 | AC24: =IF(COUNT($S24:$AB24)=0,"",SUM($S24:$AB24)) -> 661 | AD24: =IF(ISERROR(IF($AC24="","",ROUND(($AC24/$AC$10)*$AD$10,2))),"",IF($AC24="","",ROUND(($AC24/$AC$10)*$AD$10,2))) -> 75.98 | AE24: =IF($AD24="","",ROUND($AD24*$AE$10,2)) -> 37.99 | AF24: 29 | AG24: =IF(ISERROR(IF($AF24="","",ROUND(($AF24/$AF$10)*$AG$10,2))),"",IF($AF24="","",ROUND(($AF24/$AF$10)*$AG$10,2))) -> 72.5 | AH24: =IF($AG24="","",ROUND($AG24*$AH$10,2)) -> 14.5 | AI24: =IF(ISERROR(IF($AF24="","",ROUND(SUM($R24,$AE24,$AH24),2))),"",IF($AF24="","",ROUND(SUM($R24,$AE24,$AH24),2))) -> 71.71 | AJ24: =IF(ISERROR(IF($AF24="","",VLOOKUP(AI24,TRANSMUTATION_TABLE,4,TRUE))),"",IF($AF24="","",VLOOKUP(AI24,TRANSMUTATION_TABLE,4,TRUE))) -> 82 | AK24: 82 | AM24: 28 | AN24: 30 | AO24: =(AM24+AN24)/2 -> 29
A25: 14 | B25: ='INPUT DATA'!B25 -> OLIVERIO, CYREL JAY G. | G25: 7 | H25: 21 | J25: 23 | L25: 7 | M25: 7 | P25: =IF(COUNT($F25:$O25)=0,"",SUM($F25:$O25)) -> 65 | Q25: =IF(ISERROR(IF($P25="","",ROUND(($P25/$P$10)*$Q$10,2))),"",IF($P25="","",ROUND(($P25/$P$10)*$Q$10,2))) -> 29.95 | R25: =IF($Q25="","",ROUND($Q25*$R$10,2)) -> 8.99 | W25: 98 | Y25: 90 | Z25: 80 | AC25: =IF(COUNT($S25:$AB25)=0,"",SUM($S25:$AB25)) -> 268 | AD25: =IF(ISERROR(IF($AC25="","",ROUND(($AC25/$AC$10)*$AD$10,2))),"",IF($AC25="","",ROUND(($AC25/$AC$10)*$AD$10,2))) -> 30.8 | AE25: =IF($AD25="","",ROUND($AD25*$AE$10,2)) -> 15.4 | AF25: 15 | AG25: =IF(ISERROR(IF($AF25="","",ROUND(($AF25/$AF$10)*$AG$10,2))),"",IF($AF25="","",ROUND(($AF25/$AF$10)*$AG$10,2))) -> 37.5 | AH25: =IF($AG25="","",ROUND($AG25*$AH$10,2)) -> 7.5 | AI25: =IF(ISERROR(IF($AF25="","",ROUND(SUM($R25,$AE25,$AH25),2))),"",IF($AF25="","",ROUND(SUM($R25,$AE25,$AH25),2))) -> 31.89 | AJ25: =IF(ISERROR(IF($AF25="","",VLOOKUP(AI25,TRANSMUTATION_TABLE,4,TRUE))),"",IF($AF25="","",VLOOKUP(AI25,TRANSMUTATION_TABLE,4,TRUE))) -> 67 | AK25: =AJ25+5 -> 72 | AM25: 12 | AN25: 18 | AO25: =(AM25+AN25)/2 -> 15
A26: 15 | B26: ='INPUT DATA'!B26 -> ORBITA,BRENN JOHN A. | F26: 12 | G26: 8 | H26: 28 | I26: 10 | J26: 24 | K26: 9 | L26: 9 | M26: 10 | N26: 20 | O26: 70 | P26: =IF(COUNT($F26:$O26)=0,"",SUM($F26:$O26)) -> 200 | Q26: =IF(ISERROR(IF($P26="","",ROUND(($P26/$P$10)*$Q$10,2))),"",IF($P26="","",ROUND(($P26/$P$10)*$Q$10,2))) -> 92.17 | R26: =IF($Q26="","",ROUND($Q26*$R$10,2)) -> 27.65 | S26: 100 | T26: 20 | U26: 94 | V26: 50 | X26: 50 | Y26: 100 | Z26: 90 | AA26: 87 | AB26: 85 | AC26: =IF(COUNT($S26:$AB26)=0,"",SUM($S26:$AB26)) -> 676 | AD26: =IF(ISERROR(IF($AC26="","",ROUND(($AC26/$AC$10)*$AD$10,2))),"",IF($AC26="","",ROUND(($AC26/$AC$10)*$AD$10,2))) -> 77.7 | AE26: =IF($AD26="","",ROUND($AD26*$AE$10,2)) -> 38.85 | AF26: 30 | AG26: =IF(ISERROR(IF($AF26="","",ROUND(($AF26/$AF$10)*$AG$10,2))),"",IF($AF26="","",ROUND(($AF26/$AF$10)*$AG$10,2))) -> 75 | AH26: =IF($AG26="","",ROUND($AG26*$AH$10,2)) -> 15 | AI26: =IF(ISERROR(IF($AF26="","",ROUND(SUM($R26,$AE26,$AH26),2))),"",IF($AF26="","",ROUND(SUM($R26,$AE26,$AH26),2))) -> 81.5 | AJ26: =IF(ISERROR(IF($AF26="","",VLOOKUP(AI26,TRANSMUTATION_TABLE,4,TRUE))),"",IF($AF26="","",VLOOKUP(AI26,TRANSMUTATION_TABLE,4,TRUE))) -> 88 | AK26: 88 | AM26: 25 | AN26: 34 | AO26: =(AM26+AN26)/2 -> 29.5
A27: 16 | B27: ='INPUT DATA'!B27 -> PAINLO,SHERWIN V. | F27: 12 | G27: 7 | H27: 29 | I27: 10 | J27: 24 | K27: 10 | L27: 9 | M27: 10 | N27: 25 | O27: 70 | P27: =IF(COUNT($F27:$O27)=0,"",SUM($F27:$O27)) -> 206 | Q27: =IF(ISERROR(IF($P27="","",ROUND(($P27/$P$10)*$Q$10,2))),"",IF($P27="","",ROUND(($P27/$P$10)*$Q$10,2))) -> 94.93 | R27: =IF($Q27="","",ROUND($Q27*$R$10,2)) -> 28.48 | S27: 100 | T27: 20 | U27: 95 | V27: 90 | W27: 93 | X27: 50 | Y27: 100 | Z27: 90 | AA27: 87 | AB27: 92 | AC27: =IF(COUNT($S27:$AB27)=0,"",SUM($S27:$AB27)) -> 817 | AD27: =IF(ISERROR(IF($AC27="","",ROUND(($AC27/$AC$10)*$AD$10,2))),"",IF($AC27="","",ROUND(($AC27/$AC$10)*$AD$10,2))) -> 93.91 | AE27: =IF($AD27="","",ROUND($AD27*$AE$10,2)) -> 46.96 | AF27: 32 | AG27: =IF(ISERROR(IF($AF27="","",ROUND(($AF27/$AF$10)*$AG$10,2))),"",IF($AF27="","",ROUND(($AF27/$AF$10)*$AG$10,2))) -> 80 | AH27: =IF($AG27="","",ROUND($AG27*$AH$10,2)) -> 16 | AI27: =IF(ISERROR(IF($AF27="","",ROUND(SUM($R27,$AE27,$AH27),2))),"",IF($AF27="","",ROUND(SUM($R27,$AE27,$AH27),2))) -> 91.44 | AJ27: =IF(ISERROR(IF($AF27="","",VLOOKUP(AI27,TRANSMUTATION_TABLE,4,TRUE))),"",IF($AF27="","",VLOOKUP(AI27,TRANSMUTATION_TABLE,4,TRUE))) -> 94 | AK27: 94 | AM27: 26 | AN27: 38 | AO27: =(AM27+AN27)/2 -> 32
A28: 17 | B28: ='INPUT DATA'!B28 -> RAMIREZ, MATTEO JOHN DAVE D. | P28: =IF(COUNT($F28:$O28)=0,"",SUM($F28:$O28)) | Q28: =IF(ISERROR(IF($P28="","",ROUND(($P28/$P$10)*$Q$10,2))),"",IF($P28="","",ROUND(($P28/$P$10)*$Q$10,2))) | R28: =IF($Q28="","",ROUND($Q28*$R$10,2)) | AC28: =IF(COUNT($S28:$AB28)=0,"",SUM($S28:$AB28)) | AD28: =IF(ISERROR(IF($AC28="","",ROUND(($AC28/$AC$10)*$AD$10,2))),"",IF($AC28="","",ROUND(($AC28/$AC$10)*$AD$10,2))) | AE28: =IF($AD28="","",ROUND($AD28*$AE$10,2)) | AG28: =IF(ISERROR(IF($AF28="","",ROUND(($AF28/$AF$10)*$AG$10,2))),"",IF($AF28="","",ROUND(($AF28/$AF$10)*$AG$10,2))) | AH28: =IF($AG28="","",ROUND($AG28*$AH$10,2)) | AI28: =IF(ISERROR(IF($AF28="","",ROUND(SUM($R28,$AE28,$AH28),2))),"",IF($AF28="","",ROUND(SUM($R28,$AE28,$AH28),2))) | AJ28: =IF(ISERROR(IF($AF28="","",VLOOKUP(AI28,TRANSMUTATION_TABLE,4,TRUE))),"",IF($AF28="","",VLOOKUP(AI28,TRANSMUTATION_TABLE,4,TRUE))) | AO28: =(AM28+AN28)/2 -> 0
A29: 18 | B29: ='INPUT DATA'!B29 -> SIGUIRA, JASTINE B. | P29: =IF(COUNT($F29:$O29)=0,"",SUM($F29:$O29)) | Q29: =IF(ISERROR(IF($P29="","",ROUND(($P29/$P$10)*$Q$10,2))),"",IF($P29="","",ROUND(($P29/$P$10)*$Q$10,2))) | R29: =IF($Q29="","",ROUND($Q29*$R$10,2)) | AC29: =IF(COUNT($S29:$AB29)=0,"",SUM($S29:$AB29)) | AD29: =IF(ISERROR(IF($AC29="","",ROUND(($AC29/$AC$10)*$AD$10,2))),"",IF($AC29="","",ROUND(($AC29/$AC$10)*$AD$10,2))) | AE29: =IF($AD29="","",ROUND($AD29*$AE$10,2)) | AG29: =IF(ISERROR(IF($AF29="","",ROUND(($AF29/$AF$10)*$AG$10,2))),"",IF($AF29="","",ROUND(($AF29/$AF$10)*$AG$10,2))) | AH29: =IF($AG29="","",ROUND($AG29*$AH$10,2)) | AI29: =IF(ISERROR(IF($AF29="","",ROUND(SUM($R29,$AE29,$AH29),2))),"",IF($AF29="","",ROUND(SUM($R29,$AE29,$AH29),2))) | AJ29: =IF(ISERROR(IF($AF29="","",VLOOKUP(AI29,TRANSMUTATION_TABLE,4,TRUE))),"",IF($AF29="","",VLOOKUP(AI29,TRANSMUTATION_TABLE,4,TRUE))) | AO29: =(AM29+AN29)/2 -> 0
A30: 19 | B30: ='INPUT DATA'!B30 -> TAA, JHONVINZ Y. | F30: 12 | G30: 7 | I30: 10 | K30: 9 | N30: 17 | P30: =IF(COUNT($F30:$O30)=0,"",SUM($F30:$O30)) -> 55 | Q30: =IF(ISERROR(IF($P30="","",ROUND(($P30/$P$10)*$Q$10,2))),"",IF($P30="","",ROUND(($P30/$P$10)*$Q$10,2))) -> 25.35 | R30: =IF($Q30="","",ROUND($Q30*$R$10,2)) -> 7.61 | T30: 20 | U30: 94 | W30: 95 | AB30: 86 | AC30: =IF(COUNT($S30:$AB30)=0,"",SUM($S30:$AB30)) -> 295 | AD30: =IF(ISERROR(IF($AC30="","",ROUND(($AC30/$AC$10)*$AD$10,2))),"",IF($AC30="","",ROUND(($AC30/$AC$10)*$AD$10,2))) -> 33.91 | AE30: =IF($AD30="","",ROUND($AD30*$AE$10,2)) -> 16.96 | AF30: 22 | AG30: =IF(ISERROR(IF($AF30="","",ROUND(($AF30/$AF$10)*$AG$10,2))),"",IF($AF30="","",ROUND(($AF30/$AF$10)*$AG$10,2))) -> 55 | AH30: =IF($AG30="","",ROUND($AG30*$AH$10,2)) -> 11 | AI30: =IF(ISERROR(IF($AF30="","",ROUND(SUM($R30,$AE30,$AH30),2))),"",IF($AF30="","",ROUND(SUM($R30,$AE30,$AH30),2))) -> 35.57 | AJ30: =IF(ISERROR(IF($AF30="","",VLOOKUP(AI30,TRANSMUTATION_TABLE,4,TRUE))),"",IF($AF30="","",VLOOKUP(AI30,TRANSMUTATION_TABLE,4,TRUE))) -> 68 | AK30: =AJ30+5 -> 73 | AM30: 19 | AN30: 24 | AO30: =(AM30+AN30)/2 -> 21.5
A31: 20 | B31: ='INPUT DATA'!B31 -> ZOILO, JOHN LORENCE M. | F31: 12 | G31: 7 | H31: 20 | I31: 10 | J31: 24 | K31: 9 | L31: 8 | M31: 10 | N31: 14 | O31: 60 | P31: =IF(COUNT($F31:$O31)=0,"",SUM($F31:$O31)) -> 174 | Q31: =IF(ISERROR(IF($P31="","",ROUND(($P31/$P$10)*$Q$10,2))),"",IF($P31="","",ROUND(($P31/$P$10)*$Q$10,2))) -> 80.18 | R31: =IF($Q31="","",ROUND($Q31*$R$10,2)) -> 24.05 | S31: 100 | T31: 20 | U31: 94 | V31: 90 | W31: 95 | X31: 50 | Y31: 100 | AA31: 87 | AB31: 85 | AC31: =IF(COUNT($S31:$AB31)=0,"",SUM($S31:$AB31)) -> 721 | AD31: =IF(ISERROR(IF($AC31="","",ROUND(($AC31/$AC$10)*$AD$10,2))),"",IF($AC31="","",ROUND(($AC31/$AC$10)*$AD$10,2))) -> 82.87 | AE31: =IF($AD31="","",ROUND($AD31*$AE$10,2)) -> 41.44 | AF31: 31 | AG31: =IF(ISERROR(IF($AF31="","",ROUND(($AF31/$AF$10)*$AG$10,2))),"",IF($AF31="","",ROUND(($AF31/$AF$10)*$AG$10,2))) -> 77.5 | AH31: =IF($AG31="","",ROUND($AG31*$AH$10,2)) -> 15.5 | AI31: =IF(ISERROR(IF($AF31="","",ROUND(SUM($R31,$AE31,$AH31),2))),"",IF($AF31="","",ROUND(SUM($R31,$AE31,$AH31),2))) -> 80.99 | AJ31: =IF(ISERROR(IF($AF31="","",VLOOKUP(AI31,TRANSMUTATION_TABLE,4,TRUE))),"",IF($AF31="","",VLOOKUP(AI31,TRANSMUTATION_TABLE,4,TRUE))) -> 88 | AK31: 88 | AM31: 25 | AN31: 36 | AO31: =(AM31+AN31)/2 -> 30.5
A32: 21 | B32: ='INPUT DATA'!B32 -> CABO, JEREM | P32: =IF(COUNT($F32:$O32)=0,"",SUM($F32:$O32)) | Q32: =IF(ISERROR(IF($P32="","",ROUND(($P32/$P$10)*$Q$10,2))),"",IF($P32="","",ROUND(($P32/$P$10)*$Q$10,2))) | R32: =IF($Q32="","",ROUND($Q32*$R$10,2)) | AC32: =IF(COUNT($S32:$AB32)=0,"",SUM($S32:$AB32)) | AD32: =IF(ISERROR(IF($AC32="","",ROUND(($AC32/$AC$10)*$AD$10,2))),"",IF($AC32="","",ROUND(($AC32/$AC$10)*$AD$10,2))) | AE32: =IF($AD32="","",ROUND($AD32*$AE$10,2)) | AG32: =IF(ISERROR(IF($AF32="","",ROUND(($AF32/$AF$10)*$AG$10,2))),"",IF($AF32="","",ROUND(($AF32/$AF$10)*$AG$10,2))) | AH32: =IF($AG32="","",ROUND($AG32*$AH$10,2)) | AI32: =IF(ISERROR(IF($AF32="","",ROUND(SUM($R32,$AE32,$AH32),2))),"",IF($AF32="","",ROUND(SUM($R32,$AE32,$AH32),2))) | AJ32: =IF(ISERROR(IF($AF32="","",VLOOKUP(AI32,TRANSMUTATION_TABLE,4,TRUE))),"",IF($AF32="","",VLOOKUP(AI32,TRANSMUTATION_TABLE,4,TRUE)))
A33: 22 | B33: ='INPUT DATA'!B33 -> 0 | P33: =IF(COUNT($F33:$O33)=0,"",SUM($F33:$O33)) | Q33: =IF(ISERROR(IF($P33="","",ROUND(($P33/$P$10)*$Q$10,2))),"",IF($P33="","",ROUND(($P33/$P$10)*$Q$10,2))) | R33: =IF($Q33="","",ROUND($Q33*$R$10,2)) | AC33: =IF(COUNT($S33:$AB33)=0,"",SUM($S33:$AB33)) | AD33: =IF(ISERROR(IF($AC33="","",ROUND(($AC33/$AC$10)*$AD$10,2))),"",IF($AC33="","",ROUND(($AC33/$AC$10)*$AD$10,2))) | AE33: =IF($AD33="","",ROUND($AD33*$AE$10,2)) | AG33: =IF(ISERROR(IF($AF33="","",ROUND(($AF33/$AF$10)*$AG$10,2))),"",IF($AF33="","",ROUND(($AF33/$AF$10)*$AG$10,2))) | AH33: =IF($AG33="","",ROUND($AG33*$AH$10,2)) | AI33: =IF(ISERROR(IF($AF33="","",ROUND(SUM($R33,$AE33,$AH33),2))),"",IF($AF33="","",ROUND(SUM($R33,$AE33,$AH33),2))) | AJ33: =IF(ISERROR(IF($AF33="","",VLOOKUP(AI33,TRANSMUTATION_TABLE,4,TRUE))),"",IF($AF33="","",VLOOKUP(AI33,TRANSMUTATION_TABLE,4,TRUE)))
A34: 23 | B34: ='INPUT DATA'!B34 -> 0 | P34: =IF(COUNT($F34:$O34)=0,"",SUM($F34:$O34)) | Q34: =IF(ISERROR(IF($P34="","",ROUND(($P34/$P$10)*$Q$10,2))),"",IF($P34="","",ROUND(($P34/$P$10)*$Q$10,2))) | R34: =IF($Q34="","",ROUND($Q34*$R$10,2)) | AC34: =IF(COUNT($S34:$AB34)=0,"",SUM($S34:$AB34)) | AD34: =IF(ISERROR(IF($AC34="","",ROUND(($AC34/$AC$10)*$AD$10,2))),"",IF($AC34="","",ROUND(($AC34/$AC$10)*$AD$10,2))) | AE34: =IF($AD34="","",ROUND($AD34*$AE$10,2)) | AG34: =IF(ISERROR(IF($AF34="","",ROUND(($AF34/$AF$10)*$AG$10,2))),"",IF($AF34="","",ROUND(($AF34/$AF$10)*$AG$10,2))) | AH34: =IF($AG34="","",ROUND($AG34*$AH$10,2)) | AI34: =IF(ISERROR(IF($AF34="","",ROUND(SUM($R34,$AE34,$AH34),2))),"",IF($AF34="","",ROUND(SUM($R34,$AE34,$AH34),2))) | AJ34: =IF(ISERROR(IF($AF34="","",VLOOKUP(AI34,TRANSMUTATION_TABLE,4,TRUE))),"",IF($AF34="","",VLOOKUP(AI34,TRANSMUTATION_TABLE,4,TRUE)))
A35: 24 | B35: ='INPUT DATA'!B35 -> 0 | P35: =IF(COUNT($F35:$O35)=0,"",SUM($F35:$O35)) | Q35: =IF(ISERROR(IF($P35="","",ROUND(($P35/$P$10)*$Q$10,2))),"",IF($P35="","",ROUND(($P35/$P$10)*$Q$10,2))) | R35: =IF($Q35="","",ROUND($Q35*$R$10,2)) | AC35: =IF(COUNT($S35:$AB35)=0,"",SUM($S35:$AB35)) | AD35: =IF(ISERROR(IF($AC35="","",ROUND(($AC35/$AC$10)*$AD$10,2))),"",IF($AC35="","",ROUND(($AC35/$AC$10)*$AD$10,2))) | AE35: =IF($AD35="","",ROUND($AD35*$AE$10,2)) | AG35: =IF(ISERROR(IF($AF35="","",ROUND(($AF35/$AF$10)*$AG$10,2))),"",IF($AF35="","",ROUND(($AF35/$AF$10)*$AG$10,2))) | AH35: =IF($AG35="","",ROUND($AG35*$AH$10,2)) | AI35: =IF(ISERROR(IF($AF35="","",ROUND(SUM($R35,$AE35,$AH35),2))),"",IF($AF35="","",ROUND(SUM($R35,$AE35,$AH35),2))) | AJ35: =IF(ISERROR(IF($AF35="","",VLOOKUP(AI35,TRANSMUTATION_TABLE,4,TRUE))),"",IF($AF35="","",VLOOKUP(AI35,TRANSMUTATION_TABLE,4,TRUE)))
A36: 25 | B36: ='INPUT DATA'!B36 -> 0 | P36: =IF(COUNT($F36:$O36)=0,"",SUM($F36:$O36)) | Q36: =IF(ISERROR(IF($P36="","",ROUND(($P36/$P$10)*$Q$10,2))),"",IF($P36="","",ROUND(($P36/$P$10)*$Q$10,2))) | R36: =IF($Q36="","",ROUND($Q36*$R$10,2)) | AC36: =IF(COUNT($S36:$AB36)=0,"",SUM($S36:$AB36)) | AD36: =IF(ISERROR(IF($AC36="","",ROUND(($AC36/$AC$10)*$AD$10,2))),"",IF($AC36="","",ROUND(($AC36/$AC$10)*$AD$10,2))) | AE36: =IF($AD36="","",ROUND($AD36*$AE$10,2)) | AG36: =IF(ISERROR(IF($AF36="","",ROUND(($AF36/$AF$10)*$AG$10,2))),"",IF($AF36="","",ROUND(($AF36/$AF$10)*$AG$10,2))) | AH36: =IF($AG36="","",ROUND($AG36*$AH$10,2)) | AI36: =IF(ISERROR(IF($AF36="","",ROUND(SUM($R36,$AE36,$AH36),2))),"",IF($AF36="","",ROUND(SUM($R36,$AE36,$AH36),2))) | AJ36: =IF(ISERROR(IF($AF36="","",VLOOKUP(AI36,TRANSMUTATION_TABLE,4,TRUE))),"",IF($AF36="","",VLOOKUP(AI36,TRANSMUTATION_TABLE,4,TRUE)))
A37: 26 | B37: ='INPUT DATA'!B37 -> 0 | P37: =IF(COUNT($F37:$O37)=0,"",SUM($F37:$O37)) | Q37: =IF(ISERROR(IF($P37="","",ROUND(($P37/$P$10)*$Q$10,2))),"",IF($P37="","",ROUND(($P37/$P$10)*$Q$10,2))) | R37: =IF($Q37="","",ROUND($Q37*$R$10,2)) | AC37: =IF(COUNT($S37:$AB37)=0,"",SUM($S37:$AB37)) | AD37: =IF(ISERROR(IF($AC37="","",ROUND(($AC37/$AC$10)*$AD$10,2))),"",IF($AC37="","",ROUND(($AC37/$AC$10)*$AD$10,2))) | AE37: =IF($AD37="","",ROUND($AD37*$AE$10,2)) | AG37: =IF(ISERROR(IF($AF37="","",ROUND(($AF37/$AF$10)*$AG$10,2))),"",IF($AF37="","",ROUND(($AF37/$AF$10)*$AG$10,2))) | AH37: =IF($AG37="","",ROUND($AG37*$AH$10,2)) | AI37: =IF(ISERROR(IF($AF37="","",ROUND(SUM($R37,$AE37,$AH37),2))),"",IF($AF37="","",ROUND(SUM($R37,$AE37,$AH37),2))) | AJ37: =IF(ISERROR(IF($AF37="","",VLOOKUP(AI37,TRANSMUTATION_TABLE,4,TRUE))),"",IF($AF37="","",VLOOKUP(AI37,TRANSMUTATION_TABLE,4,TRUE)))
A38: 27 | B38: ='INPUT DATA'!B38 -> 0 | P38: =IF(COUNT($F38:$O38)=0,"",SUM($F38:$O38)) | Q38: =IF(ISERROR(IF($P38="","",ROUND(($P38/$P$10)*$Q$10,2))),"",IF($P38="","",ROUND(($P38/$P$10)*$Q$10,2))) | R38: =IF($Q38="","",ROUND($Q38*$R$10,2)) | AC38: =IF(COUNT($S38:$AB38)=0,"",SUM($S38:$AB38)) | AD38: =IF(ISERROR(IF($AC38="","",ROUND(($AC38/$AC$10)*$AD$10,2))),"",IF($AC38="","",ROUND(($AC38/$AC$10)*$AD$10,2))) | AE38: =IF($AD38="","",ROUND($AD38*$AE$10,2)) | AG38: =IF(ISERROR(IF($AF38="","",ROUND(($AF38/$AF$10)*$AG$10,2))),"",IF($AF38="","",ROUND(($AF38/$AF$10)*$AG$10,2))) | AH38: =IF($AG38="","",ROUND($AG38*$AH$10,2)) | AI38: =IF(ISERROR(IF($AF38="","",ROUND(SUM($R38,$AE38,$AH38),2))),"",IF($AF38="","",ROUND(SUM($R38,$AE38,$AH38),2))) | AJ38: =IF(ISERROR(IF($AF38="","",VLOOKUP(AI38,TRANSMUTATION_TABLE,4,TRUE))),"",IF($AF38="","",VLOOKUP(AI38,TRANSMUTATION_TABLE,4,TRUE)))
A39: 28 | B39: ='INPUT DATA'!B39 -> 0 | P39: =IF(COUNT($F39:$O39)=0,"",SUM($F39:$O39)) | Q39: =IF(ISERROR(IF($P39="","",ROUND(($P39/$P$10)*$Q$10,2))),"",IF($P39="","",ROUND(($P39/$P$10)*$Q$10,2))) | R39: =IF($Q39="","",ROUND($Q39*$R$10,2)) | AC39: =IF(COUNT($S39:$AB39)=0,"",SUM($S39:$AB39)) | AD39: =IF(ISERROR(IF($AC39="","",ROUND(($AC39/$AC$10)*$AD$10,2))),"",IF($AC39="","",ROUND(($AC39/$AC$10)*$AD$10,2))) | AE39: =IF($AD39="","",ROUND($AD39*$AE$10,2)) | AG39: =IF(ISERROR(IF($AF39="","",ROUND(($AF39/$AF$10)*$AG$10,2))),"",IF($AF39="","",ROUND(($AF39/$AF$10)*$AG$10,2))) | AH39: =IF($AG39="","",ROUND($AG39*$AH$10,2)) | AI39: =IF(ISERROR(IF($AF39="","",ROUND(SUM($R39,$AE39,$AH39),2))),"",IF($AF39="","",ROUND(SUM($R39,$AE39,$AH39),2))) | AJ39: =IF(ISERROR(IF($AF39="","",VLOOKUP(AI39,TRANSMUTATION_TABLE,4,TRUE))),"",IF($AF39="","",VLOOKUP(AI39,TRANSMUTATION_TABLE,4,TRUE)))
A40: 29 | B40: ='INPUT DATA'!B40 -> 0 | P40: =IF(COUNT($F40:$O40)=0,"",SUM($F40:$O40)) | Q40: =IF(ISERROR(IF($P40="","",ROUND(($P40/$P$10)*$Q$10,2))),"",IF($P40="","",ROUND(($P40/$P$10)*$Q$10,2))) | R40: =IF($Q40="","",ROUND($Q40*$R$10,2)) | AC40: =IF(COUNT($S40:$AB40)=0,"",SUM($S40:$AB40)) | AD40: =IF(ISERROR(IF($AC40="","",ROUND(($AC40/$AC$10)*$AD$10,2))),"",IF($AC40="","",ROUND(($AC40/$AC$10)*$AD$10,2))) | AE40: =IF($AD40="","",ROUND($AD40*$AE$10,2)) | AG40: =IF(ISERROR(IF($AF40="","",ROUND(($AF40/$AF$10)*$AG$10,2))),"",IF($AF40="","",ROUND(($AF40/$AF$10)*$AG$10,2))) | AH40: =IF($AG40="","",ROUND($AG40*$AH$10,2)) | AI40: =IF(ISERROR(IF($AF40="","",ROUND(SUM($R40,$AE40,$AH40),2))),"",IF($AF40="","",ROUND(SUM($R40,$AE40,$AH40),2))) | AJ40: =IF(ISERROR(IF($AF40="","",VLOOKUP(AI40,TRANSMUTATION_TABLE,4,TRUE))),"",IF($AF40="","",VLOOKUP(AI40,TRANSMUTATION_TABLE,4,TRUE)))
A41: 30 | B41: ='INPUT DATA'!B41 -> 0 | P41: =IF(COUNT($F41:$O41)=0,"",SUM($F41:$O41)) | Q41: =IF(ISERROR(IF($P41="","",ROUND(($P41/$P$10)*$Q$10,2))),"",IF($P41="","",ROUND(($P41/$P$10)*$Q$10,2))) | R41: =IF($Q41="","",ROUND($Q41*$R$10,2)) | AC41: =IF(COUNT($S41:$AB41)=0,"",SUM($S41:$AB41)) | AD41: =IF(ISERROR(IF($AC41="","",ROUND(($AC41/$AC$10)*$AD$10,2))),"",IF($AC41="","",ROUND(($AC41/$AC$10)*$AD$10,2))) | AE41: =IF($AD41="","",ROUND($AD41*$AE$10,2)) | AG41: =IF(ISERROR(IF($AF41="","",ROUND(($AF41/$AF$10)*$AG$10,2))),"",IF($AF41="","",ROUND(($AF41/$AF$10)*$AG$10,2))) | AH41: =IF($AG41="","",ROUND($AG41*$AH$10,2)) | AI41: =IF(ISERROR(IF($AF41="","",ROUND(SUM($R41,$AE41,$AH41),2))),"",IF($AF41="","",ROUND(SUM($R41,$AE41,$AH41),2))) | AJ41: =IF(ISERROR(IF($AF41="","",VLOOKUP(AI41,TRANSMUTATION_TABLE,4,TRUE))),"",IF($AF41="","",VLOOKUP(AI41,TRANSMUTATION_TABLE,4,TRUE)))
A42: 31 | B42: ='INPUT DATA'!B42 -> 0 | P42: =IF(COUNT($F42:$O42)=0,"",SUM($F42:$O42)) | Q42: =IF(ISERROR(IF($P42="","",ROUND(($P42/$P$10)*$Q$10,2))),"",IF($P42="","",ROUND(($P42/$P$10)*$Q$10,2))) | R42: =IF($Q42="","",ROUND($Q42*$R$10,2)) | AC42: =IF(COUNT($S42:$AB42)=0,"",SUM($S42:$AB42)) | AD42: =IF(ISERROR(IF($AC42="","",ROUND(($AC42/$AC$10)*$AD$10,2))),"",IF($AC42="","",ROUND(($AC42/$AC$10)*$AD$10,2))) | AE42: =IF($AD42="","",ROUND($AD42*$AE$10,2)) | AG42: =IF(ISERROR(IF($AF42="","",ROUND(($AF42/$AF$10)*$AG$10,2))),"",IF($AF42="","",ROUND(($AF42/$AF$10)*$AG$10,2))) | AH42: =IF($AG42="","",ROUND($AG42*$AH$10,2)) | AI42: =IF(ISERROR(IF($AF42="","",ROUND(SUM($R42,$AE42,$AH42),2))),"",IF($AF42="","",ROUND(SUM($R42,$AE42,$AH42),2))) | AJ42: =IF(ISERROR(IF($AF42="","",VLOOKUP(AI42,TRANSMUTATION_TABLE,4,TRUE))),"",IF($AF42="","",VLOOKUP(AI42,TRANSMUTATION_TABLE,4,TRUE)))
A43: 32 | B43: ='INPUT DATA'!B43 -> 0 | P43: =IF(COUNT($F43:$O43)=0,"",SUM($F43:$O43)) | Q43: =IF(ISERROR(IF($P43="","",ROUND(($P43/$P$10)*$Q$10,2))),"",IF($P43="","",ROUND(($P43/$P$10)*$Q$10,2))) | R43: =IF($Q43="","",ROUND($Q43*$R$10,2)) | AC43: =IF(COUNT($S43:$AB43)=0,"",SUM($S43:$AB43)) | AD43: =IF(ISERROR(IF($AC43="","",ROUND(($AC43/$AC$10)*$AD$10,2))),"",IF($AC43="","",ROUND(($AC43/$AC$10)*$AD$10,2))) | AE43: =IF($AD43="","",ROUND($AD43*$AE$10,2)) | AG43: =IF(ISERROR(IF($AF43="","",ROUND(($AF43/$AF$10)*$AG$10,2))),"",IF($AF43="","",ROUND(($AF43/$AF$10)*$AG$10,2))) | AH43: =IF($AG43="","",ROUND($AG43*$AH$10,2)) | AI43: =IF(ISERROR(IF($AF43="","",ROUND(SUM($R43,$AE43,$AH43),2))),"",IF($AF43="","",ROUND(SUM($R43,$AE43,$AH43),2))) | AJ43: =IF(ISERROR(IF($AF43="","",VLOOKUP(AI43,TRANSMUTATION_TABLE,4,TRUE))),"",IF($AF43="","",VLOOKUP(AI43,TRANSMUTATION_TABLE,4,TRUE)))
... A61: 50 | B61: ='INPUT DATA'!B61 -> 0 | P61: =IF(COUNT($F61:$O61)=0,"",SUM($F61:$O61)) | Q61: =IF(ISERROR(IF($P61="","",ROUND(($P61/$P$10)*$Q$10,2))),"",IF($P61="","",ROUND(($P61/$P$10)*$Q$10,2))) | R61: =IF($Q61="","",ROUND($Q61*$R$10,2)) | AC61: =IF(COUNT($S61:$AB61)=0,"",SUM($S61:$AB61)) | AD61: =IF(ISERROR(IF($AC61="","",ROUND(($AC61/$AC$10)*$AD$10,2))),"",IF($AC61="","",ROUND(($AC61/$AC$10)*$AD$10,2))) | AE61: =IF($AD61="","",ROUND($AD61*$AE$10,2)) | AG61: =IF(ISERROR(IF($AF61="","",ROUND(($AF61/$AF$10)*$AG$10,2))),"",IF($AF61="","",ROUND(($AF61/$AF$10)*$AG$10,2))) | AH61: =IF($AG61="","",ROUND($AG61*$AH$10,2)) | AI61: =IF(ISERROR(IF($AF61="","",ROUND(SUM($R61,$AE61,$AH61),2))),"",IF($AF61="","",ROUND(SUM($R61,$AE61,$AH61),2))) | AJ61: =IF(ISERROR(IF($AF61="","",VLOOKUP(AI61,TRANSMUTATION_TABLE,4,TRUE))),"",IF($AF61="","",VLOOKUP(AI61,TRANSMUTATION_TABLE,4,TRUE)))
B62: FEMALE
A63: 1 | B63: ='INPUT DATA'!B63 -> ANGCOY, PRINCESS NAILLE T. | F63: 10 | G63: 7 | H63: 28 | I63: 10 | L63: 3 | M63: 0 | N63: 15 | O63: 50 | P63: =IF(COUNT($F63:$O63)=0,"",SUM($F63:$O63)) -> 123 | Q63: =IF(ISERROR(IF($P63="","",ROUND(($P63/$P$10)*$Q$10,2))),"",IF($P63="","",ROUND(($P63/$P$10)*$Q$10,2))) -> 56.68 | R63: =IF($Q63="","",ROUND($Q63*$R$10,2)) -> 17 | S63: 90 | T63: 13 | U63: 94 | V63: 90 | W63: 93 | X63: 50 | Y63: 100 | Z63: 90 | AA63: 90 | AB63: 88 | AC63: =IF(COUNT($S63:$AB63)=0,"",SUM($S63:$AB63)) -> 798 | AD63: =IF(ISERROR(IF($AC63="","",ROUND(($AC63/$AC$10)*$AD$10,2))),"",IF($AC63="","",ROUND(($AC63/$AC$10)*$AD$10,2))) -> 91.72 | AE63: =IF($AD63="","",ROUND($AD63*$AE$10,2)) -> 45.86 | AF63: 26 | AG63: =IF(ISERROR(IF($AF63="","",ROUND(($AF63/$AF$10)*$AG$10,2))),"",IF($AF63="","",ROUND(($AF63/$AF$10)*$AG$10,2))) -> 65 | AH63: =IF($AG63="","",ROUND($AG63*$AH$10,2)) -> 13 | AI63: =IF(ISERROR(IF($AF63="","",ROUND(SUM($R63,$AE63,$AH63),2))),"",IF($AF63="","",ROUND(SUM($R63,$AE63,$AH63),2))) -> 75.86 | AJ63: =IF(ISERROR(IF($AF63="","",VLOOKUP(AI63,TRANSMUTATION_TABLE,4,TRUE))),"",IF($AF63="","",VLOOKUP(AI63,TRANSMUTATION_TABLE,4,TRUE))) -> 84 | AK63: 84 | AM63: 26 | AN63: 25 | AO63: =(AM63+AN63)/2 -> 25.5
A64: 2 | B64: ='INPUT DATA'!B64 -> BIMOS, SHEILLA KATE | G64: 8 | H64: 30 | I64: 10 | J64: 23 | L64: 7 | M64: 10 | N64: 19 | O64: 60 | P64: =IF(COUNT($F64:$O64)=0,"",SUM($F64:$O64)) -> 167 | Q64: =IF(ISERROR(IF($P64="","",ROUND(($P64/$P$10)*$Q$10,2))),"",IF($P64="","",ROUND(($P64/$P$10)*$Q$10,2))) -> 76.96 | R64: =IF($Q64="","",ROUND($Q64*$R$10,2)) -> 23.09 | S64: 100 | T64: 17 | U64: 95 | V64: 65 | W64: 95 | X64: 50 | Y64: 100 | AA64: 92 | AC64: =IF(COUNT($S64:$AB64)=0,"",SUM($S64:$AB64)) -> 614 | AD64: =IF(ISERROR(IF($AC64="","",ROUND(($AC64/$AC$10)*$AD$10,2))),"",IF($AC64="","",ROUND(($AC64/$AC$10)*$AD$10,2))) -> 70.57 | AE64: =IF($AD64="","",ROUND($AD64*$AE$10,2)) -> 35.29 | AF64: 29 | AG64: =IF(ISERROR(IF($AF64="","",ROUND(($AF64/$AF$10)*$AG$10,2))),"",IF($AF64="","",ROUND(($AF64/$AF$10)*$AG$10,2))) -> 72.5 | AH64: =IF($AG64="","",ROUND($AG64*$AH$10,2)) -> 14.5 | AI64: =IF(ISERROR(IF($AF64="","",ROUND(SUM($R64,$AE64,$AH64),2))),"",IF($AF64="","",ROUND(SUM($R64,$AE64,$AH64),2))) -> 72.88 | AJ64: =IF(ISERROR(IF($AF64="","",VLOOKUP(AI64,TRANSMUTATION_TABLE,4,TRUE))),"",IF($AF64="","",VLOOKUP(AI64,TRANSMUTATION_TABLE,4,TRUE))) -> 83 | AK64: 83 | AM64: 24 | AN64: 33 | AO64: =(AM64+AN64)/2 -> 28.5
A65: 3 | B65: ='INPUT DATA'!B65 -> BONGABONG, DWEYN ZAIRA A. | F65: 12 | G65: 8 | H65: 30 | I65: 10 | L65: 10 | M65: 10 | N65: 21 | O65: 60 | P65: =IF(COUNT($F65:$O65)=0,"",SUM($F65:$O65)) -> 161 | Q65: =IF(ISERROR(IF($P65="","",ROUND(($P65/$P$10)*$Q$10,2))),"",IF($P65="","",ROUND(($P65/$P$10)*$Q$10,2))) -> 74.19 | R65: =IF($Q65="","",ROUND($Q65*$R$10,2)) -> 22.26 | S65: 100 | T65: 17 | U65: 97 | V65: 50 | X65: 50 | Y65: 100 | AA65: 92 | AB65: 93 | AC65: =IF(COUNT($S65:$AB65)=0,"",SUM($S65:$AB65)) -> 599 | AD65: =IF(ISERROR(IF($AC65="","",ROUND(($AC65/$AC$10)*$AD$10,2))),"",IF($AC65="","",ROUND(($AC65/$AC$10)*$AD$10,2))) -> 68.85 | AE65: =IF($AD65="","",ROUND($AD65*$AE$10,2)) -> 34.43 | AF65: 31 | AG65: =IF(ISERROR(IF($AF65="","",ROUND(($AF65/$AF$10)*$AG$10,2))),"",IF($AF65="","",ROUND(($AF65/$AF$10)*$AG$10,2))) -> 77.5 | AH65: =IF($AG65="","",ROUND($AG65*$AH$10,2)) -> 15.5 | AI65: =IF(ISERROR(IF($AF65="","",ROUND(SUM($R65,$AE65,$AH65),2))),"",IF($AF65="","",ROUND(SUM($R65,$AE65,$AH65),2))) -> 72.19 | AJ65: =IF(ISERROR(IF($AF65="","",VLOOKUP(AI65,TRANSMUTATION_TABLE,4,TRUE))),"",IF($AF65="","",VLOOKUP(AI65,TRANSMUTATION_TABLE,4,TRUE))) -> 82 | AK65: 82 | AM65: 26 | AN65: 36 | AO65: =(AM65+AN65)/2 -> 31
A66: 4 | B66: ='INPUT DATA'!B66 -> CABEL, LOURENE A. | F66: 12 | G66: 10 | H66: 30 | I66: 10 | J66: 23 | K66: 10 | L66: 10 | M66: 10 | N66: 19 | O66: 70 | P66: =IF(COUNT($F66:$O66)=0,"",SUM($F66:$O66)) -> 204 | Q66: =IF(ISERROR(IF($P66="","",ROUND(($P66/$P$10)*$Q$10,2))),"",IF($P66="","",ROUND(($P66/$P$10)*$Q$10,2))) -> 94.01 | R66: =IF($Q66="","",ROUND($Q66*$R$10,2)) -> 28.2 | S66: 100 | T66: 17 | U66: 98 | V66: 50 | X66: 50 | Y66: 100 | AA66: 92 | AB66: 98 | AC66: =IF(COUNT($S66:$AB66)=0,"",SUM($S66:$AB66)) -> 605 | AD66: =IF(ISERROR(IF($AC66="","",ROUND(($AC66/$AC$10)*$AD$10,2))),"",IF($AC66="","",ROUND(($AC66/$AC$10)*$AD$10,2))) -> 69.54 | AE66: =IF($AD66="","",ROUND($AD66*$AE$10,2)) -> 34.77 | AF66: 35 | AG66: =IF(ISERROR(IF($AF66="","",ROUND(($AF66/$AF$10)*$AG$10,2))),"",IF($AF66="","",ROUND(($AF66/$AF$10)*$AG$10,2))) -> 87.5 | AH66: =IF($AG66="","",ROUND($AG66*$AH$10,2)) -> 17.5 | AI66: =IF(ISERROR(IF($AF66="","",ROUND(SUM($R66,$AE66,$AH66),2))),"",IF($AF66="","",ROUND(SUM($R66,$AE66,$AH66),2))) -> 80.47 | AJ66: =IF(ISERROR(IF($AF66="","",VLOOKUP(AI66,TRANSMUTATION_TABLE,4,TRUE))),"",IF($AF66="","",VLOOKUP(AI66,TRANSMUTATION_TABLE,4,TRUE))) -> 87 | AK66: 87 | AM66: 33 | AN66: 37 | AO66: =(AM66+AN66)/2 -> 35
A67: 5 | B67: ='INPUT DATA'!B67 -> CAMIGAO, DHENISE CLARE V. | G67: 7 | H67: 22 | J67: 21 | K67: 9 | L67: 3 | M67: 0 | O67: 60 | P67: =IF(COUNT($F67:$O67)=0,"",SUM($F67:$O67)) -> 122 | Q67: =IF(ISERROR(IF($P67="","",ROUND(($P67/$P$10)*$Q$10,2))),"",IF($P67="","",ROUND(($P67/$P$10)*$Q$10,2))) -> 56.22 | R67: =IF($Q67="","",ROUND($Q67*$R$10,2)) -> 16.87 | S67: 80 | T67: 15 | U67: 96 | V67: 100 | W67: 95 | X67: 50 | Z67: 80 | AA67: 95 | AC67: =IF(COUNT($S67:$AB67)=0,"",SUM($S67:$AB67)) -> 611 | AD67: =IF(ISERROR(IF($AC67="","",ROUND(($AC67/$AC$10)*$AD$10,2))),"",IF($AC67="","",ROUND(($AC67/$AC$10)*$AD$10,2))) -> 70.23 | AE67: =IF($AD67="","",ROUND($AD67*$AE$10,2)) -> 35.12 | AF67: 25 | AG67: =IF(ISERROR(IF($AF67="","",ROUND(($AF67/$AF$10)*$AG$10,2))),"",IF($AF67="","",ROUND(($AF67/$AF$10)*$AG$10,2))) -> 62.5 | AH67: =IF($AG67="","",ROUND($AG67*$AH$10,2)) -> 12.5 | AI67: =IF(ISERROR(IF($AF67="","",ROUND(SUM($R67,$AE67,$AH67),2))),"",IF($AF67="","",ROUND(SUM($R67,$AE67,$AH67),2))) -> 64.49 | AJ67: =IF(ISERROR(IF($AF67="","",VLOOKUP(AI67,TRANSMUTATION_TABLE,4,TRUE))),"",IF($AF67="","",VLOOKUP(AI67,TRANSMUTATION_TABLE,4,TRUE))) -> 77 | AK67: 77 | AM67: 23 | AN67: 26 | AO67: =(AM67+AN67)/2 -> 24.5
A68: 6 | B68: ='INPUT DATA'!B68 -> CARISMA, NATHALIA MAE M. | F68: 12 | G68: 7 | H68: 29 | I68: 10 | J68: 21 | K68: 9 | L68: 9 | M68: 8 | N68: 14 | O68: 70 | P68: =IF(COUNT($F68:$O68)=0,"",SUM($F68:$O68)) -> 189 | Q68: =IF(ISERROR(IF($P68="","",ROUND(($P68/$P$10)*$Q$10,2))),"",IF($P68="","",ROUND(($P68/$P$10)*$Q$10,2))) -> 87.1 | R68: =IF($Q68="","",ROUND($Q68*$R$10,2)) -> 26.13 | S68: 100 | T68: 20 | U68: 94 | V68: 75 | W68: 93 | X68: 50 | Y68: 100 | Z68: 90 | AA68: 87 | AB68: 80 | AC68: =IF(COUNT($S68:$AB68)=0,"",SUM($S68:$AB68)) -> 789 | AD68: =IF(ISERROR(IF($AC68="","",ROUND(($AC68/$AC$10)*$AD$10,2))),"",IF($AC68="","",ROUND(($AC68/$AC$10)*$AD$10,2))) -> 90.69 | AE68: =IF($AD68="","",ROUND($AD68*$AE$10,2)) -> 45.35 | AF68: 24 | AG68: =IF(ISERROR(IF($AF68="","",ROUND(($AF68/$AF$10)*$AG$10,2))),"",IF($AF68="","",ROUND(($AF68/$AF$10)*$AG$10,2))) -> 60 | AH68: =IF($AG68="","",ROUND($AG68*$AH$10,2)) -> 12 | AI68: =IF(ISERROR(IF($AF68="","",ROUND(SUM($R68,$AE68,$AH68),2))),"",IF($AF68="","",ROUND(SUM($R68,$AE68,$AH68),2))) -> 83.48 | AJ68: =IF(ISERROR(IF($AF68="","",VLOOKUP(AI68,TRANSMUTATION_TABLE,4,TRUE))),"",IF($AF68="","",VLOOKUP(AI68,TRANSMUTATION_TABLE,4,TRUE))) -> 89 | AK68: 89 | AM68: 22 | AN68: 25 | AO68: =(AM68+AN68)/2 -> 23.5
A69: 7 | B69: ='INPUT DATA'!B69 -> CLARO, REANZ P. | F69: 12 | G69: 6 | H69: 28 | I69: 10 | K69: 10 | L69: 5 | M69: 9 | N69: 10 | O69: 50 | P69: =IF(COUNT($F69:$O69)=0,"",SUM($F69:$O69)) -> 140 | Q69: =IF(ISERROR(IF($P69="","",ROUND(($P69/$P$10)*$Q$10,2))),"",IF($P69="","",ROUND(($P69/$P$10)*$Q$10,2))) -> 64.52 | R69: =IF($Q69="","",ROUND($Q69*$R$10,2)) -> 19.36 | T69: 15 | U69: 98 | V69: 65 | W69: 97 | X69: 50 | Y69: 100 | Z69: 90 | AA69: 90 | AC69: =IF(COUNT($S69:$AB69)=0,"",SUM($S69:$AB69)) -> 605 | AD69: =IF(ISERROR(IF($AC69="","",ROUND(($AC69/$AC$10)*$AD$10,2))),"",IF($AC69="","",ROUND(($AC69/$AC$10)*$AD$10,2))) -> 69.54 | AE69: =IF($AD69="","",ROUND($AD69*$AE$10,2)) -> 34.77 | AF69: 23 | AG69: =IF(ISERROR(IF($AF69="","",ROUND(($AF69/$AF$10)*$AG$10,2))),"",IF($AF69="","",ROUND(($AF69/$AF$10)*$AG$10,2))) -> 57.5 | AH69: =IF($AG69="","",ROUND($AG69*$AH$10,2)) -> 11.5 | AI69: =IF(ISERROR(IF($AF69="","",ROUND(SUM($R69,$AE69,$AH69),2))),"",IF($AF69="","",ROUND(SUM($R69,$AE69,$AH69),2))) -> 65.63 | AJ69: =IF(ISERROR(IF($AF69="","",VLOOKUP(AI69,TRANSMUTATION_TABLE,4,TRUE))),"",IF($AF69="","",VLOOKUP(AI69,TRANSMUTATION_TABLE,4,TRUE))) -> 78 | AK69: 78 | AM69: 20 | AN69: 26 | AO69: =(AM69+AN69)/2 -> 23
A70: 8 | B70: ='INPUT DATA'!B70 -> FRANCISCO, YSABELLA BEATRICE B. | G70: 7 | H70: 30 | J70: 21 | K70: 10 | L70: 6 | M70: 10 | N70: 25 | O70: 60 | P70: =IF(COUNT($F70:$O70)=0,"",SUM($F70:$O70)) -> 169 | Q70: =IF(ISERROR(IF($P70="","",ROUND(($P70/$P$10)*$Q$10,2))),"",IF($P70="","",ROUND(($P70/$P$10)*$Q$10,2))) -> 77.88 | R70: =IF($Q70="","",ROUND($Q70*$R$10,2)) -> 23.36 | S70: 100 | T70: 17 | U70: 98 | V70: 65 | X70: 50 | Y70: 90 | Z70: 80 | AA70: 95 | AB70: 95 | AC70: =IF(COUNT($S70:$AB70)=0,"",SUM($S70:$AB70)) -> 690 | AD70: =IF(ISERROR(IF($AC70="","",ROUND(($AC70/$AC$10)*$AD$10,2))),"",IF($AC70="","",ROUND(($AC70/$AC$10)*$AD$10,2))) -> 79.31 | AE70: =IF($AD70="","",ROUND($AD70*$AE$10,2)) -> 39.66 | AF70: 34 | AG70: =IF(ISERROR(IF($AF70="","",ROUND(($AF70/$AF$10)*$AG$10,2))),"",IF($AF70="","",ROUND(($AF70/$AF$10)*$AG$10,2))) -> 85 | AH70: =IF($AG70="","",ROUND($AG70*$AH$10,2)) -> 17 | AI70: =IF(ISERROR(IF($AF70="","",ROUND(SUM($R70,$AE70,$AH70),2))),"",IF($AF70="","",ROUND(SUM($R70,$AE70,$AH70),2))) -> 80.02 | AJ70: =IF(ISERROR(IF($AF70="","",VLOOKUP(AI70,TRANSMUTATION_TABLE,4,TRUE))),"",IF($AF70="","",VLOOKUP(AI70,TRANSMUTATION_TABLE,4,TRUE))) -> 87 | AK70: 87 | AM70: 31 | AN70: 37 | AO70: =(AM70+AN70)/2 -> 34
A71: 9 | B71: ='INPUT DATA'!B71 -> GALDO, ALYSSA RHIAN P. | P71: =IF(COUNT($F71:$O71)=0,"",SUM($F71:$O71)) | Q71: =IF(ISERROR(IF($P71="","",ROUND(($P71/$P$10)*$Q$10,2))),"",IF($P71="","",ROUND(($P71/$P$10)*$Q$10,2))) | R71: =IF($Q71="","",ROUND($Q71*$R$10,2)) | AC71: =IF(COUNT($S71:$AB71)=0,"",SUM($S71:$AB71)) | AD71: =IF(ISERROR(IF($AC71="","",ROUND(($AC71/$AC$10)*$AD$10,2))),"",IF($AC71="","",ROUND(($AC71/$AC$10)*$AD$10,2))) | AE71: =IF($AD71="","",ROUND($AD71*$AE$10,2)) | AG71: =IF(ISERROR(IF($AF71="","",ROUND(($AF71/$AF$10)*$AG$10,2))),"",IF($AF71="","",ROUND(($AF71/$AF$10)*$AG$10,2))) | AH71: =IF($AG71="","",ROUND($AG71*$AH$10,2)) | AI71: =IF(ISERROR(IF($AF71="","",ROUND(SUM($R71,$AE71,$AH71),2))),"",IF($AF71="","",ROUND(SUM($R71,$AE71,$AH71),2))) | AJ71: =IF(ISERROR(IF($AF71="","",VLOOKUP(AI71,TRANSMUTATION_TABLE,4,TRUE))),"",IF($AF71="","",VLOOKUP(AI71,TRANSMUTATION_TABLE,4,TRUE))) | AO71: =(AM71+AN71)/2 -> 0
A72: 10 | B72: ='INPUT DATA'!B72 -> HURAÑO, RIOMI M. | H72: 30 | J72: 21 | K72: 10 | L72: 4 | M72: 9 | N72: 23 | O72: 70 | P72: =IF(COUNT($F72:$O72)=0,"",SUM($F72:$O72)) -> 167 | Q72: =IF(ISERROR(IF($P72="","",ROUND(($P72/$P$10)*$Q$10,2))),"",IF($P72="","",ROUND(($P72/$P$10)*$Q$10,2))) -> 76.96 | R72: =IF($Q72="","",ROUND($Q72*$R$10,2)) -> 23.09 | S72: 90 | T72: 20 | U72: 94 | V72: 75 | W72: 100 | X72: 48 | Y72: 90 | Z72: 80 | AA72: 95 | AC72: =IF(COUNT($S72:$AB72)=0,"",SUM($S72:$AB72)) -> 692 | AD72: =IF(ISERROR(IF($AC72="","",ROUND(($AC72/$AC$10)*$AD$10,2))),"",IF($AC72="","",ROUND(($AC72/$AC$10)*$AD$10,2))) -> 79.54 | AE72: =IF($AD72="","",ROUND($AD72*$AE$10,2)) -> 39.77 | AF72: 33 | AG72: =IF(ISERROR(IF($AF72="","",ROUND(($AF72/$AF$10)*$AG$10,2))),"",IF($AF72="","",ROUND(($AF72/$AF$10)*$AG$10,2))) -> 82.5 | AH72: =IF($AG72="","",ROUND($AG72*$AH$10,2)) -> 16.5 | AI72: =IF(ISERROR(IF($AF72="","",ROUND(SUM($R72,$AE72,$AH72),2))),"",IF($AF72="","",ROUND(SUM($R72,$AE72,$AH72),2))) -> 79.36 | AJ72: =IF(ISERROR(IF($AF72="","",VLOOKUP(AI72,TRANSMUTATION_TABLE,4,TRUE))),"",IF($AF72="","",VLOOKUP(AI72,TRANSMUTATION_TABLE,4,TRUE))) -> 87 | AK72: 87 | AM72: 30 | AN72: 35 | AO72: =(AM72+AN72)/2 -> 32.5
A73: 11 | B73: ='INPUT DATA'!B73 -> LAGUNA, WELLAIZA O. | P73: =IF(COUNT($F73:$O73)=0,"",SUM($F73:$O73)) | Q73: =IF(ISERROR(IF($P73="","",ROUND(($P73/$P$10)*$Q$10,2))),"",IF($P73="","",ROUND(($P73/$P$10)*$Q$10,2))) | R73: =IF($Q73="","",ROUND($Q73*$R$10,2)) | AC73: =IF(COUNT($S73:$AB73)=0,"",SUM($S73:$AB73)) | AD73: =IF(ISERROR(IF($AC73="","",ROUND(($AC73/$AC$10)*$AD$10,2))),"",IF($AC73="","",ROUND(($AC73/$AC$10)*$AD$10,2))) | AE73: =IF($AD73="","",ROUND($AD73*$AE$10,2)) | AG73: =IF(ISERROR(IF($AF73="","",ROUND(($AF73/$AF$10)*$AG$10,2))),"",IF($AF73="","",ROUND(($AF73/$AF$10)*$AG$10,2))) | AH73: =IF($AG73="","",ROUND($AG73*$AH$10,2)) | AI73: =IF(ISERROR(IF($AF73="","",ROUND(SUM($R73,$AE73,$AH73),2))),"",IF($AF73="","",ROUND(SUM($R73,$AE73,$AH73),2))) | AJ73: =IF(ISERROR(IF($AF73="","",VLOOKUP(AI73,TRANSMUTATION_TABLE,4,TRUE))),"",IF($AF73="","",VLOOKUP(AI73,TRANSMUTATION_TABLE,4,TRUE))) | AO73: =(AM73+AN73)/2 -> 0
A74: 12 | B74: ='INPUT DATA'!B74 -> LAZAGA, PRINCESS JEAN O. | F74: 11 | G74: 6 | H74: 28 | I74: 10 | J74: 23 | K74: 10 | L74: 4 | M74: 10 | N74: 17 | O74: 70 | P74: =IF(COUNT($F74:$O74)=0,"",SUM($F74:$O74)) -> 189 | Q74: =IF(ISERROR(IF($P74="","",ROUND(($P74/$P$10)*$Q$10,2))),"",IF($P74="","",ROUND(($P74/$P$10)*$Q$10,2))) -> 87.1 | R74: =IF($Q74="","",ROUND($Q74*$R$10,2)) -> 26.13 | S74: 90 | T74: 15 | U74: 94 | V74: 75 | W74: 97 | X74: 50 | Y74: 90 | Z74: 80 | AA74: 92 | AB74: 80 | AC74: =IF(COUNT($S74:$AB74)=0,"",SUM($S74:$AB74)) -> 763 | AD74: =IF(ISERROR(IF($AC74="","",ROUND(($AC74/$AC$10)*$AD$10,2))),"",IF($AC74="","",ROUND(($AC74/$AC$10)*$AD$10,2))) -> 87.7 | AE74: =IF($AD74="","",ROUND($AD74*$AE$10,2)) -> 43.85 | AF74: 23 | AG74: =IF(ISERROR(IF($AF74="","",ROUND(($AF74/$AF$10)*$AG$10,2))),"",IF($AF74="","",ROUND(($AF74/$AF$10)*$AG$10,2))) -> 57.5 | AH74: =IF($AG74="","",ROUND($AG74*$AH$10,2)) -> 11.5 | AI74: =IF(ISERROR(IF($AF74="","",ROUND(SUM($R74,$AE74,$AH74),2))),"",IF($AF74="","",ROUND(SUM($R74,$AE74,$AH74),2))) -> 81.48 | AJ74: =IF(ISERROR(IF($AF74="","",VLOOKUP(AI74,TRANSMUTATION_TABLE,4,TRUE))),"",IF($AF74="","",VLOOKUP(AI74,TRANSMUTATION_TABLE,4,TRUE))) -> 88 | AK74: 88 | AM74: 23 | AN74: 31 | AO74: =(AM74+AN74)/2 -> 27
A75: 13 | B75: ='INPUT DATA'!B75 -> LIBRES, MIKYLLA | G75: 9 | H75: 29 | J75: 21 | K75: 10 | L75: 4 | M75: 8 | N75: 16 | O75: 50 | P75: =IF(COUNT($F75:$O75)=0,"",SUM($F75:$O75)) -> 147 | Q75: =IF(ISERROR(IF($P75="","",ROUND(($P75/$P$10)*$Q$10,2))),"",IF($P75="","",ROUND(($P75/$P$10)*$Q$10,2))) -> 67.74 | R75: =IF($Q75="","",ROUND($Q75*$R$10,2)) -> 20.32 | S75: 70 | T75: 8 | U75: 90 | V75: 65 | W75: 93 | X75: 50 | AB75: 83 | AC75: =IF(COUNT($S75:$AB75)=0,"",SUM($S75:$AB75)) -> 459 | AD75: =IF(ISERROR(IF($AC75="","",ROUND(($AC75/$AC$10)*$AD$10,2))),"",IF($AC75="","",ROUND(($AC75/$AC$10)*$AD$10,2))) -> 52.76 | AE75: =IF($AD75="","",ROUND($AD75*$AE$10,2)) -> 26.38 | AF75: 22 | AG75: =IF(ISERROR(IF($AF75="","",ROUND(($AF75/$AF$10)*$AG$10,2))),"",IF($AF75="","",ROUND(($AF75/$AF$10)*$AG$10,2))) -> 55 | AH75: =IF($AG75="","",ROUND($AG75*$AH$10,2)) -> 11 | AI75: =IF(ISERROR(IF($AF75="","",ROUND(SUM($R75,$AE75,$AH75),2))),"",IF($AF75="","",ROUND(SUM($R75,$AE75,$AH75),2))) -> 57.7 | AJ75: =IF(ISERROR(IF($AF75="","",VLOOKUP(AI75,TRANSMUTATION_TABLE,4,TRUE))),"",IF($AF75="","",VLOOKUP(AI75,TRANSMUTATION_TABLE,4,TRUE))) -> 74 | AK75: 77 | AM75: 22 | AN75: 24 | AO75: =(AM75+AN75)/2 -> 23
A76: 14 | B76: ='INPUT DATA'!B76 -> LIM, LENNIE GRACE S. | G76: 7 | H76: 25 | J76: 24 | K76: 10 | L76: 4 | M76: 9 | N76: 18 | O76: 60 | P76: =IF(COUNT($F76:$O76)=0,"",SUM($F76:$O76)) -> 157 | Q76: =IF(ISERROR(IF($P76="","",ROUND(($P76/$P$10)*$Q$10,2))),"",IF($P76="","",ROUND(($P76/$P$10)*$Q$10,2))) -> 72.35 | R76: =IF($Q76="","",ROUND($Q76*$R$10,2)) -> 21.71 | S76: 70 | T76: 12 | U76: 94 | V76: 50 | W76: 95 | X76: 50 | Y76: 100 | Z76: 80 | AA76: 92 | AB76: 90 | AC76: =IF(COUNT($S76:$AB76)=0,"",SUM($S76:$AB76)) -> 733 | AD76: =IF(ISERROR(IF($AC76="","",ROUND(($AC76/$AC$10)*$AD$10,2))),"",IF($AC76="","",ROUND(($AC76/$AC$10)*$AD$10,2))) -> 84.25 | AE76: =IF($AD76="","",ROUND($AD76*$AE$10,2)) -> 42.13 | AF76: 23 | AG76: =IF(ISERROR(IF($AF76="","",ROUND(($AF76/$AF$10)*$AG$10,2))),"",IF($AF76="","",ROUND(($AF76/$AF$10)*$AG$10,2))) -> 57.5 | AH76: =IF($AG76="","",ROUND($AG76*$AH$10,2)) -> 11.5 | AI76: =IF(ISERROR(IF($AF76="","",ROUND(SUM($R76,$AE76,$AH76),2))),"",IF($AF76="","",ROUND(SUM($R76,$AE76,$AH76),2))) -> 75.34 | AJ76: =IF(ISERROR(IF($AF76="","",VLOOKUP(AI76,TRANSMUTATION_TABLE,4,TRUE))),"",IF($AF76="","",VLOOKUP(AI76,TRANSMUTATION_TABLE,4,TRUE))) -> 84 | AK76: 85 | AM76: 23 | AN76: 22 | AO76: =(AM76+AN76)/2 -> 22.5
A77: 15 | B77: ='INPUT DATA'!B77 -> MASAYON, RHEA JANE L. | G77: 4 | L77: 2 | M77: 7 | O77: 10 | P77: =IF(COUNT($F77:$O77)=0,"",SUM($F77:$O77)) -> 23 | Q77: =IF(ISERROR(IF($P77="","",ROUND(($P77/$P$10)*$Q$10,2))),"",IF($P77="","",ROUND(($P77/$P$10)*$Q$10,2))) -> 10.6 | R77: =IF($Q77="","",ROUND($Q77*$R$10,2)) -> 3.18 | T77: 6 | U77: 94 | V77: 90 | W77: 95 | X77: 50 | Y77: 100 | Z77: 80 | AA77: 92 | AC77: =IF(COUNT($S77:$AB77)=0,"",SUM($S77:$AB77)) -> 607 | AD77: =IF(ISERROR(IF($AC77="","",ROUND(($AC77/$AC$10)*$AD$10,2))),"",IF($AC77="","",ROUND(($AC77/$AC$10)*$AD$10,2))) -> 69.77 | AE77: =IF($AD77="","",ROUND($AD77*$AE$10,2)) -> 34.89 | AF77: 15 | AG77: =IF(ISERROR(IF($AF77="","",ROUND(($AF77/$AF$10)*$AG$10,2))),"",IF($AF77="","",ROUND(($AF77/$AF$10)*$AG$10,2))) -> 37.5 | AH77: =IF($AG77="","",ROUND($AG77*$AH$10,2)) -> 7.5 | AI77: =IF(ISERROR(IF($AF77="","",ROUND(SUM($R77,$AE77,$AH77),2))),"",IF($AF77="","",ROUND(SUM($R77,$AE77,$AH77),2))) -> 45.57 | AJ77: =IF(ISERROR(IF($AF77="","",VLOOKUP(AI77,TRANSMUTATION_TABLE,4,TRUE))),"",IF($AF77="","",VLOOKUP(AI77,TRANSMUTATION_TABLE,4,TRUE))) -> 71 | AK77: 75 | AM77: 18 | AN77: 12 | AO77: =(AM77+AN77)/2 -> 15
A78: 16 | B78: ='INPUT DATA'!B78 -> MORANCIL, JENEVI A. | F78: 10 | G78: 7 | H78: 30 | I78: 10 | J78: 23 | K78: 10 | L78: 7 | M78: 8 | N78: 24 | O78: 50 | P78: =IF(COUNT($F78:$O78)=0,"",SUM($F78:$O78)) -> 179 | Q78: =IF(ISERROR(IF($P78="","",ROUND(($P78/$P$10)*$Q$10,2))),"",IF($P78="","",ROUND(($P78/$P$10)*$Q$10,2))) -> 82.49 | R78: =IF($Q78="","",ROUND($Q78*$R$10,2)) -> 24.75 | S78: 90 | V78: 90 | W78: 100 | X78: 50 | Y78: 100 | Z78: 90 | AA78: 90 | AB78: 90 | AC78: =IF(COUNT($S78:$AB78)=0,"",SUM($S78:$AB78)) -> 700 | AD78: =IF(ISERROR(IF($AC78="","",ROUND(($AC78/$AC$10)*$AD$10,2))),"",IF($AC78="","",ROUND(($AC78/$AC$10)*$AD$10,2))) -> 80.46 | AE78: =IF($AD78="","",ROUND($AD78*$AE$10,2)) -> 40.23 | AF78: 20 | AG78: =IF(ISERROR(IF($AF78="","",ROUND(($AF78/$AF$10)*$AG$10,2))),"",IF($AF78="","",ROUND(($AF78/$AF$10)*$AG$10,2))) -> 50 | AH78: =IF($AG78="","",ROUND($AG78*$AH$10,2)) -> 10 | AI78: =IF(ISERROR(IF($AF78="","",ROUND(SUM($R78,$AE78,$AH78),2))),"",IF($AF78="","",ROUND(SUM($R78,$AE78,$AH78),2))) -> 74.98 | AJ78: =IF(ISERROR(IF($AF78="","",VLOOKUP(AI78,TRANSMUTATION_TABLE,4,TRUE))),"",IF($AF78="","",VLOOKUP(AI78,TRANSMUTATION_TABLE,4,TRUE))) -> 84 | AK78: 84 | AM78: 17 | AN78: 23 | AO78: =(AM78+AN78)/2 -> 20
A79: 17 | B79: ='INPUT DATA'!B79 -> PATRICIO, MICHA ELLA | J79: 23 | L79: 5 | M79: 8 | N79: 16 | P79: =IF(COUNT($F79:$O79)=0,"",SUM($F79:$O79)) -> 52 | Q79: =IF(ISERROR(IF($P79="","",ROUND(($P79/$P$10)*$Q$10,2))),"",IF($P79="","",ROUND(($P79/$P$10)*$Q$10,2))) -> 23.96 | R79: =IF($Q79="","",ROUND($Q79*$R$10,2)) -> 7.19 | T79: 5 | U79: 90 | V79: 65 | AA79: 92 | AC79: =IF(COUNT($S79:$AB79)=0,"",SUM($S79:$AB79)) -> 252 | AD79: =IF(ISERROR(IF($AC79="","",ROUND(($AC79/$AC$10)*$AD$10,2))),"",IF($AC79="","",ROUND(($AC79/$AC$10)*$AD$10,2))) -> 28.97 | AE79: =IF($AD79="","",ROUND($AD79*$AE$10,2)) -> 14.49 | AF79: 18 | AG79: =IF(ISERROR(IF($AF79="","",ROUND(($AF79/$AF$10)*$AG$10,2))),"",IF($AF79="","",ROUND(($AF79/$AF$10)*$AG$10,2))) -> 45 | AH79: =IF($AG79="","",ROUND($AG79*$AH$10,2)) -> 9 | AI79: =IF(ISERROR(IF($AF79="","",ROUND(SUM($R79,$AE79,$AH79),2))),"",IF($AF79="","",ROUND(SUM($R79,$AE79,$AH79),2))) -> 30.68 | AJ79: =IF(ISERROR(IF($AF79="","",VLOOKUP(AI79,TRANSMUTATION_TABLE,4,TRUE))),"",IF($AF79="","",VLOOKUP(AI79,TRANSMUTATION_TABLE,4,TRUE))) -> 67 | AK79: 75 | AM79: 21 | AN79: 14 | AO79: =(AM79+AN79)/2 -> 17.5
A80: 18 | B80: ='INPUT DATA'!B80 -> PELINGON , ASHLEY C. | G80: 9 | H80: 29 | J80: 21 | K80: 10 | L80: 3 | M80: 10 | N80: 14 | O80: 70 | P80: =IF(COUNT($F80:$O80)=0,"",SUM($F80:$O80)) -> 166 | Q80: =IF(ISERROR(IF($P80="","",ROUND(($P80/$P$10)*$Q$10,2))),"",IF($P80="","",ROUND(($P80/$P$10)*$Q$10,2))) -> 76.5 | R80: =IF($Q80="","",ROUND($Q80*$R$10,2)) -> 22.95 | S80: 90 | T80: 12 | U80: 95 | W80: 98 | X80: 50 | Z80: 80 | AA80: 95 | AB80: 91 | AC80: =IF(COUNT($S80:$AB80)=0,"",SUM($S80:$AB80)) -> 611 | AD80: =IF(ISERROR(IF($AC80="","",ROUND(($AC80/$AC$10)*$AD$10,2))),"",IF($AC80="","",ROUND(($AC80/$AC$10)*$AD$10,2))) -> 70.23 | AE80: =IF($AD80="","",ROUND($AD80*$AE$10,2)) -> 35.12 | AF80: 26 | AG80: =IF(ISERROR(IF($AF80="","",ROUND(($AF80/$AF$10)*$AG$10,2))),"",IF($AF80="","",ROUND(($AF80/$AF$10)*$AG$10,2))) -> 65 | AH80: =IF($AG80="","",ROUND($AG80*$AH$10,2)) -> 13 | AI80: =IF(ISERROR(IF($AF80="","",ROUND(SUM($R80,$AE80,$AH80),2))),"",IF($AF80="","",ROUND(SUM($R80,$AE80,$AH80),2))) -> 71.07 | AJ80: =IF(ISERROR(IF($AF80="","",VLOOKUP(AI80,TRANSMUTATION_TABLE,4,TRUE))),"",IF($AF80="","",VLOOKUP(AI80,TRANSMUTATION_TABLE,4,TRUE))) -> 81 | AK80: 81 | AM80: 28 | AN80: 24 | AO80: =(AM80+AN80)/2 -> 26
A81: 19 | B81: ='INPUT DATA'!B81 -> PEREZ, MERCY JEAN T. | G81: 6 | L81: 5 | M81: 9 | N81: 10 | O81: 10 | P81: =IF(COUNT($F81:$O81)=0,"",SUM($F81:$O81)) -> 40 | Q81: =IF(ISERROR(IF($P81="","",ROUND(($P81/$P$10)*$Q$10,2))),"",IF($P81="","",ROUND(($P81/$P$10)*$Q$10,2))) -> 18.43 | R81: =IF($Q81="","",ROUND($Q81*$R$10,2)) -> 5.53 | V81: 75 | W81: 93 | X81: 48 | AA81: 92 | AB81: 50 | AC81: =IF(COUNT($S81:$AB81)=0,"",SUM($S81:$AB81)) -> 358 | AD81: =IF(ISERROR(IF($AC81="","",ROUND(($AC81/$AC$10)*$AD$10,2))),"",IF($AC81="","",ROUND(($AC81/$AC$10)*$AD$10,2))) -> 41.15 | AE81: =IF($AD81="","",ROUND($AD81*$AE$10,2)) -> 20.58 | AF81: 20 | AG81: =IF(ISERROR(IF($AF81="","",ROUND(($AF81/$AF$10)*$AG$10,2))),"",IF($AF81="","",ROUND(($AF81/$AF$10)*$AG$10,2))) -> 50 | AH81: =IF($AG81="","",ROUND($AG81*$AH$10,2)) -> 10 | AI81: =IF(ISERROR(IF($AF81="","",ROUND(SUM($R81,$AE81,$AH81),2))),"",IF($AF81="","",ROUND(SUM($R81,$AE81,$AH81),2))) -> 36.11 | AJ81: =IF(ISERROR(IF($AF81="","",VLOOKUP(AI81,TRANSMUTATION_TABLE,4,TRUE))),"",IF($AF81="","",VLOOKUP(AI81,TRANSMUTATION_TABLE,4,TRUE))) -> 69 | AK81: 74 | AM81: 19 | AN81: 20 | AO81: =(AM81+AN81)/2 -> 19.5
A82: 20 | B82: ='INPUT DATA'!B82 -> PINGOT, RHEA L. | H82: 25 | L82: 5 | M82: 6 | O82: 10 | P82: =IF(COUNT($F82:$O82)=0,"",SUM($F82:$O82)) -> 46 | Q82: =IF(ISERROR(IF($P82="","",ROUND(($P82/$P$10)*$Q$10,2))),"",IF($P82="","",ROUND(($P82/$P$10)*$Q$10,2))) -> 21.2 | R82: =IF($Q82="","",ROUND($Q82*$R$10,2)) -> 6.36 | T82: 6 | U82: 90 | V82: 50 | X82: 50 | AA82: 92 | AB82: 50 | AC82: =IF(COUNT($S82:$AB82)=0,"",SUM($S82:$AB82)) -> 338 | AD82: =IF(ISERROR(IF($AC82="","",ROUND(($AC82/$AC$10)*$AD$10,2))),"",IF($AC82="","",ROUND(($AC82/$AC$10)*$AD$10,2))) -> 38.85 | AE82: =IF($AD82="","",ROUND($AD82*$AE$10,2)) -> 19.43 | AF82: 15 | AG82: =IF(ISERROR(IF($AF82="","",ROUND(($AF82/$AF$10)*$AG$10,2))),"",IF($AF82="","",ROUND(($AF82/$AF$10)*$AG$10,2))) -> 37.5 | AH82: =IF($AG82="","",ROUND($AG82*$AH$10,2)) -> 7.5 | AI82: =IF(ISERROR(IF($AF82="","",ROUND(SUM($R82,$AE82,$AH82),2))),"",IF($AF82="","",ROUND(SUM($R82,$AE82,$AH82),2))) -> 33.29 | AJ82: =IF(ISERROR(IF($AF82="","",VLOOKUP(AI82,TRANSMUTATION_TABLE,4,TRUE))),"",IF($AF82="","",VLOOKUP(AI82,TRANSMUTATION_TABLE,4,TRUE))) -> 68 | AK82: 74 | AM82: 10 | AN82: 19 | AO82: =(AM82+AN82)/2 -> 14.5
A83: 21 | B83: ='INPUT DATA'!B83 -> QUILAT, FERRA MAE | G83: 6 | H83: 15 | J83: 24 | K83: 8 | L83: 5 | M83: 2 | N83: 7 | P83: =IF(COUNT($F83:$O83)=0,"",SUM($F83:$O83)) -> 67 | Q83: =IF(ISERROR(IF($P83="","",ROUND(($P83/$P$10)*$Q$10,2))),"",IF($P83="","",ROUND(($P83/$P$10)*$Q$10,2))) -> 30.88 | R83: =IF($Q83="","",ROUND($Q83*$R$10,2)) -> 9.26 | U83: 90 | V83: 65 | W83: 95 | Y83: 100 | Z83: 80 | AA83: 92 | AB83: 50 | AC83: =IF(COUNT($S83:$AB83)=0,"",SUM($S83:$AB83)) -> 572 | AD83: =IF(ISERROR(IF($AC83="","",ROUND(($AC83/$AC$10)*$AD$10,2))),"",IF($AC83="","",ROUND(($AC83/$AC$10)*$AD$10,2))) -> 65.75 | AE83: =IF($AD83="","",ROUND($AD83*$AE$10,2)) -> 32.88 | AF83: 19 | AG83: =IF(ISERROR(IF($AF83="","",ROUND(($AF83/$AF$10)*$AG$10,2))),"",IF($AF83="","",ROUND(($AF83/$AF$10)*$AG$10,2))) -> 47.5 | AH83: =IF($AG83="","",ROUND($AG83*$AH$10,2)) -> 9.5 | AI83: =IF(ISERROR(IF($AF83="","",ROUND(SUM($R83,$AE83,$AH83),2))),"",IF($AF83="","",ROUND(SUM($R83,$AE83,$AH83),2))) -> 51.64 | AJ83: =IF(ISERROR(IF($AF83="","",VLOOKUP(AI83,TRANSMUTATION_TABLE,4,TRUE))),"",IF($AF83="","",VLOOKUP(AI83,TRANSMUTATION_TABLE,4,TRUE))) -> 72 | AK83: 75 | AM83: 17 | AN83: 20 | AO83: =(AM83+AN83)/2 -> 18.5
A84: 22 | B84: ='INPUT DATA'!B84 -> ROSALES, RYZA MAE C. | F84: 12 | G84: 6 | H84: 29 | I84: 10 | J84: 21 | K84: 10 | L84: 7 | M84: 8 | N84: 23 | O84: 70 | P84: =IF(COUNT($F84:$O84)=0,"",SUM($F84:$O84)) -> 196 | Q84: =IF(ISERROR(IF($P84="","",ROUND(($P84/$P$10)*$Q$10,2))),"",IF($P84="","",ROUND(($P84/$P$10)*$Q$10,2))) -> 90.32 | R84: =IF($Q84="","",ROUND($Q84*$R$10,2)) -> 27.1 | S84: 90 | T84: 14 | U84: 96 | W84: 98 | X84: 50 | Y84: 90 | Z84: 80 | AA84: 95 | AB84: 91 | AC84: =IF(COUNT($S84:$AB84)=0,"",SUM($S84:$AB84)) -> 704 | AD84: =IF(ISERROR(IF($AC84="","",ROUND(($AC84/$AC$10)*$AD$10,2))),"",IF($AC84="","",ROUND(($AC84/$AC$10)*$AD$10,2))) -> 80.92 | AE84: =IF($AD84="","",ROUND($AD84*$AE$10,2)) -> 40.46 | AF84: 31 | AG84: =IF(ISERROR(IF($AF84="","",ROUND(($AF84/$AF$10)*$AG$10,2))),"",IF($AF84="","",ROUND(($AF84/$AF$10)*$AG$10,2))) -> 77.5 | AH84: =IF($AG84="","",ROUND($AG84*$AH$10,2)) -> 15.5 | AI84: =IF(ISERROR(IF($AF84="","",ROUND(SUM($R84,$AE84,$AH84),2))),"",IF($AF84="","",ROUND(SUM($R84,$AE84,$AH84),2))) -> 83.06 | AJ84: =IF(ISERROR(IF($AF84="","",VLOOKUP(AI84,TRANSMUTATION_TABLE,4,TRUE))),"",IF($AF84="","",VLOOKUP(AI84,TRANSMUTATION_TABLE,4,TRUE))) -> 89 | AK84: 91 | AM84: 26 | AN84: 35 | AO84: =(AM84+AN84)/2 -> 30.5
A85: 23 | B85: ='INPUT DATA'!B85 -> 0 | P85: =IF(COUNT($F85:$O85)=0,"",SUM($F85:$O85)) | Q85: =IF(ISERROR(IF($P85="","",ROUND(($P85/$P$10)*$Q$10,2))),"",IF($P85="","",ROUND(($P85/$P$10)*$Q$10,2))) | R85: =IF($Q85="","",ROUND($Q85*$R$10,2)) | AC85: =IF(COUNT($S85:$AB85)=0,"",SUM($S85:$AB85)) | AD85: =IF(ISERROR(IF($AC85="","",ROUND(($AC85/$AC$10)*$AD$10,2))),"",IF($AC85="","",ROUND(($AC85/$AC$10)*$AD$10,2))) | AE85: =IF($AD85="","",ROUND($AD85*$AE$10,2)) | AG85: =IF(ISERROR(IF($AF85="","",ROUND(($AF85/$AF$10)*$AG$10,2))),"",IF($AF85="","",ROUND(($AF85/$AF$10)*$AG$10,2))) | AH85: =IF($AG85="","",ROUND($AG85*$AH$10,2)) | AI85: =IF(ISERROR(IF($AF85="","",ROUND(SUM($R85,$AE85,$AH85),2))),"",IF($AF85="","",ROUND(SUM($R85,$AE85,$AH85),2))) | AJ85: =IF(ISERROR(IF($AF85="","",VLOOKUP(AI85,TRANSMUTATION_TABLE,4,TRUE))),"",IF($AF85="","",VLOOKUP(AI85,TRANSMUTATION_TABLE,4,TRUE)))
A86: 24 | B86: ='INPUT DATA'!B86 -> 0 | P86: =IF(COUNT($F86:$O86)=0,"",SUM($F86:$O86)) | Q86: =IF(ISERROR(IF($P86="","",ROUND(($P86/$P$10)*$Q$10,2))),"",IF($P86="","",ROUND(($P86/$P$10)*$Q$10,2))) | R86: =IF($Q86="","",ROUND($Q86*$R$10,2)) | AC86: =IF(COUNT($S86:$AB86)=0,"",SUM($S86:$AB86)) | AD86: =IF(ISERROR(IF($AC86="","",ROUND(($AC86/$AC$10)*$AD$10,2))),"",IF($AC86="","",ROUND(($AC86/$AC$10)*$AD$10,2))) | AE86: =IF($AD86="","",ROUND($AD86*$AE$10,2)) | AG86: =IF(ISERROR(IF($AF86="","",ROUND(($AF86/$AF$10)*$AG$10,2))),"",IF($AF86="","",ROUND(($AF86/$AF$10)*$AG$10,2))) | AH86: =IF($AG86="","",ROUND($AG86*$AH$10,2)) | AI86: =IF(ISERROR(IF($AF86="","",ROUND(SUM($R86,$AE86,$AH86),2))),"",IF($AF86="","",ROUND(SUM($R86,$AE86,$AH86),2))) | AJ86: =IF(ISERROR(IF($AF86="","",VLOOKUP(AI86,TRANSMUTATION_TABLE,4,TRUE))),"",IF($AF86="","",VLOOKUP(AI86,TRANSMUTATION_TABLE,4,TRUE)))
A87: 25 | B87: ='INPUT DATA'!B101 -> 0 | P87: =IF(COUNT($F87:$O87)=0,"",SUM($F87:$O87)) | Q87: =IF(ISERROR(IF($P87="","",ROUND(($P87/$P$10)*$Q$10,2))),"",IF($P87="","",ROUND(($P87/$P$10)*$Q$10,2))) | R87: =IF($Q87="","",ROUND($Q87*$R$10,2)) | AC87: =IF(COUNT($S87:$AB87)=0,"",SUM($S87:$AB87)) | AD87: =IF(ISERROR(IF($AC87="","",ROUND(($AC87/$AC$10)*$AD$10,2))),"",IF($AC87="","",ROUND(($AC87/$AC$10)*$AD$10,2))) | AE87: =IF($AD87="","",ROUND($AD87*$AE$10,2)) | AG87: =IF(ISERROR(IF($AF87="","",ROUND(($AF87/$AF$10)*$AG$10,2))),"",IF($AF87="","",ROUND(($AF87/$AF$10)*$AG$10,2))) | AH87: =IF($AG87="","",ROUND($AG87*$AH$10,2)) | AI87: =IF(ISERROR(IF($AF87="","",ROUND(SUM($R87,$AE87,$AH87),2))),"",IF($AF87="","",ROUND(SUM($R87,$AE87,$AH87),2))) | AJ87: =IF(ISERROR(IF($AF87="","",VLOOKUP(AI87,TRANSMUTATION_TABLE,4,TRUE))),"",IF($AF87="","",VLOOKUP(AI87,TRANSMUTATION_TABLE,4,TRUE)))
A88: 26 | B88: ='INPUT DATA'!B102 -> 0 | P88: =IF(COUNT($F88:$O88)=0,"",SUM($F88:$O88)) | Q88: =IF(ISERROR(IF($P88="","",ROUND(($P88/$P$10)*$Q$10,2))),"",IF($P88="","",ROUND(($P88/$P$10)*$Q$10,2))) | R88: =IF($Q88="","",ROUND($Q88*$R$10,2)) | AC88: =IF(COUNT($S88:$AB88)=0,"",SUM($S88:$AB88)) | AD88: =IF(ISERROR(IF($AC88="","",ROUND(($AC88/$AC$10)*$AD$10,2))),"",IF($AC88="","",ROUND(($AC88/$AC$10)*$AD$10,2))) | AE88: =IF($AD88="","",ROUND($AD88*$AE$10,2)) | AG88: =IF(ISERROR(IF($AF88="","",ROUND(($AF88/$AF$10)*$AG$10,2))),"",IF($AF88="","",ROUND(($AF88/$AF$10)*$AG$10,2))) | AH88: =IF($AG88="","",ROUND($AG88*$AH$10,2)) | AI88: =IF(ISERROR(IF($AF88="","",ROUND(SUM($R88,$AE88,$AH88),2))),"",IF($AF88="","",ROUND(SUM($R88,$AE88,$AH88),2))) | AJ88: =IF(ISERROR(IF($AF88="","",VLOOKUP(AI88,TRANSMUTATION_TABLE,4,TRUE))),"",IF($AF88="","",VLOOKUP(AI88,TRANSMUTATION_TABLE,4,TRUE)))
A89: 27 | B89: ='INPUT DATA'!B103 -> 0 | P89: =IF(COUNT($F89:$O89)=0,"",SUM($F89:$O89)) | Q89: =IF(ISERROR(IF($P89="","",ROUND(($P89/$P$10)*$Q$10,2))),"",IF($P89="","",ROUND(($P89/$P$10)*$Q$10,2))) | R89: =IF($Q89="","",ROUND($Q89*$R$10,2)) | AC89: =IF(COUNT($S89:$AB89)=0,"",SUM($S89:$AB89)) | AD89: =IF(ISERROR(IF($AC89="","",ROUND(($AC89/$AC$10)*$AD$10,2))),"",IF($AC89="","",ROUND(($AC89/$AC$10)*$AD$10,2))) | AE89: =IF($AD89="","",ROUND($AD89*$AE$10,2)) | AG89: =IF(ISERROR(IF($AF89="","",ROUND(($AF89/$AF$10)*$AG$10,2))),"",IF($AF89="","",ROUND(($AF89/$AF$10)*$AG$10,2))) | AH89: =IF($AG89="","",ROUND($AG89*$AH$10,2)) | AI89: =IF(ISERROR(IF($AF89="","",ROUND(SUM($R89,$AE89,$AH89),2))),"",IF($AF89="","",ROUND(SUM($R89,$AE89,$AH89),2))) | AJ89: =IF(ISERROR(IF($AF89="","",VLOOKUP(AI89,TRANSMUTATION_TABLE,4,TRUE))),"",IF($AF89="","",VLOOKUP(AI89,TRANSMUTATION_TABLE,4,TRUE))) | AN89: 36 | AO89: TOTAL LEARNERS
A90: 28 | B90: ='INPUT DATA'!B104 -> 0 | P90: =IF(COUNT($F90:$O90)=0,"",SUM($F90:$O90)) | Q90: =IF(ISERROR(IF($P90="","",ROUND(($P90/$P$10)*$Q$10,2))),"",IF($P90="","",ROUND(($P90/$P$10)*$Q$10,2))) | R90: =IF($Q90="","",ROUND($Q90*$R$10,2)) | AC90: =IF(COUNT($S90:$AB90)=0,"",SUM($S90:$AB90)) | AD90: =IF(ISERROR(IF($AC90="","",ROUND(($AC90/$AC$10)*$AD$10,2))),"",IF($AC90="","",ROUND(($AC90/$AC$10)*$AD$10,2))) | AE90: =IF($AD90="","",ROUND($AD90*$AE$10,2)) | AG90: =IF(ISERROR(IF($AF90="","",ROUND(($AF90/$AF$10)*$AG$10,2))),"",IF($AF90="","",ROUND(($AF90/$AF$10)*$AG$10,2))) | AH90: =IF($AG90="","",ROUND($AG90*$AH$10,2)) | AI90: =IF(ISERROR(IF($AF90="","",ROUND(SUM($R90,$AE90,$AH90),2))),"",IF($AF90="","",ROUND(SUM($R90,$AE90,$AH90),2))) | AJ90: =IF(ISERROR(IF($AF90="","",VLOOKUP(AI90,TRANSMUTATION_TABLE,4,TRUE))),"",IF($AF90="","",VLOOKUP(AI90,TRANSMUTATION_TABLE,4,TRUE))) | AN90: 986 | AO90: TOTAL RAW SCORE
A91: 29 | B91: ='INPUT DATA'!B131 -> 0 | P91: =IF(COUNT($F91:$O91)=0,"",SUM($F91:$O91)) | Q91: =IF(ISERROR(IF($P91="","",ROUND(($P91/$P$10)*$Q$10,2))),"",IF($P91="","",ROUND(($P91/$P$10)*$Q$10,2))) | R91: =IF($Q91="","",ROUND($Q91*$R$10,2)) | AC91: =IF(COUNT($S91:$AB91)=0,"",SUM($S91:$AB91)) | AD91: =IF(ISERROR(IF($AC91="","",ROUND(($AC91/$AC$10)*$AD$10,2))),"",IF($AC91="","",ROUND(($AC91/$AC$10)*$AD$10,2))) | AE91: =IF($AD91="","",ROUND($AD91*$AE$10,2)) | AG91: =IF(ISERROR(IF($AF91="","",ROUND(($AF91/$AF$10)*$AG$10,2))),"",IF($AF91="","",ROUND(($AF91/$AF$10)*$AG$10,2))) | AH91: =IF($AG91="","",ROUND($AG91*$AH$10,2)) | AI91: =IF(ISERROR(IF($AF91="","",ROUND(SUM($R91,$AE91,$AH91),2))),"",IF($AF91="","",ROUND(SUM($R91,$AE91,$AH91),2))) | AJ91: =IF(ISERROR(IF($AF91="","",VLOOKUP(AI91,TRANSMUTATION_TABLE,4,TRUE))),"",IF($AF91="","",VLOOKUP(AI91,TRANSMUTATION_TABLE,4,TRUE)))
A92: 30 | B92: ='INPUT DATA'!B132 -> 0 | P92: =IF(COUNT($F92:$O92)=0,"",SUM($F92:$O92)) | Q92: =IF(ISERROR(IF($P92="","",ROUND(($P92/$P$10)*$Q$10,2))),"",IF($P92="","",ROUND(($P92/$P$10)*$Q$10,2))) | R92: =IF($Q92="","",ROUND($Q92*$R$10,2)) | AC92: =IF(COUNT($S92:$AB92)=0,"",SUM($S92:$AB92)) | AD92: =IF(ISERROR(IF($AC92="","",ROUND(($AC92/$AC$10)*$AD$10,2))),"",IF($AC92="","",ROUND(($AC92/$AC$10)*$AD$10,2))) | AE92: =IF($AD92="","",ROUND($AD92*$AE$10,2)) | AG92: =IF(ISERROR(IF($AF92="","",ROUND(($AF92/$AF$10)*$AG$10,2))),"",IF($AF92="","",ROUND(($AF92/$AF$10)*$AG$10,2))) | AH92: =IF($AG92="","",ROUND($AG92*$AH$10,2)) | AI92: =IF(ISERROR(IF($AF92="","",ROUND(SUM($R92,$AE92,$AH92),2))),"",IF($AF92="","",ROUND(SUM($R92,$AE92,$AH92),2))) | AJ92: =IF(ISERROR(IF($AF92="","",VLOOKUP(AI92,TRANSMUTATION_TABLE,4,TRUE))),"",IF($AF92="","",VLOOKUP(AI92,TRANSMUTATION_TABLE,4,TRUE)))
A93: 31 | B93: ='INPUT DATA'!B133 -> 0 | P93: =IF(COUNT($F93:$O93)=0,"",SUM($F93:$O93)) | Q93: =IF(ISERROR(IF($P93="","",ROUND(($P93/$P$10)*$Q$10,2))),"",IF($P93="","",ROUND(($P93/$P$10)*$Q$10,2))) | R93: =IF($Q93="","",ROUND($Q93*$R$10,2)) | AC93: =IF(COUNT($S93:$AB93)=0,"",SUM($S93:$AB93)) | AD93: =IF(ISERROR(IF($AC93="","",ROUND(($AC93/$AC$10)*$AD$10,2))),"",IF($AC93="","",ROUND(($AC93/$AC$10)*$AD$10,2))) | AE93: =IF($AD93="","",ROUND($AD93*$AE$10,2)) | AG93: =IF(ISERROR(IF($AF93="","",ROUND(($AF93/$AF$10)*$AG$10,2))),"",IF($AF93="","",ROUND(($AF93/$AF$10)*$AG$10,2))) | AH93: =IF($AG93="","",ROUND($AG93*$AH$10,2)) | AI93: =IF(ISERROR(IF($AF93="","",ROUND(SUM($R93,$AE93,$AH93),2))),"",IF($AF93="","",ROUND(SUM($R93,$AE93,$AH93),2))) | AJ93: =IF(ISERROR(IF($AF93="","",VLOOKUP(AI93,TRANSMUTATION_TABLE,4,TRUE))),"",IF($AF93="","",VLOOKUP(AI93,TRANSMUTATION_TABLE,4,TRUE)))
